{
    "links": [
        {
            "relation": "r_certchain",
            "source": "1155719eac3d2567d2d00602b93994d81401e8c26215c09e5cb74ef228bcd206",
            "target": "7fc8c5263f0826b13eed1639957cef03f65964464e5b666b3eb3505696bbc73e"
        },
        {
            "relation": "r_certchain",
            "source": "2a8cd6062e0ae1cbf435766d6ea0e4c269047ccc074c29a7499aa92790929d2c",
            "target": "7fc8c5263f0826b13eed1639957cef03f65964464e5b666b3eb3505696bbc73e"
        },
        {
            "relation": "r_cert",
            "source": "3-zxmss.com",
            "target": "1155719eac3d2567d2d00602b93994d81401e8c26215c09e5cb74ef228bcd206"
        },
        {
            "relation": "r_subdomain",
            "source": "3-zxmss.com",
            "target": "www.3-zxmss.com"
        },
        {
            "relation": "r_dns_a",
            "source": "3-zxmss.com",
            "target": "154.219.216.176"
        },
        {
            "relation": "r_asn",
            "source": "5.180.97.54",
            "target": "AS55933"
        },
        {
            "relation": "r_cert",
            "source": "6652258.com",
            "target": "2a8cd6062e0ae1cbf435766d6ea0e4c269047ccc074c29a7499aa92790929d2c"
        },
        {
            "relation": "r_subdomain",
            "source": "6652258.com",
            "target": "www.6652258.com"
        },
        {
            "relation": "r_dns_a",
            "source": "6652258.com",
            "target": "5.180.97.54"
        },
        {
            "relation": "r_cert",
            "source": "apruitai.com",
            "target": "2a8cd6062e0ae1cbf435766d6ea0e4c269047ccc074c29a7499aa92790929d2c"
        },
        {
            "relation": "r_subdomain",
            "source": "apruitai.com",
            "target": "www.apruitai.com"
        },
        {
            "relation": "r_dns_a",
            "source": "apruitai.com",
            "target": "5.180.97.54"
        },
        {
            "relation": "r_cert",
            "source": "bolarzonix.com",
            "target": "2a8cd6062e0ae1cbf435766d6ea0e4c269047ccc074c29a7499aa92790929d2c"
        },
        {
            "relation": "r_subdomain",
            "source": "bolarzonix.com",
            "target": "www.bolarzonix.com"
        },
        {
            "relation": "r_cert",
            "source": "cntradeca-lnsy.com",
            "target": "1155719eac3d2567d2d00602b93994d81401e8c26215c09e5cb74ef228bcd206"
        },
        {
            "relation": "r_subdomain",
            "source": "cntradeca-lnsy.com",
            "target": "www.cntradeca-lnsy.com"
        },
        {
            "relation": "r_dns_a",
            "source": "cntradeca-lnsy.com",
            "target": "5.180.97.54"
        },
        {
            "relation": "r_cert",
            "source": "cnyhsd.com",
            "target": "2a8cd6062e0ae1cbf435766d6ea0e4c269047ccc074c29a7499aa92790929d2c"
        },
        {
            "relation": "r_subdomain",
            "source": "cnyhsd.com",
            "target": "www.cnyhsd.com"
        },
        {
            "relation": "r_dns_a",
            "source": "cnyhsd.com",
            "target": "5.180.97.54"
        },
        {
            "relation": "r_cert",
            "source": "dlzhanpengcaiban.com",
            "target": "1155719eac3d2567d2d00602b93994d81401e8c26215c09e5cb74ef228bcd206"
        },
        {
            "relation": "r_subdomain",
            "source": "dlzhanpengcaiban.com",
            "target": "www.dlzhanpengcaiban.com"
        },
        {
            "relation": "r_dns_a",
            "source": "dlzhanpengcaiban.com",
            "target": "5.180.97.54"
        },
        {
            "relation": "r_cert",
            "source": "ekroten.com",
            "target": "2a8cd6062e0ae1cbf435766d6ea0e4c269047ccc074c29a7499aa92790929d2c"
        },
        {
            "relation": "r_subdomain",
            "source": "ekroten.com",
            "target": "www.ekroten.com"
        },
        {
            "relation": "r_dns_a",
            "source": "ekroten.com",
            "target": "5.180.97.54"
        },
        {
            "relation": "r_cert",
            "source": "fanbosong.com",
            "target": "2a8cd6062e0ae1cbf435766d6ea0e4c269047ccc074c29a7499aa92790929d2c"
        },
        {
            "relation": "r_subdomain",
            "source": "fanbosong.com",
            "target": "www.fanbosong.com"
        },
        {
            "relation": "r_dns_a",
            "source": "fanbosong.com",
            "target": "5.180.97.54"
        },
        {
            "relation": "r_cert",
            "source": "foshanheyi.com",
            "target": "2a8cd6062e0ae1cbf435766d6ea0e4c269047ccc074c29a7499aa92790929d2c"
        },
        {
            "relation": "r_subdomain",
            "source": "foshanheyi.com",
            "target": "www.foshanheyi.com"
        },
        {
            "relation": "r_dns_a",
            "source": "foshanheyi.com",
            "target": "5.180.97.54"
        },
        {
            "relation": "r_cert",
            "source": "fuwutea.com",
            "target": "2a8cd6062e0ae1cbf435766d6ea0e4c269047ccc074c29a7499aa92790929d2c"
        },
        {
            "relation": "r_subdomain",
            "source": "fuwutea.com",
            "target": "www.fuwutea.com"
        },
        {
            "relation": "r_cert",
            "source": "gyqhpiano.com",
            "target": "2a8cd6062e0ae1cbf435766d6ea0e4c269047ccc074c29a7499aa92790929d2c"
        },
        {
            "relation": "r_subdomain",
            "source": "gyqhpiano.com",
            "target": "www.gyqhpiano.com"
        },
        {
            "relation": "r_cert",
            "source": "gywuage.com",
            "target": "1155719eac3d2567d2d00602b93994d81401e8c26215c09e5cb74ef228bcd206"
        },
        {
            "relation": "r_subdomain",
            "source": "gywuage.com",
            "target": "www.gywuage.com"
        },
        {
            "relation": "r_dns_a",
            "source": "gywuage.com",
            "target": "172.255.124.232"
        },
        {
            "relation": "r_cert",
            "source": "haoxiezi123.com",
            "target": "2a8cd6062e0ae1cbf435766d6ea0e4c269047ccc074c29a7499aa92790929d2c"
        },
        {
            "relation": "r_subdomain",
            "source": "haoxiezi123.com",
            "target": "www.haoxiezi123.com"
        },
        {
            "relation": "r_dns_a",
            "source": "haoxiezi123.com",
            "target": "164.155.177.189"
        },
        {
            "relation": "r_dns_a",
            "source": "haoxiezi123.com",
            "target": "5.180.97.54"
        },
        {
            "relation": "r_cert",
            "source": "hongdabeef.com",
            "target": "2a8cd6062e0ae1cbf435766d6ea0e4c269047ccc074c29a7499aa92790929d2c"
        },
        {
            "relation": "r_subdomain",
            "source": "hongdabeef.com",
            "target": "www.hongdabeef.com"
        },
        {
            "relation": "r_cert",
            "source": "honglibearing.com",
            "target": "2a8cd6062e0ae1cbf435766d6ea0e4c269047ccc074c29a7499aa92790929d2c"
        },
        {
            "relation": "r_subdomain",
            "source": "honglibearing.com",
            "target": "www.honglibearing.com"
        },
        {
            "relation": "r_dns_a",
            "source": "honglibearing.com",
            "target": "5.180.97.54"
        },
        {
            "relation": "r_cert",
            "source": "hooopad.com",
            "target": "2a8cd6062e0ae1cbf435766d6ea0e4c269047ccc074c29a7499aa92790929d2c"
        },
        {
            "relation": "r_subdomain",
            "source": "hooopad.com",
            "target": "www.hooopad.com"
        },
        {
            "relation": "r_cert",
            "source": "jinyuanguolu.com",
            "target": "2a8cd6062e0ae1cbf435766d6ea0e4c269047ccc074c29a7499aa92790929d2c"
        },
        {
            "relation": "r_subdomain",
            "source": "jinyuanguolu.com",
            "target": "www.jinyuanguolu.com"
        },
        {
            "relation": "r_dns_a",
            "source": "jinyuanguolu.com",
            "target": "5.180.97.54"
        },
        {
            "relation": "r_cert",
            "source": "jsgypfb.com",
            "target": "2a8cd6062e0ae1cbf435766d6ea0e4c269047ccc074c29a7499aa92790929d2c"
        },
        {
            "relation": "r_subdomain",
            "source": "jsgypfb.com",
            "target": "www.jsgypfb.com"
        },
        {
            "relation": "r_cert",
            "source": "kuyod.com",
            "target": "2a8cd6062e0ae1cbf435766d6ea0e4c269047ccc074c29a7499aa92790929d2c"
        },
        {
            "relation": "r_subdomain",
            "source": "kuyod.com",
            "target": "www.kuyod.com"
        },
        {
            "relation": "r_cert",
            "source": "lanxin08.com",
            "target": "2a8cd6062e0ae1cbf435766d6ea0e4c269047ccc074c29a7499aa92790929d2c"
        },
        {
            "relation": "r_subdomain",
            "source": "lanxin08.com",
            "target": "www.lanxin08.com"
        },
        {
            "relation": "r_cert",
            "source": "leivein.com",
            "target": "1155719eac3d2567d2d00602b93994d81401e8c26215c09e5cb74ef228bcd206"
        },
        {
            "relation": "r_subdomain",
            "source": "leivein.com",
            "target": "www.leivein.com"
        },
        {
            "relation": "r_dns_a",
            "source": "leivein.com",
            "target": "5.180.97.54"
        },
        {
            "relation": "r_cert",
            "source": "liveinyq.com",
            "target": "2a8cd6062e0ae1cbf435766d6ea0e4c269047ccc074c29a7499aa92790929d2c"
        },
        {
            "relation": "r_subdomain",
            "source": "liveinyq.com",
            "target": "www.liveinyq.com"
        },
        {
            "relation": "r_cert",
            "source": "lpaxc.com",
            "target": "2a8cd6062e0ae1cbf435766d6ea0e4c269047ccc074c29a7499aa92790929d2c"
        },
        {
            "relation": "r_subdomain",
            "source": "lpaxc.com",
            "target": "www.lpaxc.com"
        },
        {
            "relation": "r_cert",
            "source": "lzxpc.com",
            "target": "2a8cd6062e0ae1cbf435766d6ea0e4c269047ccc074c29a7499aa92790929d2c"
        },
        {
            "relation": "r_subdomain",
            "source": "lzxpc.com",
            "target": "www.lzxpc.com"
        },
        {
            "relation": "r_cert",
            "source": "mainzszrhy.com",
            "target": "2a8cd6062e0ae1cbf435766d6ea0e4c269047ccc074c29a7499aa92790929d2c"
        },
        {
            "relation": "r_cert",
            "source": "nfcultrue.com",
            "target": "2a8cd6062e0ae1cbf435766d6ea0e4c269047ccc074c29a7499aa92790929d2c"
        },
        {
            "relation": "r_subdomain",
            "source": "nfcultrue.com",
            "target": "www.nfcultrue.com"
        },
        {
            "relation": "r_cert",
            "source": "nksgh.com",
            "target": "1155719eac3d2567d2d00602b93994d81401e8c26215c09e5cb74ef228bcd206"
        },
        {
            "relation": "r_subdomain",
            "source": "nksgh.com",
            "target": "www.nksgh.com"
        },
        {
            "relation": "r_dns_a",
            "source": "nksgh.com",
            "target": "5.180.97.54"
        },
        {
            "relation": "r_cert",
            "source": "pengkoutea.com",
            "target": "2a8cd6062e0ae1cbf435766d6ea0e4c269047ccc074c29a7499aa92790929d2c"
        },
        {
            "relation": "r_subdomain",
            "source": "pengkoutea.com",
            "target": "www.pengkoutea.com"
        },
        {
            "relation": "r_cert",
            "source": "pjsyssy.com",
            "target": "2a8cd6062e0ae1cbf435766d6ea0e4c269047ccc074c29a7499aa92790929d2c"
        },
        {
            "relation": "r_subdomain",
            "source": "pjsyssy.com",
            "target": "www.pjsyssy.com"
        },
        {
            "relation": "r_cert",
            "source": "pjxhbaby.com",
            "target": "2a8cd6062e0ae1cbf435766d6ea0e4c269047ccc074c29a7499aa92790929d2c"
        },
        {
            "relation": "r_subdomain",
            "source": "pjxhbaby.com",
            "target": "www.pjxhbaby.com"
        },
        {
            "relation": "r_cert",
            "source": "qdaimeier.com",
            "target": "2a8cd6062e0ae1cbf435766d6ea0e4c269047ccc074c29a7499aa92790929d2c"
        },
        {
            "relation": "r_subdomain",
            "source": "qdaimeier.com",
            "target": "www.qdaimeier.com"
        },
        {
            "relation": "r_cert",
            "source": "renaihk.com",
            "target": "2a8cd6062e0ae1cbf435766d6ea0e4c269047ccc074c29a7499aa92790929d2c"
        },
        {
            "relation": "r_subdomain",
            "source": "renaihk.com",
            "target": "www.renaihk.com"
        },
        {
            "relation": "r_cert",
            "source": "rsjcsb.com",
            "target": "2a8cd6062e0ae1cbf435766d6ea0e4c269047ccc074c29a7499aa92790929d2c"
        },
        {
            "relation": "r_subdomain",
            "source": "rsjcsb.com",
            "target": "www.rsjcsb.com"
        },
        {
            "relation": "r_cert",
            "source": "sd58tuan.com",
            "target": "2a8cd6062e0ae1cbf435766d6ea0e4c269047ccc074c29a7499aa92790929d2c"
        },
        {
            "relation": "r_subdomain",
            "source": "sd58tuan.com",
            "target": "www.sd58tuan.com"
        },
        {
            "relation": "r_cert",
            "source": "sddhjssy.com",
            "target": "2a8cd6062e0ae1cbf435766d6ea0e4c269047ccc074c29a7499aa92790929d2c"
        },
        {
            "relation": "r_subdomain",
            "source": "sddhjssy.com",
            "target": "www.sddhjssy.com"
        },
        {
            "relation": "r_cert",
            "source": "sheih-tai.com",
            "target": "2a8cd6062e0ae1cbf435766d6ea0e4c269047ccc074c29a7499aa92790929d2c"
        },
        {
            "relation": "r_subdomain",
            "source": "sheih-tai.com",
            "target": "www.sheih-tai.com"
        },
        {
            "relation": "r_cert",
            "source": "shwcff.com",
            "target": "2a8cd6062e0ae1cbf435766d6ea0e4c269047ccc074c29a7499aa92790929d2c"
        },
        {
            "relation": "r_subdomain",
            "source": "shwcff.com",
            "target": "www.shwcff.com"
        },
        {
            "relation": "r_cert",
            "source": "sqswdq.com",
            "target": "1155719eac3d2567d2d00602b93994d81401e8c26215c09e5cb74ef228bcd206"
        },
        {
            "relation": "r_subdomain",
            "source": "sqswdq.com",
            "target": "www.sqswdq.com"
        },
        {
            "relation": "r_cert",
            "source": "sxldtex.com",
            "target": "2a8cd6062e0ae1cbf435766d6ea0e4c269047ccc074c29a7499aa92790929d2c"
        },
        {
            "relation": "r_subdomain",
            "source": "sxldtex.com",
            "target": "www.sxldtex.com"
        },
        {
            "relation": "r_cert",
            "source": "szhs001.com",
            "target": "2a8cd6062e0ae1cbf435766d6ea0e4c269047ccc074c29a7499aa92790929d2c"
        },
        {
            "relation": "r_subdomain",
            "source": "szhs001.com",
            "target": "www.szhs001.com"
        },
        {
            "relation": "r_cert",
            "source": "szkuyaju.com",
            "target": "1155719eac3d2567d2d00602b93994d81401e8c26215c09e5cb74ef228bcd206"
        },
        {
            "relation": "r_subdomain",
            "source": "szkuyaju.com",
            "target": "www.szkuyaju.com"
        },
        {
            "relation": "r_cert",
            "source": "szsikin.com",
            "target": "2a8cd6062e0ae1cbf435766d6ea0e4c269047ccc074c29a7499aa92790929d2c"
        },
        {
            "relation": "r_subdomain",
            "source": "szsikin.com",
            "target": "www.szsikin.com"
        },
        {
            "relation": "r_cert",
            "source": "tchtyx.com",
            "target": "2a8cd6062e0ae1cbf435766d6ea0e4c269047ccc074c29a7499aa92790929d2c"
        },
        {
            "relation": "r_subdomain",
            "source": "tchtyx.com",
            "target": "www.tchtyx.com"
        },
        {
            "relation": "r_cert",
            "source": "whanjiahe.com",
            "target": "2a8cd6062e0ae1cbf435766d6ea0e4c269047ccc074c29a7499aa92790929d2c"
        },
        {
            "relation": "r_subdomain",
            "source": "whanjiahe.com",
            "target": "www.whanjiahe.com"
        },
        {
            "relation": "r_cert",
            "source": "whjmdq.com",
            "target": "2a8cd6062e0ae1cbf435766d6ea0e4c269047ccc074c29a7499aa92790929d2c"
        },
        {
            "relation": "r_subdomain",
            "source": "whjmdq.com",
            "target": "www.whjmdq.com"
        },
        {
            "relation": "r_cert",
            "source": "www-toutiao.com",
            "target": "1155719eac3d2567d2d00602b93994d81401e8c26215c09e5cb74ef228bcd206"
        },
        {
            "relation": "r_subdomain",
            "source": "www-toutiao.com",
            "target": "www.www-toutiao.com"
        },
        {
            "relation": "r_dns_a",
            "source": "www-toutiao.com",
            "target": "5.180.97.54"
        },
        {
            "relation": "r_cert",
            "source": "www.3-zxmss.com",
            "target": "1155719eac3d2567d2d00602b93994d81401e8c26215c09e5cb74ef228bcd206"
        },
        {
            "relation": "r_cert",
            "source": "www.6652258.com",
            "target": "2a8cd6062e0ae1cbf435766d6ea0e4c269047ccc074c29a7499aa92790929d2c"
        },
        {
            "relation": "r_dns_a",
            "source": "www.6652258.com",
            "target": "5.180.97.54"
        },
        {
            "relation": "r_cert",
            "source": "www.apruitai.com",
            "target": "2a8cd6062e0ae1cbf435766d6ea0e4c269047ccc074c29a7499aa92790929d2c"
        },
        {
            "relation": "r_cert",
            "source": "www.bolarzonix.com",
            "target": "2a8cd6062e0ae1cbf435766d6ea0e4c269047ccc074c29a7499aa92790929d2c"
        },
        {
            "relation": "r_cert",
            "source": "www.cntradeca-lnsy.com",
            "target": "1155719eac3d2567d2d00602b93994d81401e8c26215c09e5cb74ef228bcd206"
        },
        {
            "relation": "r_dns_a",
            "source": "www.cntradeca-lnsy.com",
            "target": "5.180.97.54"
        },
        {
            "relation": "r_cert",
            "source": "www.cnyhsd.com",
            "target": "2a8cd6062e0ae1cbf435766d6ea0e4c269047ccc074c29a7499aa92790929d2c"
        },
        {
            "relation": "r_cert",
            "source": "www.dlzhanpengcaiban.com",
            "target": "1155719eac3d2567d2d00602b93994d81401e8c26215c09e5cb74ef228bcd206"
        },
        {
            "relation": "r_dns_a",
            "source": "www.dlzhanpengcaiban.com",
            "target": "5.180.97.54"
        },
        {
            "relation": "r_cert",
            "source": "www.ekroten.com",
            "target": "2a8cd6062e0ae1cbf435766d6ea0e4c269047ccc074c29a7499aa92790929d2c"
        },
        {
            "relation": "r_cert",
            "source": "www.fanbosong.com",
            "target": "2a8cd6062e0ae1cbf435766d6ea0e4c269047ccc074c29a7499aa92790929d2c"
        },
        {
            "relation": "r_cert",
            "source": "www.foshanheyi.com",
            "target": "2a8cd6062e0ae1cbf435766d6ea0e4c269047ccc074c29a7499aa92790929d2c"
        },
        {
            "relation": "r_cert",
            "source": "www.fuwutea.com",
            "target": "2a8cd6062e0ae1cbf435766d6ea0e4c269047ccc074c29a7499aa92790929d2c"
        },
        {
            "relation": "r_cert",
            "source": "www.gyqhpiano.com",
            "target": "2a8cd6062e0ae1cbf435766d6ea0e4c269047ccc074c29a7499aa92790929d2c"
        },
        {
            "relation": "r_cert",
            "source": "www.gywuage.com",
            "target": "1155719eac3d2567d2d00602b93994d81401e8c26215c09e5cb74ef228bcd206"
        },
        {
            "relation": "r_cert",
            "source": "www.haoxiezi123.com",
            "target": "2a8cd6062e0ae1cbf435766d6ea0e4c269047ccc074c29a7499aa92790929d2c"
        },
        {
            "relation": "r_dns_a",
            "source": "www.haoxiezi123.com",
            "target": "5.180.97.54"
        },
        {
            "relation": "r_cert",
            "source": "www.hongdabeef.com",
            "target": "2a8cd6062e0ae1cbf435766d6ea0e4c269047ccc074c29a7499aa92790929d2c"
        },
        {
            "relation": "r_cert",
            "source": "www.honglibearing.com",
            "target": "2a8cd6062e0ae1cbf435766d6ea0e4c269047ccc074c29a7499aa92790929d2c"
        },
        {
            "relation": "r_cert",
            "source": "www.hooopad.com",
            "target": "2a8cd6062e0ae1cbf435766d6ea0e4c269047ccc074c29a7499aa92790929d2c"
        },
        {
            "relation": "r_cert",
            "source": "www.jinyuanguolu.com",
            "target": "2a8cd6062e0ae1cbf435766d6ea0e4c269047ccc074c29a7499aa92790929d2c"
        },
        {
            "relation": "r_dns_a",
            "source": "www.jinyuanguolu.com",
            "target": "5.180.97.54"
        },
        {
            "relation": "r_cert",
            "source": "www.jsgypfb.com",
            "target": "2a8cd6062e0ae1cbf435766d6ea0e4c269047ccc074c29a7499aa92790929d2c"
        },
        {
            "relation": "r_cert",
            "source": "www.kuyod.com",
            "target": "2a8cd6062e0ae1cbf435766d6ea0e4c269047ccc074c29a7499aa92790929d2c"
        },
        {
            "relation": "r_cert",
            "source": "www.lanxin08.com",
            "target": "2a8cd6062e0ae1cbf435766d6ea0e4c269047ccc074c29a7499aa92790929d2c"
        },
        {
            "relation": "r_cert",
            "source": "www.leivein.com",
            "target": "1155719eac3d2567d2d00602b93994d81401e8c26215c09e5cb74ef228bcd206"
        },
        {
            "relation": "r_dns_a",
            "source": "www.leivein.com",
            "target": "5.180.97.54"
        },
        {
            "relation": "r_cert",
            "source": "www.liveinyq.com",
            "target": "2a8cd6062e0ae1cbf435766d6ea0e4c269047ccc074c29a7499aa92790929d2c"
        },
        {
            "relation": "r_cert",
            "source": "www.lpaxc.com",
            "target": "2a8cd6062e0ae1cbf435766d6ea0e4c269047ccc074c29a7499aa92790929d2c"
        },
        {
            "relation": "r_cert",
            "source": "www.lzxpc.com",
            "target": "2a8cd6062e0ae1cbf435766d6ea0e4c269047ccc074c29a7499aa92790929d2c"
        },
        {
            "relation": "r_cert",
            "source": "www.mainzszrhy.com",
            "target": "2a8cd6062e0ae1cbf435766d6ea0e4c269047ccc074c29a7499aa92790929d2c"
        },
        {
            "relation": "r_cert",
            "source": "www.nfcultrue.com",
            "target": "2a8cd6062e0ae1cbf435766d6ea0e4c269047ccc074c29a7499aa92790929d2c"
        },
        {
            "relation": "r_cert",
            "source": "www.nksgh.com",
            "target": "1155719eac3d2567d2d00602b93994d81401e8c26215c09e5cb74ef228bcd206"
        },
        {
            "relation": "r_dns_a",
            "source": "www.nksgh.com",
            "target": "5.180.97.54"
        },
        {
            "relation": "r_cert",
            "source": "www.pengkoutea.com",
            "target": "2a8cd6062e0ae1cbf435766d6ea0e4c269047ccc074c29a7499aa92790929d2c"
        },
        {
            "relation": "r_cert",
            "source": "www.pjsyssy.com",
            "target": "2a8cd6062e0ae1cbf435766d6ea0e4c269047ccc074c29a7499aa92790929d2c"
        },
        {
            "relation": "r_cert",
            "source": "www.pjxhbaby.com",
            "target": "2a8cd6062e0ae1cbf435766d6ea0e4c269047ccc074c29a7499aa92790929d2c"
        },
        {
            "relation": "r_cert",
            "source": "www.qdaimeier.com",
            "target": "2a8cd6062e0ae1cbf435766d6ea0e4c269047ccc074c29a7499aa92790929d2c"
        },
        {
            "relation": "r_cert",
            "source": "www.renaihk.com",
            "target": "2a8cd6062e0ae1cbf435766d6ea0e4c269047ccc074c29a7499aa92790929d2c"
        },
        {
            "relation": "r_cert",
            "source": "www.rsjcsb.com",
            "target": "2a8cd6062e0ae1cbf435766d6ea0e4c269047ccc074c29a7499aa92790929d2c"
        },
        {
            "relation": "r_cert",
            "source": "www.sd58tuan.com",
            "target": "2a8cd6062e0ae1cbf435766d6ea0e4c269047ccc074c29a7499aa92790929d2c"
        },
        {
            "relation": "r_cert",
            "source": "www.sddhjssy.com",
            "target": "2a8cd6062e0ae1cbf435766d6ea0e4c269047ccc074c29a7499aa92790929d2c"
        },
        {
            "relation": "r_cert",
            "source": "www.sheih-tai.com",
            "target": "2a8cd6062e0ae1cbf435766d6ea0e4c269047ccc074c29a7499aa92790929d2c"
        },
        {
            "relation": "r_cert",
            "source": "www.shwcff.com",
            "target": "2a8cd6062e0ae1cbf435766d6ea0e4c269047ccc074c29a7499aa92790929d2c"
        },
        {
            "relation": "r_cert",
            "source": "www.sxldtex.com",
            "target": "2a8cd6062e0ae1cbf435766d6ea0e4c269047ccc074c29a7499aa92790929d2c"
        },
        {
            "relation": "r_cert",
            "source": "www.szhs001.com",
            "target": "2a8cd6062e0ae1cbf435766d6ea0e4c269047ccc074c29a7499aa92790929d2c"
        },
        {
            "relation": "r_cert",
            "source": "www.szkuyaju.com",
            "target": "1155719eac3d2567d2d00602b93994d81401e8c26215c09e5cb74ef228bcd206"
        },
        {
            "relation": "r_cert",
            "source": "www.szsikin.com",
            "target": "2a8cd6062e0ae1cbf435766d6ea0e4c269047ccc074c29a7499aa92790929d2c"
        },
        {
            "relation": "r_cert",
            "source": "www.tchtyx.com",
            "target": "2a8cd6062e0ae1cbf435766d6ea0e4c269047ccc074c29a7499aa92790929d2c"
        },
        {
            "relation": "r_cert",
            "source": "www.whanjiahe.com",
            "target": "2a8cd6062e0ae1cbf435766d6ea0e4c269047ccc074c29a7499aa92790929d2c"
        },
        {
            "relation": "r_cert",
            "source": "www.www-toutiao.com",
            "target": "1155719eac3d2567d2d00602b93994d81401e8c26215c09e5cb74ef228bcd206"
        },
        {
            "relation": "r_dns_a",
            "source": "www.www-toutiao.com",
            "target": "5.180.97.54"
        },
        {
            "relation": "r_cert",
            "source": "www.xlsddgg.com",
            "target": "2a8cd6062e0ae1cbf435766d6ea0e4c269047ccc074c29a7499aa92790929d2c"
        },
        {
            "relation": "r_cert",
            "source": "www.xweipuxin.com",
            "target": "2a8cd6062e0ae1cbf435766d6ea0e4c269047ccc074c29a7499aa92790929d2c"
        },
        {
            "relation": "r_cert",
            "source": "www.yonggangjiaju.com",
            "target": "2a8cd6062e0ae1cbf435766d6ea0e4c269047ccc074c29a7499aa92790929d2c"
        },
        {
            "relation": "r_cert",
            "source": "www.yyjml.com",
            "target": "2a8cd6062e0ae1cbf435766d6ea0e4c269047ccc074c29a7499aa92790929d2c"
        },
        {
            "relation": "r_cert",
            "source": "www.yzshdsg.com",
            "target": "2a8cd6062e0ae1cbf435766d6ea0e4c269047ccc074c29a7499aa92790929d2c"
        },
        {
            "relation": "r_cert",
            "source": "www.zbapples.com",
            "target": "2a8cd6062e0ae1cbf435766d6ea0e4c269047ccc074c29a7499aa92790929d2c"
        },
        {
            "relation": "r_cert",
            "source": "xlsddgg.com",
            "target": "2a8cd6062e0ae1cbf435766d6ea0e4c269047ccc074c29a7499aa92790929d2c"
        },
        {
            "relation": "r_subdomain",
            "source": "xlsddgg.com",
            "target": "www.xlsddgg.com"
        },
        {
            "relation": "r_subdomain",
            "source": "xweipuxin.com",
            "target": "www.xweipuxin.com"
        },
        {
            "relation": "r_cert",
            "source": "yonggangjiaju.com",
            "target": "2a8cd6062e0ae1cbf435766d6ea0e4c269047ccc074c29a7499aa92790929d2c"
        },
        {
            "relation": "r_subdomain",
            "source": "yonggangjiaju.com",
            "target": "www.yonggangjiaju.com"
        },
        {
            "relation": "r_cert",
            "source": "yyjml.com",
            "target": "2a8cd6062e0ae1cbf435766d6ea0e4c269047ccc074c29a7499aa92790929d2c"
        },
        {
            "relation": "r_subdomain",
            "source": "yyjml.com",
            "target": "www.yyjml.com"
        },
        {
            "relation": "r_cert",
            "source": "yzshdsg.com",
            "target": "2a8cd6062e0ae1cbf435766d6ea0e4c269047ccc074c29a7499aa92790929d2c"
        },
        {
            "relation": "r_subdomain",
            "source": "yzshdsg.com",
            "target": "www.yzshdsg.com"
        },
        {
            "relation": "r_cert",
            "source": "zbapples.com",
            "target": "2a8cd6062e0ae1cbf435766d6ea0e4c269047ccc074c29a7499aa92790929d2c"
        },
        {
            "relation": "r_subdomain",
            "source": "zbapples.com",
            "target": "www.zbapples.com"
        }
    ],
    "nodes": [
        {
            "name": "1155719eac3d2567d2d00602b93994d81401e8c26215c09e5cb74ef228bcd206",
            "type": "Cert_SHA256"
        },
        {
            "name": "154.219.216.176",
            "type": "IP"
        },
        {
            "name": "164.155.177.189",
            "type": "IP"
        },
        {
            "name": "172.255.124.232",
            "type": "IP"
        },
        {
            "name": "2a8cd6062e0ae1cbf435766d6ea0e4c269047ccc074c29a7499aa92790929d2c",
            "type": "Cert_SHA256"
        },
        {
            "name": "3-zxmss.com",
            "type": "Domain"
        },
        {
            "name": "5.180.97.54",
            "type": "IP"
        },
        {
            "name": "6652258.com",
            "type": "Domain"
        },
        {
            "name": "7fc8c5263f0826b13eed1639957cef03f65964464e5b666b3eb3505696bbc73e",
            "type": "Cert_SHA256"
        },
        {
            "name": "apruitai.com",
            "type": "Domain"
        },
        {
            "name": "bolarzonix.com",
            "type": "Domain"
        },
        {
            "name": "cntradeca-lnsy.com",
            "type": "Domain"
        },
        {
            "name": "cnyhsd.com",
            "type": "Domain"
        },
        {
            "name": "dlzhanpengcaiban.com",
            "type": "Domain"
        },
        {
            "name": "ekroten.com",
            "type": "Domain"
        },
        {
            "name": "fanbosong.com",
            "type": "Domain"
        },
        {
            "name": "foshanheyi.com",
            "type": "Domain"
        },
        {
            "name": "fuwutea.com",
            "type": "Domain"
        },
        {
            "name": "gyqhpiano.com",
            "type": "Domain"
        },
        {
            "name": "gywuage.com",
            "type": "Domain"
        },
        {
            "name": "haoxiezi123.com",
            "type": "Domain"
        },
        {
            "name": "hongdabeef.com",
            "type": "Domain"
        },
        {
            "name": "honglibearing.com",
            "type": "Domain"
        },
        {
            "name": "hooopad.com",
            "type": "Domain"
        },
        {
            "name": "jinyuanguolu.com",
            "type": "Domain"
        },
        {
            "name": "jsgypfb.com",
            "type": "Domain"
        },
        {
            "name": "kuyod.com",
            "type": "Domain"
        },
        {
            "name": "lanxin08.com",
            "type": "Domain"
        },
        {
            "name": "leivein.com",
            "type": "Domain"
        },
        {
            "name": "liveinyq.com",
            "type": "Domain"
        },
        {
            "name": "lpaxc.com",
            "type": "Domain"
        },
        {
            "name": "lzxpc.com",
            "type": "Domain"
        },
        {
            "name": "mainzszrhy.com",
            "type": "Domain"
        },
        {
            "name": "nfcultrue.com",
            "type": "Domain"
        },
        {
            "name": "nksgh.com",
            "type": "Domain"
        },
        {
            "name": "pengkoutea.com",
            "type": "Domain"
        },
        {
            "name": "pjsyssy.com",
            "type": "Domain"
        },
        {
            "name": "pjxhbaby.com",
            "type": "Domain"
        },
        {
            "name": "qdaimeier.com",
            "type": "Domain"
        },
        {
            "name": "renaihk.com",
            "type": "Domain"
        },
        {
            "name": "rsjcsb.com",
            "type": "Domain"
        },
        {
            "name": "sd58tuan.com",
            "type": "Domain"
        },
        {
            "name": "sddhjssy.com",
            "type": "Domain"
        },
        {
            "name": "sheih-tai.com",
            "type": "Domain"
        },
        {
            "name": "shwcff.com",
            "type": "Domain"
        },
        {
            "name": "sqswdq.com",
            "type": "Domain"
        },
        {
            "name": "sxldtex.com",
            "type": "Domain"
        },
        {
            "name": "szhs001.com",
            "type": "Domain"
        },
        {
            "name": "szkuyaju.com",
            "type": "Domain"
        },
        {
            "name": "szsikin.com",
            "type": "Domain"
        },
        {
            "name": "tchtyx.com",
            "type": "Domain"
        },
        {
            "name": "whanjiahe.com",
            "type": "Domain"
        },
        {
            "name": "whjmdq.com",
            "type": "Domain"
        },
        {
            "name": "www-toutiao.com",
            "type": "Domain"
        },
        {
            "name": "www.3-zxmss.com",
            "type": "Domain"
        },
        {
            "name": "www.6652258.com",
            "type": "Domain"
        },
        {
            "name": "www.apruitai.com",
            "type": "Domain"
        },
        {
            "name": "www.bolarzonix.com",
            "type": "Domain"
        },
        {
            "name": "www.cntradeca-lnsy.com",
            "type": "Domain"
        },
        {
            "name": "www.cnyhsd.com",
            "type": "Domain"
        },
        {
            "name": "www.dlzhanpengcaiban.com",
            "type": "Domain"
        },
        {
            "name": "www.ekroten.com",
            "type": "Domain"
        },
        {
            "name": "www.fanbosong.com",
            "type": "Domain"
        },
        {
            "name": "www.foshanheyi.com",
            "type": "Domain"
        },
        {
            "name": "www.fuwutea.com",
            "type": "Domain"
        },
        {
            "name": "www.gyqhpiano.com",
            "type": "Domain"
        },
        {
            "name": "www.gywuage.com",
            "type": "Domain"
        },
        {
            "name": "www.haoxiezi123.com",
            "type": "Domain"
        },
        {
            "name": "www.hongdabeef.com",
            "type": "Domain"
        },
        {
            "name": "www.honglibearing.com",
            "type": "Domain"
        },
        {
            "name": "www.hooopad.com",
            "type": "Domain"
        },
        {
            "name": "www.jinyuanguolu.com",
            "type": "Domain"
        },
        {
            "name": "www.jsgypfb.com",
            "type": "Domain"
        },
        {
            "name": "www.kuyod.com",
            "type": "Domain"
        },
        {
            "name": "www.lanxin08.com",
            "type": "Domain"
        },
        {
            "name": "www.leivein.com",
            "type": "Domain"
        },
        {
            "name": "www.liveinyq.com",
            "type": "Domain"
        },
        {
            "name": "www.lpaxc.com",
            "type": "Domain"
        },
        {
            "name": "www.lzxpc.com",
            "type": "Domain"
        },
        {
            "name": "www.mainzszrhy.com",
            "type": "Domain"
        },
        {
            "name": "www.nfcultrue.com",
            "type": "Domain"
        },
        {
            "name": "www.nksgh.com",
            "type": "Domain"
        },
        {
            "name": "www.pengkoutea.com",
            "type": "Domain"
        },
        {
            "name": "www.pjsyssy.com",
            "type": "Domain"
        },
        {
            "name": "www.pjxhbaby.com",
            "type": "Domain"
        },
        {
            "name": "www.qdaimeier.com",
            "type": "Domain"
        },
        {
            "name": "www.renaihk.com",
            "type": "Domain"
        },
        {
            "name": "www.rsjcsb.com",
            "type": "Domain"
        },
        {
            "name": "www.sd58tuan.com",
            "type": "Domain"
        },
        {
            "name": "www.sddhjssy.com",
            "type": "Domain"
        },
        {
            "name": "www.sheih-tai.com",
            "type": "Domain"
        },
        {
            "name": "www.shwcff.com",
            "type": "Domain"
        },
        {
            "name": "www.sqswdq.com",
            "type": "Domain"
        },
        {
            "name": "www.sxldtex.com",
            "type": "Domain"
        },
        {
            "name": "www.szhs001.com",
            "type": "Domain"
        },
        {
            "name": "www.szkuyaju.com",
            "type": "Domain"
        },
        {
            "name": "www.szsikin.com",
            "type": "Domain"
        },
        {
            "name": "www.tchtyx.com",
            "type": "Domain"
        },
        {
            "name": "www.whanjiahe.com",
            "type": "Domain"
        },
        {
            "name": "www.whjmdq.com",
            "type": "Domain"
        },
        {
            "name": "www.www-toutiao.com",
            "type": "Domain"
        },
        {
            "name": "www.xlsddgg.com",
            "type": "Domain"
        },
        {
            "name": "www.xweipuxin.com",
            "type": "Domain"
        },
        {
            "name": "www.yonggangjiaju.com",
            "type": "Domain"
        },
        {
            "name": "www.yyjml.com",
            "type": "Domain"
        },
        {
            "name": "www.yzshdsg.com",
            "type": "Domain"
        },
        {
            "name": "www.zbapples.com",
            "type": "Domain"
        },
        {
            "name": "xlsddgg.com",
            "type": "Domain"
        },
        {
            "name": "xweipuxin.com",
            "type": "Domain"
        },
        {
            "name": "yonggangjiaju.com",
            "type": "Domain"
        },
        {
            "name": "yyjml.com",
            "type": "Domain"
        },
        {
            "name": "yzshdsg.com",
            "type": "Domain"
        },
        {
            "name": "zbapples.com",
            "type": "Domain"
        },
        {
            "name": "AS55933",
            "type": "ASN"
        }
    ]
}