{
    "links": [
        {
            "relation": "r_whois_name",
            "source": "003684.com",
            "target": "liguangxi"
        },
        {
            "relation": "r_whois_phone",
            "source": "003684.com",
            "target": "+86.8702546853"
        },
        {
            "relation": "r_whois_email",
            "source": "003684.com",
            "target": "sbiqqdm@163.com"
        },
        {
            "relation": "r_cert",
            "source": "003684.com",
            "target": "16049fad081880cd0ccecb819bb04de703046b2b690cc9810eeb761d44da9150"
        },
        {
            "relation": "r_subdomain",
            "source": "003684.com",
            "target": "www.003684.com"
        },
        {
            "relation": "r_dns_a",
            "source": "003684.com",
            "target": "156.245.162.37"
        },
        {
            "relation": "r_whois_name",
            "source": "021404.com",
            "target": "liguangxi"
        },
        {
            "relation": "r_whois_phone",
            "source": "021404.com",
            "target": "+86.8702546853"
        },
        {
            "relation": "r_whois_email",
            "source": "021404.com",
            "target": "sbiqqdm@163.com"
        },
        {
            "relation": "r_cert",
            "source": "021404.com",
            "target": "218017aafb2e999dff8089547c952d4b96fa626ee0e700282af1f08a6ae0ad02"
        },
        {
            "relation": "r_subdomain",
            "source": "021404.com",
            "target": "www.021404.com"
        },
        {
            "relation": "r_dns_a",
            "source": "021404.com",
            "target": "156.245.150.82"
        },
        {
            "relation": "r_whois_name",
            "source": "022918.com",
            "target": "liguangxi"
        },
        {
            "relation": "r_whois_phone",
            "source": "022918.com",
            "target": "+86.8702546853"
        },
        {
            "relation": "r_whois_email",
            "source": "022918.com",
            "target": "sbiqqdm@163.com"
        },
        {
            "relation": "r_cert",
            "source": "022918.com",
            "target": "16049fad081880cd0ccecb819bb04de703046b2b690cc9810eeb761d44da9150"
        },
        {
            "relation": "r_subdomain",
            "source": "022918.com",
            "target": "www.022918.com"
        },
        {
            "relation": "r_dns_a",
            "source": "022918.com",
            "target": "156.245.162.38"
        },
        {
            "relation": "r_asn",
            "source": "156.245.162.37",
            "target": "AS134548"
        },
        {
            "relation": "r_cidr",
            "source": "156.245.162.37",
            "target": "156.245.162.0/24"
        },
        {
            "relation": "r_whois_name",
            "source": "332737.com",
            "target": "Domain Admin"
        },
        {
            "relation": "r_whois_phone",
            "source": "332737.com",
            "target": "+1.8022274003"
        },
        {
            "relation": "r_whois_email",
            "source": "332737.com",
            "target": "contact@privacyprotect.org"
        },
        {
            "relation": "r_cert",
            "source": "332737.com",
            "target": "218017aafb2e999dff8089547c952d4b96fa626ee0e700282af1f08a6ae0ad02"
        },
        {
            "relation": "r_dns_a",
            "source": "332737.com",
            "target": "156.245.162.37"
        },
        {
            "relation": "r_whois_name",
            "source": "71ceo.com",
            "target": "Domain Admin"
        },
        {
            "relation": "r_whois_phone",
            "source": "71ceo.com",
            "target": "+1.8022274003"
        },
        {
            "relation": "r_whois_email",
            "source": "71ceo.com",
            "target": "contact@privacyprotect.org"
        },
        {
            "relation": "r_dns_cname",
            "source": "71ceo.com",
            "target": "prod-sav-park-lb01-1919960993.us-east-2.elb.amazonaws.com"
        },
        {
            "relation": "r_subdomain",
            "source": "71ceo.com",
            "target": "www.71ceo.com"
        },
        {
            "relation": "r_dns_a",
            "source": "71ceo.com",
            "target": "3.128.208.230"
        },
        {
            "relation": "r_dns_a",
            "source": "71ceo.com",
            "target": "3.18.25.61"
        },
        {
            "relation": "r_dns_a",
            "source": "71ceo.com",
            "target": "3.18.65.24"
        },
        {
            "relation": "r_whois_name",
            "source": "actas1.com",
            "target": "Domain Admin"
        },
        {
            "relation": "r_whois_phone",
            "source": "actas1.com",
            "target": "+1.8022274003"
        },
        {
            "relation": "r_whois_email",
            "source": "actas1.com",
            "target": "contact@privacyprotect.org"
        },
        {
            "relation": "r_dns_cname",
            "source": "actas1.com",
            "target": "prod-sav-park-lb01-1919960993.us-east-2.elb.amazonaws.com"
        },
        {
            "relation": "r_subdomain",
            "source": "actas1.com",
            "target": "www.actas1.com"
        },
        {
            "relation": "r_dns_a",
            "source": "actas1.com",
            "target": "3.128.208.230"
        },
        {
            "relation": "r_dns_a",
            "source": "actas1.com",
            "target": "3.18.25.61"
        },
        {
            "relation": "r_dns_a",
            "source": "actas1.com",
            "target": "3.18.65.24"
        },
        {
            "relation": "r_subdomain",
            "source": "amazonaws.com",
            "target": "HDRedirect-LB5-1afb6e2973825a56.elb.us-east-1.amazonaws.com"
        },
        {
            "relation": "r_subdomain",
            "source": "amazonaws.com",
            "target": "a4a7f2d9ca80911e9ac1e0219cd6d0dc-1044126727.us-west-2.elb.amazonaws.com"
        },
        {
            "relation": "r_subdomain",
            "source": "amazonaws.com",
            "target": "abclive1-419880280.eu-west-1.elb.amazonaws.com"
        },
        {
            "relation": "r_subdomain",
            "source": "amazonaws.com",
            "target": "app-live-rd-147054983.us-east-1.elb.amazonaws.com"
        },
        {
            "relation": "r_subdomain",
            "source": "amazonaws.com",
            "target": "autoprint-vpc-nlb-05c4d9da6f5479f7.elb.us-east-1.amazonaws.com"
        },
        {
            "relation": "r_subdomain",
            "source": "amazonaws.com",
            "target": "dc-82321-1422022143.us-east-1.elb.amazonaws.com"
        },
        {
            "relation": "r_subdomain",
            "source": "amazonaws.com",
            "target": "dolphin-render-ce5083-1529577379-1289163597.eu-west-1.elb.amazonaws.com"
        },
        {
            "relation": "r_subdomain",
            "source": "amazonaws.com",
            "target": "gp-usea-elb-13pj8i7f0fbsh-1771787045.us-east-1.elb.amazonaws.com"
        },
        {
            "relation": "r_subdomain",
            "source": "amazonaws.com",
            "target": "hdredirect-lb5-1afb6e2973825a56.elb.us-east-1.amazonaws.com"
        },
        {
            "relation": "r_subdomain",
            "source": "amazonaws.com",
            "target": "nbparking-lb1-e8979d80a94bc16b.elb.us-east-1.amazonaws.com"
        },
        {
            "relation": "r_subdomain",
            "source": "amazonaws.com",
            "target": "prod-sav-park-lb01-1919960993.us-east-2.elb.amazonaws.com"
        },
        {
            "relation": "r_subdomain",
            "source": "amazonaws.com",
            "target": "prodlb-018-1747629020.ap-northeast-1.elb.amazonaws.com"
        },
        {
            "relation": "r_subdomain",
            "source": "amazonaws.com",
            "target": "public-www-371491062.us-east-1.elb.amazonaws.com"
        },
        {
            "relation": "r_subdomain",
            "source": "amazonaws.com",
            "target": "ssl-no-redirect-prod-9a242288f190975b.elb.us-west-2.amazonaws.com"
        },
        {
            "relation": "r_subdomain",
            "source": "amazonaws.com",
            "target": "tuxedo-loadbalancer-1870948852.us-west-2.elb.amazonaws.com"
        },
        {
            "relation": "r_subdomain",
            "source": "amazonaws.com",
            "target": "www.amazonaws.com"
        },
        {
            "relation": "r_subdomain",
            "source": "amazonaws.com",
            "target": "www.jsignorphotos.com.s3-website-us-west-2.amazonaws.com"
        },
        {
            "relation": "r_subdomain",
            "source": "amazonaws.com",
            "target": "www.quaidetranter.com.s3-website-us-east-1.amazonaws.com"
        },
        {
            "relation": "r_subdomain",
            "source": "amazonaws.com",
            "target": "www.shiloh-umc.net.s3-website-us-west-2.amazonaws.com"
        },
        {
            "relation": "r_subdomain",
            "source": "amazonaws.com",
            "target": "www.stairway2.com.s3-website-us-west-1.amazonaws.com"
        },
        {
            "relation": "r_whois_name",
            "source": "chydhome.com",
            "target": "Domain Admin"
        },
        {
            "relation": "r_whois_phone",
            "source": "chydhome.com",
            "target": "+60.389966788"
        },
        {
            "relation": "r_whois_email",
            "source": "chydhome.com",
            "target": "adm_18226371@whoisprotection.cc"
        },
        {
            "relation": "r_whois_email",
            "source": "chydhome.com",
            "target": "reg_18226371@whoisprotection.cc"
        },
        {
            "relation": "r_whois_email",
            "source": "chydhome.com",
            "target": "tec_18226371@whoisprotection.cc"
        },
        {
            "relation": "r_cert",
            "source": "chydhome.com",
            "target": "ed10fae664a7f535bc032659729d5b16a13bbfdb2cd8e499e19035ece2f80ba1"
        },
        {
            "relation": "r_subdomain",
            "source": "chydhome.com",
            "target": "www.chydhome.com"
        },
        {
            "relation": "r_dns_a",
            "source": "chydhome.com",
            "target": "64.188.5.2"
        },
        {
            "relation": "r_whois_name",
            "source": "darlingtonplumber.com",
            "target": "Domain Admin"
        },
        {
            "relation": "r_whois_phone",
            "source": "darlingtonplumber.com",
            "target": "+1.8022274003"
        },
        {
            "relation": "r_whois_email",
            "source": "darlingtonplumber.com",
            "target": "contact@privacyprotect.org"
        },
        {
            "relation": "r_cert",
            "source": "darlingtonplumber.com",
            "target": "05c1356cae9fa1b4d64ca6b4cccf7b1697b73c16c416fb753404843339b450fb"
        },
        {
            "relation": "r_subdomain",
            "source": "darlingtonplumber.com",
            "target": "www.darlingtonplumber.com"
        },
        {
            "relation": "r_dns_a",
            "source": "darlingtonplumber.com",
            "target": "52.58.78.16"
        },
        {
            "relation": "r_whois_name",
            "source": "decynja.com",
            "target": "Domain Admin"
        },
        {
            "relation": "r_whois_phone",
            "source": "decynja.com",
            "target": "+1.8022274003"
        },
        {
            "relation": "r_whois_email",
            "source": "decynja.com",
            "target": "contact@privacyprotect.org"
        },
        {
            "relation": "r_dns_cname",
            "source": "decynja.com",
            "target": "prod-sav-park-lb01-1919960993.us-east-2.elb.amazonaws.com"
        },
        {
            "relation": "r_subdomain",
            "source": "decynja.com",
            "target": "www.decynja.com"
        },
        {
            "relation": "r_dns_a",
            "source": "decynja.com",
            "target": "3.128.208.230"
        },
        {
            "relation": "r_dns_a",
            "source": "decynja.com",
            "target": "3.18.25.61"
        },
        {
            "relation": "r_dns_a",
            "source": "decynja.com",
            "target": "3.18.65.24"
        },
        {
            "relation": "r_whois_name",
            "source": "dfty168.com",
            "target": "liguangxi"
        },
        {
            "relation": "r_whois_phone",
            "source": "dfty168.com",
            "target": "+86.8702546853"
        },
        {
            "relation": "r_whois_email",
            "source": "dfty168.com",
            "target": "sbiqqdm@163.com"
        },
        {
            "relation": "r_cert",
            "source": "dfty168.com",
            "target": "6f7c88705f42da78cdd2203365dabf3e1c060bb3c7c0aa8f4bb402ac1b2e1bb0"
        },
        {
            "relation": "r_subdomain",
            "source": "dfty168.com",
            "target": "www.dfty168.com"
        },
        {
            "relation": "r_dns_a",
            "source": "dfty168.com",
            "target": "156.245.160.107"
        },
        {
            "relation": "r_whois_name",
            "source": "dfty666w.com",
            "target": "liguangxi"
        },
        {
            "relation": "r_whois_phone",
            "source": "dfty666w.com",
            "target": "+86.8702546853"
        },
        {
            "relation": "r_whois_email",
            "source": "dfty666w.com",
            "target": "sbiqqdm@163.com"
        },
        {
            "relation": "r_cert",
            "source": "dfty666w.com",
            "target": "eb34a6d2c1d97a3912e1aba326ff1908cabc51168dedebba96078931829e23e7"
        },
        {
            "relation": "r_subdomain",
            "source": "dfty666w.com",
            "target": "www.dfty666w.com"
        },
        {
            "relation": "r_dns_a",
            "source": "dfty666w.com",
            "target": "156.245.160.107"
        },
        {
            "relation": "r_whois_name",
            "source": "dingfeng2019.com",
            "target": "liguangxi"
        },
        {
            "relation": "r_whois_phone",
            "source": "dingfeng2019.com",
            "target": "+86.8702546853"
        },
        {
            "relation": "r_whois_email",
            "source": "dingfeng2019.com",
            "target": "sbiqqdm@163.com"
        },
        {
            "relation": "r_cert",
            "source": "dingfeng2019.com",
            "target": "679d150d28cac24ee4a0b88414f5805699dcb2860cd89cbb9ec20b0b9b97ee52"
        },
        {
            "relation": "r_subdomain",
            "source": "dingfeng2019.com",
            "target": "www.dingfeng2019.com"
        },
        {
            "relation": "r_dns_a",
            "source": "dingfeng2019.com",
            "target": "156.245.160.107"
        },
        {
            "relation": "r_whois_name",
            "source": "elittent.com",
            "target": "REDACTED FOR PRIVACY"
        },
        {
            "relation": "r_dns_cname",
            "source": "elittent.com",
            "target": "prod-sav-park-lb01-1919960993.us-east-2.elb.amazonaws.com"
        },
        {
            "relation": "r_subdomain",
            "source": "elittent.com",
            "target": "www.elittent.com"
        },
        {
            "relation": "r_dns_a",
            "source": "elittent.com",
            "target": "3.128.208.230"
        },
        {
            "relation": "r_dns_a",
            "source": "elittent.com",
            "target": "3.18.25.61"
        },
        {
            "relation": "r_dns_a",
            "source": "elittent.com",
            "target": "3.18.65.24"
        },
        {
            "relation": "r_whois_name",
            "source": "felixdavis.com",
            "target": "Domain Admin"
        },
        {
            "relation": "r_whois_phone",
            "source": "felixdavis.com",
            "target": "+1.8022274003"
        },
        {
            "relation": "r_whois_email",
            "source": "felixdavis.com",
            "target": "contact@privacyprotect.org"
        },
        {
            "relation": "r_dns_cname",
            "source": "felixdavis.com",
            "target": "prod-sav-park-lb01-1919960993.us-east-2.elb.amazonaws.com"
        },
        {
            "relation": "r_subdomain",
            "source": "felixdavis.com",
            "target": "www.felixdavis.com"
        },
        {
            "relation": "r_dns_a",
            "source": "felixdavis.com",
            "target": "3.128.208.230"
        },
        {
            "relation": "r_dns_a",
            "source": "felixdavis.com",
            "target": "3.18.25.61"
        },
        {
            "relation": "r_dns_a",
            "source": "felixdavis.com",
            "target": "3.18.65.24"
        },
        {
            "relation": "r_whois_name",
            "source": "garimpobrasil.com",
            "target": "Domain Admin"
        },
        {
            "relation": "r_whois_phone",
            "source": "garimpobrasil.com",
            "target": "+1.8022274003"
        },
        {
            "relation": "r_whois_email",
            "source": "garimpobrasil.com",
            "target": "contact@privacyprotect.org"
        },
        {
            "relation": "r_cert",
            "source": "garimpobrasil.com",
            "target": "b360495af3cea6457a47372de3504d26d2a2db17a39b1f86cd7d14c6c6404554"
        },
        {
            "relation": "r_subdomain",
            "source": "garimpobrasil.com",
            "target": "www.garimpobrasil.com"
        },
        {
            "relation": "r_dns_a",
            "source": "garimpobrasil.com",
            "target": "198.27.127.140"
        },
        {
            "relation": "r_whois_name",
            "source": "gusabioemprendedor.com",
            "target": "Domain Admin"
        },
        {
            "relation": "r_whois_phone",
            "source": "gusabioemprendedor.com",
            "target": "+1.8022274003"
        },
        {
            "relation": "r_whois_email",
            "source": "gusabioemprendedor.com",
            "target": "contact@privacyprotect.org"
        },
        {
            "relation": "r_cert",
            "source": "gusabioemprendedor.com",
            "target": "0c599b9b6d1538f60a4f860e180260aa1022b369fa4b4a94ea9124325c10b30a"
        },
        {
            "relation": "r_subdomain",
            "source": "gusabioemprendedor.com",
            "target": "www.gusabioemprendedor.com"
        },
        {
            "relation": "r_dns_a",
            "source": "gusabioemprendedor.com",
            "target": "162.241.61.134"
        },
        {
            "relation": "r_whois_name",
            "source": "hndzi.com",
            "target": "Domain Admin"
        },
        {
            "relation": "r_whois_phone",
            "source": "hndzi.com",
            "target": "+1.8022274003"
        },
        {
            "relation": "r_whois_email",
            "source": "hndzi.com",
            "target": "contact@privacyprotect.org"
        },
        {
            "relation": "r_dns_cname",
            "source": "hndzi.com",
            "target": "prod-sav-park-lb01-1919960993.us-east-2.elb.amazonaws.com"
        },
        {
            "relation": "r_subdomain",
            "source": "hndzi.com",
            "target": "www.hndzi.com"
        },
        {
            "relation": "r_dns_a",
            "source": "hndzi.com",
            "target": "3.128.208.230"
        },
        {
            "relation": "r_dns_a",
            "source": "hndzi.com",
            "target": "3.18.25.61"
        },
        {
            "relation": "r_dns_a",
            "source": "hndzi.com",
            "target": "3.18.65.24"
        },
        {
            "relation": "r_whois_name",
            "source": "jazzroplus.com",
            "target": "REDACTED FOR PRIVACY"
        },
        {
            "relation": "r_dns_cname",
            "source": "jazzroplus.com",
            "target": "prod-sav-park-lb01-1919960993.us-east-2.elb.amazonaws.com"
        },
        {
            "relation": "r_subdomain",
            "source": "jazzroplus.com",
            "target": "www.jazzroplus.com"
        },
        {
            "relation": "r_dns_a",
            "source": "jazzroplus.com",
            "target": "3.128.208.230"
        },
        {
            "relation": "r_dns_a",
            "source": "jazzroplus.com",
            "target": "3.18.25.61"
        },
        {
            "relation": "r_dns_a",
            "source": "jazzroplus.com",
            "target": "3.18.65.24"
        },
        {
            "relation": "r_whois_name",
            "source": "khandelwalmarry.com",
            "target": "Domain Admin"
        },
        {
            "relation": "r_whois_phone",
            "source": "khandelwalmarry.com",
            "target": "+45.36946676"
        },
        {
            "relation": "r_whois_email",
            "source": "khandelwalmarry.com",
            "target": "contact@privacyprotect.org"
        },
        {
            "relation": "r_subdomain",
            "source": "khandelwalmarry.com",
            "target": "www.khandelwalmarry.com"
        },
        {
            "relation": "r_dns_a",
            "source": "khandelwalmarry.com",
            "target": "204.93.172.29"
        },
        {
            "relation": "r_whois_name",
            "source": "lcitrade.com",
            "target": "Domain Admin"
        },
        {
            "relation": "r_whois_phone",
            "source": "lcitrade.com",
            "target": "+1.8022274003"
        },
        {
            "relation": "r_whois_email",
            "source": "lcitrade.com",
            "target": "contact@privacyprotect.org"
        },
        {
            "relation": "r_dns_cname",
            "source": "lcitrade.com",
            "target": "prod-sav-park-lb01-1919960993.us-east-2.elb.amazonaws.com"
        },
        {
            "relation": "r_subdomain",
            "source": "lcitrade.com",
            "target": "www.lcitrade.com"
        },
        {
            "relation": "r_dns_a",
            "source": "lcitrade.com",
            "target": "3.128.208.230"
        },
        {
            "relation": "r_dns_a",
            "source": "lcitrade.com",
            "target": "3.18.25.61"
        },
        {
            "relation": "r_dns_a",
            "source": "lcitrade.com",
            "target": "3.18.65.24"
        },
        {
            "relation": "r_whois_name",
            "source": "loanmirror.com",
            "target": "Domain Admin"
        },
        {
            "relation": "r_whois_phone",
            "source": "loanmirror.com",
            "target": "+1.8022274003"
        },
        {
            "relation": "r_whois_email",
            "source": "loanmirror.com",
            "target": "contact@privacyprotect.org"
        },
        {
            "relation": "r_dns_cname",
            "source": "loanmirror.com",
            "target": "prod-sav-park-lb01-1919960993.us-east-2.elb.amazonaws.com"
        },
        {
            "relation": "r_subdomain",
            "source": "loanmirror.com",
            "target": "www.loanmirror.com"
        },
        {
            "relation": "r_dns_a",
            "source": "loanmirror.com",
            "target": "3.128.208.230"
        },
        {
            "relation": "r_dns_a",
            "source": "loanmirror.com",
            "target": "3.18.25.61"
        },
        {
            "relation": "r_dns_a",
            "source": "loanmirror.com",
            "target": "3.18.65.24"
        },
        {
            "relation": "r_whois_name",
            "source": "ohssa.xyz",
            "target": "Domain Admin"
        },
        {
            "relation": "r_whois_phone",
            "source": "ohssa.xyz",
            "target": "+1.8022274003"
        },
        {
            "relation": "r_whois_email",
            "source": "ohssa.xyz",
            "target": "contact@privacyprotect.org"
        },
        {
            "relation": "r_subdomain",
            "source": "ohssa.xyz",
            "target": "www.ohssa.xyz"
        },
        {
            "relation": "r_dns_a",
            "source": "ohssa.xyz",
            "target": "92.249.44.84"
        },
        {
            "relation": "r_whois_name",
            "source": "optionescrow.com",
            "target": "REDACTED FOR PRIVACY"
        },
        {
            "relation": "r_dns_cname",
            "source": "optionescrow.com",
            "target": "prod-sav-park-lb01-1919960993.us-east-2.elb.amazonaws.com"
        },
        {
            "relation": "r_subdomain",
            "source": "optionescrow.com",
            "target": "www.optionescrow.com"
        },
        {
            "relation": "r_dns_a",
            "source": "optionescrow.com",
            "target": "3.128.208.230"
        },
        {
            "relation": "r_dns_a",
            "source": "optionescrow.com",
            "target": "3.18.25.61"
        },
        {
            "relation": "r_dns_a",
            "source": "optionescrow.com",
            "target": "3.18.65.24"
        },
        {
            "relation": "r_whois_name",
            "source": "patentdepartment.com",
            "target": "Domain Admin"
        },
        {
            "relation": "r_whois_phone",
            "source": "patentdepartment.com",
            "target": "+1.8022274003"
        },
        {
            "relation": "r_whois_email",
            "source": "patentdepartment.com",
            "target": "contact@privacyprotect.org"
        },
        {
            "relation": "r_dns_cname",
            "source": "patentdepartment.com",
            "target": "prod-sav-park-lb01-1919960993.us-east-2.elb.amazonaws.com"
        },
        {
            "relation": "r_subdomain",
            "source": "patentdepartment.com",
            "target": "www.patentdepartment.com"
        },
        {
            "relation": "r_dns_a",
            "source": "patentdepartment.com",
            "target": "3.128.208.230"
        },
        {
            "relation": "r_dns_a",
            "source": "patentdepartment.com",
            "target": "3.18.25.61"
        },
        {
            "relation": "r_dns_a",
            "source": "patentdepartment.com",
            "target": "3.18.65.24"
        },
        {
            "relation": "r_whois_name",
            "source": "quomarket.com",
            "target": "Domain Admin"
        },
        {
            "relation": "r_whois_phone",
            "source": "quomarket.com",
            "target": "+1.8022274003"
        },
        {
            "relation": "r_whois_email",
            "source": "quomarket.com",
            "target": "contact@privacyprotect.org"
        },
        {
            "relation": "r_dns_cname",
            "source": "quomarket.com",
            "target": "prod-sav-park-lb01-1919960993.us-east-2.elb.amazonaws.com"
        },
        {
            "relation": "r_subdomain",
            "source": "quomarket.com",
            "target": "www.quomarket.com"
        },
        {
            "relation": "r_dns_a",
            "source": "quomarket.com",
            "target": "3.128.208.230"
        },
        {
            "relation": "r_dns_a",
            "source": "quomarket.com",
            "target": "3.18.25.61"
        },
        {
            "relation": "r_dns_a",
            "source": "quomarket.com",
            "target": "3.18.65.24"
        },
        {
            "relation": "r_whois_name",
            "source": "siemap.com",
            "target": "Domain Admin"
        },
        {
            "relation": "r_whois_phone",
            "source": "siemap.com",
            "target": "+1.8022274003"
        },
        {
            "relation": "r_whois_email",
            "source": "siemap.com",
            "target": "contact@privacyprotect.org"
        },
        {
            "relation": "r_dns_cname",
            "source": "siemap.com",
            "target": "prod-sav-park-lb01-1919960993.us-east-2.elb.amazonaws.com"
        },
        {
            "relation": "r_subdomain",
            "source": "siemap.com",
            "target": "www.siemap.com"
        },
        {
            "relation": "r_dns_a",
            "source": "siemap.com",
            "target": "3.128.208.230"
        },
        {
            "relation": "r_dns_a",
            "source": "siemap.com",
            "target": "3.18.25.61"
        },
        {
            "relation": "r_dns_a",
            "source": "siemap.com",
            "target": "3.18.65.24"
        },
        {
            "relation": "r_whois_name",
            "source": "sndconstruction.com",
            "target": "Domain Admin"
        },
        {
            "relation": "r_whois_phone",
            "source": "sndconstruction.com",
            "target": "+1.8022274003"
        },
        {
            "relation": "r_whois_email",
            "source": "sndconstruction.com",
            "target": "contact@privacyprotect.org"
        },
        {
            "relation": "r_cert",
            "source": "sndconstruction.com",
            "target": "f40d2b70c4035ac121fac91054373d3c47ca7e309da9fb9dfa3f26e907ed7eb5"
        },
        {
            "relation": "r_subdomain",
            "source": "sndconstruction.com",
            "target": "www.sndconstruction.com"
        },
        {
            "relation": "r_dns_a",
            "source": "sndconstruction.com",
            "target": "66.235.200.37"
        },
        {
            "relation": "r_whois_name",
            "source": "unrecuerdoperfecto.com",
            "target": "Domain Admin"
        },
        {
            "relation": "r_whois_phone",
            "source": "unrecuerdoperfecto.com",
            "target": "+1.8022274003"
        },
        {
            "relation": "r_whois_email",
            "source": "unrecuerdoperfecto.com",
            "target": "contact@privacyprotect.org"
        },
        {
            "relation": "r_cert",
            "source": "unrecuerdoperfecto.com",
            "target": "e81bf0858a415fa8014b499fd43395ce9bdfea165817ea637e587c4764bf3aa6"
        },
        {
            "relation": "r_subdomain",
            "source": "unrecuerdoperfecto.com",
            "target": "www.unrecuerdoperfecto.com"
        },
        {
            "relation": "r_dns_a",
            "source": "unrecuerdoperfecto.com",
            "target": "91.134.184.238"
        },
        {
            "relation": "r_whois_name",
            "source": "www.003684.com",
            "target": "liguangxi"
        },
        {
            "relation": "r_whois_phone",
            "source": "www.003684.com",
            "target": "+86.8702546853"
        },
        {
            "relation": "r_whois_email",
            "source": "www.003684.com",
            "target": "sbiqqdm@163.com"
        },
        {
            "relation": "r_cert",
            "source": "www.003684.com",
            "target": "16049fad081880cd0ccecb819bb04de703046b2b690cc9810eeb761d44da9150"
        },
        {
            "relation": "r_request_jump",
            "source": "www.003684.com",
            "target": "003684.com"
        },
        {
            "relation": "r_dns_a",
            "source": "www.003684.com",
            "target": "156.245.162.37"
        },
        {
            "relation": "r_whois_name",
            "source": "www.021404.com",
            "target": "liguangxi"
        },
        {
            "relation": "r_whois_phone",
            "source": "www.021404.com",
            "target": "+86.8702546853"
        },
        {
            "relation": "r_whois_email",
            "source": "www.021404.com",
            "target": "sbiqqdm@163.com"
        },
        {
            "relation": "r_cert",
            "source": "www.021404.com",
            "target": "218017aafb2e999dff8089547c952d4b96fa626ee0e700282af1f08a6ae0ad02"
        },
        {
            "relation": "r_dns_a",
            "source": "www.021404.com",
            "target": "156.245.150.82"
        },
        {
            "relation": "r_whois_name",
            "source": "www.022918.com",
            "target": "liguangxi"
        },
        {
            "relation": "r_whois_phone",
            "source": "www.022918.com",
            "target": "+86.8702546853"
        },
        {
            "relation": "r_whois_email",
            "source": "www.022918.com",
            "target": "sbiqqdm@163.com"
        },
        {
            "relation": "r_cert",
            "source": "www.022918.com",
            "target": "16049fad081880cd0ccecb819bb04de703046b2b690cc9810eeb761d44da9150"
        },
        {
            "relation": "r_dns_a",
            "source": "www.022918.com",
            "target": "156.245.162.38"
        },
        {
            "relation": "r_whois_name",
            "source": "www.71ceo.com",
            "target": "Domain Admin"
        },
        {
            "relation": "r_whois_phone",
            "source": "www.71ceo.com",
            "target": "+1.8022274003"
        },
        {
            "relation": "r_whois_email",
            "source": "www.71ceo.com",
            "target": "contact@privacyprotect.org"
        },
        {
            "relation": "r_dns_cname",
            "source": "www.71ceo.com",
            "target": "prod-sav-park-lb01-1919960993.us-east-2.elb.amazonaws.com"
        },
        {
            "relation": "r_dns_a",
            "source": "www.71ceo.com",
            "target": "3.128.208.230"
        },
        {
            "relation": "r_dns_a",
            "source": "www.71ceo.com",
            "target": "3.18.25.61"
        },
        {
            "relation": "r_dns_a",
            "source": "www.71ceo.com",
            "target": "3.18.65.24"
        },
        {
            "relation": "r_dns_cname",
            "source": "www.actas1.com",
            "target": "prod-sav-park-lb01-1919960993.us-east-2.elb.amazonaws.com"
        },
        {
            "relation": "r_whois_name",
            "source": "www.chydhome.com",
            "target": "Domain Admin"
        },
        {
            "relation": "r_whois_phone",
            "source": "www.chydhome.com",
            "target": "+60.389966788"
        },
        {
            "relation": "r_whois_email",
            "source": "www.chydhome.com",
            "target": "adm_18226371@whoisprotection.cc"
        },
        {
            "relation": "r_whois_email",
            "source": "www.chydhome.com",
            "target": "reg_18226371@whoisprotection.cc"
        },
        {
            "relation": "r_whois_email",
            "source": "www.chydhome.com",
            "target": "tec_18226371@whoisprotection.cc"
        },
        {
            "relation": "r_cert",
            "source": "www.chydhome.com",
            "target": "ed10fae664a7f535bc032659729d5b16a13bbfdb2cd8e499e19035ece2f80ba1"
        },
        {
            "relation": "r_dns_cname",
            "source": "www.chydhome.com",
            "target": "chydhome.com"
        },
        {
            "relation": "r_dns_a",
            "source": "www.chydhome.com",
            "target": "64.188.5.2"
        },
        {
            "relation": "r_whois_name",
            "source": "www.darlingtonplumber.com",
            "target": "Domain Admin"
        },
        {
            "relation": "r_whois_phone",
            "source": "www.darlingtonplumber.com",
            "target": "+1.8022274003"
        },
        {
            "relation": "r_whois_email",
            "source": "www.darlingtonplumber.com",
            "target": "contact@privacyprotect.org"
        },
        {
            "relation": "r_cert",
            "source": "www.darlingtonplumber.com",
            "target": "05c1356cae9fa1b4d64ca6b4cccf7b1697b73c16c416fb753404843339b450fb"
        },
        {
            "relation": "r_request_jump",
            "source": "www.darlingtonplumber.com",
            "target": "darlingtonplumber.com"
        },
        {
            "relation": "r_dns_a",
            "source": "www.darlingtonplumber.com",
            "target": "52.58.78.16"
        },
        {
            "relation": "r_whois_name",
            "source": "www.dfty168.com",
            "target": "liguangxi"
        },
        {
            "relation": "r_whois_phone",
            "source": "www.dfty168.com",
            "target": "+86.8702546853"
        },
        {
            "relation": "r_whois_email",
            "source": "www.dfty168.com",
            "target": "sbiqqdm@163.com"
        },
        {
            "relation": "r_cert",
            "source": "www.dfty168.com",
            "target": "40460fba45ca913199a7e2afac7d9cab7a4aa135c92dfa358f6d991d79478d0b"
        },
        {
            "relation": "r_dns_a",
            "source": "www.dfty168.com",
            "target": "156.245.160.107"
        },
        {
            "relation": "r_whois_name",
            "source": "www.dfty666w.com",
            "target": "liguangxi"
        },
        {
            "relation": "r_whois_phone",
            "source": "www.dfty666w.com",
            "target": "+86.8702546853"
        },
        {
            "relation": "r_whois_email",
            "source": "www.dfty666w.com",
            "target": "sbiqqdm@163.com"
        },
        {
            "relation": "r_cert",
            "source": "www.dfty666w.com",
            "target": "d93de25dd9ed390febf8164aa0dd655459ca3de63436b41bc9d2e80693d8fe93"
        },
        {
            "relation": "r_dns_a",
            "source": "www.dfty666w.com",
            "target": "156.245.160.107"
        },
        {
            "relation": "r_whois_name",
            "source": "www.dingfeng2019.com",
            "target": "liguangxi"
        },
        {
            "relation": "r_whois_phone",
            "source": "www.dingfeng2019.com",
            "target": "+86.8702546853"
        },
        {
            "relation": "r_whois_email",
            "source": "www.dingfeng2019.com",
            "target": "sbiqqdm@163.com"
        },
        {
            "relation": "r_cert",
            "source": "www.dingfeng2019.com",
            "target": "1e1901a6b5da104f594933b72cbccd0b8a7dbc31bdf88b0f8fcd91de996eb675"
        },
        {
            "relation": "r_dns_a",
            "source": "www.dingfeng2019.com",
            "target": "156.245.160.107"
        },
        {
            "relation": "r_whois_name",
            "source": "www.elittent.com",
            "target": "REDACTED FOR PRIVACY"
        },
        {
            "relation": "r_dns_cname",
            "source": "www.elittent.com",
            "target": "prod-sav-park-lb01-1919960993.us-east-2.elb.amazonaws.com"
        },
        {
            "relation": "r_dns_a",
            "source": "www.elittent.com",
            "target": "3.128.208.230"
        },
        {
            "relation": "r_dns_a",
            "source": "www.elittent.com",
            "target": "3.18.25.61"
        },
        {
            "relation": "r_dns_a",
            "source": "www.elittent.com",
            "target": "3.18.65.24"
        },
        {
            "relation": "r_whois_name",
            "source": "www.felixdavis.com",
            "target": "Domain Admin"
        },
        {
            "relation": "r_whois_phone",
            "source": "www.felixdavis.com",
            "target": "+1.8022274003"
        },
        {
            "relation": "r_whois_email",
            "source": "www.felixdavis.com",
            "target": "contact@privacyprotect.org"
        },
        {
            "relation": "r_dns_cname",
            "source": "www.felixdavis.com",
            "target": "prod-sav-park-lb01-1919960993.us-east-2.elb.amazonaws.com"
        },
        {
            "relation": "r_dns_a",
            "source": "www.felixdavis.com",
            "target": "3.128.208.230"
        },
        {
            "relation": "r_dns_a",
            "source": "www.felixdavis.com",
            "target": "3.18.25.61"
        },
        {
            "relation": "r_dns_a",
            "source": "www.felixdavis.com",
            "target": "3.18.65.24"
        },
        {
            "relation": "r_whois_name",
            "source": "www.garimpobrasil.com",
            "target": "Domain Admin"
        },
        {
            "relation": "r_whois_phone",
            "source": "www.garimpobrasil.com",
            "target": "+1.8022274003"
        },
        {
            "relation": "r_whois_email",
            "source": "www.garimpobrasil.com",
            "target": "contact@privacyprotect.org"
        },
        {
            "relation": "r_cert",
            "source": "www.garimpobrasil.com",
            "target": "b360495af3cea6457a47372de3504d26d2a2db17a39b1f86cd7d14c6c6404554"
        },
        {
            "relation": "r_dns_cname",
            "source": "www.garimpobrasil.com",
            "target": "garimpobrasil.com"
        },
        {
            "relation": "r_dns_a",
            "source": "www.garimpobrasil.com",
            "target": "198.27.127.140"
        },
        {
            "relation": "r_whois_name",
            "source": "www.gusabioemprendedor.com",
            "target": "Domain Admin"
        },
        {
            "relation": "r_whois_phone",
            "source": "www.gusabioemprendedor.com",
            "target": "+1.8022274003"
        },
        {
            "relation": "r_whois_email",
            "source": "www.gusabioemprendedor.com",
            "target": "contact@privacyprotect.org"
        },
        {
            "relation": "r_cert",
            "source": "www.gusabioemprendedor.com",
            "target": "0c599b9b6d1538f60a4f860e180260aa1022b369fa4b4a94ea9124325c10b30a"
        },
        {
            "relation": "r_dns_cname",
            "source": "www.gusabioemprendedor.com",
            "target": "gusabioemprendedor.com"
        },
        {
            "relation": "r_dns_a",
            "source": "www.gusabioemprendedor.com",
            "target": "162.241.61.134"
        },
        {
            "relation": "r_whois_name",
            "source": "www.hndzi.com",
            "target": "Domain Admin"
        },
        {
            "relation": "r_whois_phone",
            "source": "www.hndzi.com",
            "target": "+1.8022274003"
        },
        {
            "relation": "r_whois_email",
            "source": "www.hndzi.com",
            "target": "contact@privacyprotect.org"
        },
        {
            "relation": "r_dns_cname",
            "source": "www.hndzi.com",
            "target": "prod-sav-park-lb01-1919960993.us-east-2.elb.amazonaws.com"
        },
        {
            "relation": "r_dns_a",
            "source": "www.hndzi.com",
            "target": "3.128.208.230"
        },
        {
            "relation": "r_dns_a",
            "source": "www.hndzi.com",
            "target": "3.18.25.61"
        },
        {
            "relation": "r_dns_a",
            "source": "www.hndzi.com",
            "target": "3.18.65.24"
        },
        {
            "relation": "r_whois_name",
            "source": "www.khandelwalmarry.com",
            "target": "Domain Admin"
        },
        {
            "relation": "r_whois_phone",
            "source": "www.khandelwalmarry.com",
            "target": "+45.36946676"
        },
        {
            "relation": "r_whois_email",
            "source": "www.khandelwalmarry.com",
            "target": "contact@privacyprotect.org"
        },
        {
            "relation": "r_dns_a",
            "source": "www.khandelwalmarry.com",
            "target": "204.93.172.29"
        },
        {
            "relation": "r_whois_name",
            "source": "www.lcitrade.com",
            "target": "Domain Admin"
        },
        {
            "relation": "r_whois_phone",
            "source": "www.lcitrade.com",
            "target": "+1.8022274003"
        },
        {
            "relation": "r_whois_email",
            "source": "www.lcitrade.com",
            "target": "contact@privacyprotect.org"
        },
        {
            "relation": "r_dns_cname",
            "source": "www.lcitrade.com",
            "target": "prod-sav-park-lb01-1919960993.us-east-2.elb.amazonaws.com"
        },
        {
            "relation": "r_dns_a",
            "source": "www.lcitrade.com",
            "target": "3.128.208.230"
        },
        {
            "relation": "r_dns_a",
            "source": "www.lcitrade.com",
            "target": "3.18.25.61"
        },
        {
            "relation": "r_dns_a",
            "source": "www.lcitrade.com",
            "target": "3.18.65.24"
        },
        {
            "relation": "r_whois_name",
            "source": "www.loanmirror.com",
            "target": "Domain Admin"
        },
        {
            "relation": "r_whois_phone",
            "source": "www.loanmirror.com",
            "target": "+1.8022274003"
        },
        {
            "relation": "r_whois_email",
            "source": "www.loanmirror.com",
            "target": "contact@privacyprotect.org"
        },
        {
            "relation": "r_dns_cname",
            "source": "www.loanmirror.com",
            "target": "prod-sav-park-lb01-1919960993.us-east-2.elb.amazonaws.com"
        },
        {
            "relation": "r_dns_a",
            "source": "www.loanmirror.com",
            "target": "3.128.208.230"
        },
        {
            "relation": "r_dns_a",
            "source": "www.loanmirror.com",
            "target": "3.18.25.61"
        },
        {
            "relation": "r_dns_a",
            "source": "www.loanmirror.com",
            "target": "3.18.65.24"
        },
        {
            "relation": "r_whois_name",
            "source": "www.ohssa.xyz",
            "target": "Domain Admin"
        },
        {
            "relation": "r_whois_phone",
            "source": "www.ohssa.xyz",
            "target": "+1.8022274003"
        },
        {
            "relation": "r_whois_email",
            "source": "www.ohssa.xyz",
            "target": "contact@privacyprotect.org"
        },
        {
            "relation": "r_dns_cname",
            "source": "www.ohssa.xyz",
            "target": "ohssa.xyz"
        },
        {
            "relation": "r_dns_cname",
            "source": "www.phendla.com",
            "target": "prod-sav-park-lb01-1919960993.us-east-2.elb.amazonaws.com"
        },
        {
            "relation": "r_whois_name",
            "source": "www.quomarket.com",
            "target": "Domain Admin"
        },
        {
            "relation": "r_whois_phone",
            "source": "www.quomarket.com",
            "target": "+1.8022274003"
        },
        {
            "relation": "r_whois_email",
            "source": "www.quomarket.com",
            "target": "contact@privacyprotect.org"
        },
        {
            "relation": "r_dns_cname",
            "source": "www.quomarket.com",
            "target": "prod-sav-park-lb01-1919960993.us-east-2.elb.amazonaws.com"
        },
        {
            "relation": "r_dns_a",
            "source": "www.quomarket.com",
            "target": "3.128.208.230"
        },
        {
            "relation": "r_dns_a",
            "source": "www.quomarket.com",
            "target": "3.18.25.61"
        },
        {
            "relation": "r_dns_a",
            "source": "www.quomarket.com",
            "target": "3.18.65.24"
        },
        {
            "relation": "r_whois_name",
            "source": "www.siemap.com",
            "target": "Domain Admin"
        },
        {
            "relation": "r_whois_phone",
            "source": "www.siemap.com",
            "target": "+1.8022274003"
        },
        {
            "relation": "r_whois_email",
            "source": "www.siemap.com",
            "target": "contact@privacyprotect.org"
        },
        {
            "relation": "r_dns_cname",
            "source": "www.siemap.com",
            "target": "prod-sav-park-lb01-1919960993.us-east-2.elb.amazonaws.com"
        },
        {
            "relation": "r_dns_a",
            "source": "www.siemap.com",
            "target": "3.128.208.230"
        },
        {
            "relation": "r_dns_a",
            "source": "www.siemap.com",
            "target": "3.18.25.61"
        },
        {
            "relation": "r_dns_a",
            "source": "www.siemap.com",
            "target": "3.18.65.24"
        },
        {
            "relation": "r_whois_name",
            "source": "www.sndconstruction.com",
            "target": "Domain Admin"
        },
        {
            "relation": "r_whois_phone",
            "source": "www.sndconstruction.com",
            "target": "+1.8022274003"
        },
        {
            "relation": "r_whois_email",
            "source": "www.sndconstruction.com",
            "target": "contact@privacyprotect.org"
        },
        {
            "relation": "r_cert",
            "source": "www.sndconstruction.com",
            "target": "6a366e9f980150c7186c2804dac8e53622e1348b9b4adba5804039779a3accbd"
        },
        {
            "relation": "r_dns_a",
            "source": "www.sndconstruction.com",
            "target": "66.235.200.37"
        },
        {
            "relation": "r_whois_name",
            "source": "www.unrecuerdoperfecto.com",
            "target": "Domain Admin"
        },
        {
            "relation": "r_whois_phone",
            "source": "www.unrecuerdoperfecto.com",
            "target": "+1.8022274003"
        },
        {
            "relation": "r_whois_email",
            "source": "www.unrecuerdoperfecto.com",
            "target": "contact@privacyprotect.org"
        },
        {
            "relation": "r_cert",
            "source": "www.unrecuerdoperfecto.com",
            "target": "e81bf0858a415fa8014b499fd43395ce9bdfea165817ea637e587c4764bf3aa6"
        },
        {
            "relation": "r_dns_cname",
            "source": "www.unrecuerdoperfecto.com",
            "target": "unrecuerdoperfecto.com"
        },
        {
            "relation": "r_dns_a",
            "source": "www.unrecuerdoperfecto.com",
            "target": "91.134.184.238"
        }
    ],
    "nodes": [
        {
            "name": "003684.com",
            "type": "Domain"
        },
        {
            "name": "021404.com",
            "type": "Domain"
        },
        {
            "name": "022918.com",
            "type": "Domain"
        },
        {
            "name": "05c1356cae9fa1b4d64ca6b4cccf7b1697b73c16c416fb753404843339b450fb",
            "type": "Cert_SHA256"
        },
        {
            "name": "0c599b9b6d1538f60a4f860e180260aa1022b369fa4b4a94ea9124325c10b30a",
            "type": "Cert_SHA256"
        },
        {
            "name": "156.245.150.82",
            "type": "IP"
        },
        {
            "name": "156.245.160.107",
            "type": "IP"
        },
        {
            "name": "156.245.162.37",
            "type": "IP"
        },
        {
            "name": "156.245.162.38",
            "type": "IP"
        },
        {
            "name": "16049fad081880cd0ccecb819bb04de703046b2b690cc9810eeb761d44da9150",
            "type": "Cert_SHA256"
        },
        {
            "name": "162.241.61.134",
            "type": "IP"
        },
        {
            "name": "198.27.127.140",
            "type": "IP"
        },
        {
            "name": "1e1901a6b5da104f594933b72cbccd0b8a7dbc31bdf88b0f8fcd91de996eb675",
            "type": "Cert_SHA256"
        },
        {
            "name": "204.93.172.29",
            "type": "IP"
        },
        {
            "name": "218017aafb2e999dff8089547c952d4b96fa626ee0e700282af1f08a6ae0ad02",
            "type": "Cert_SHA256"
        },
        {
            "name": "332737.com",
            "type": "Domain"
        },
        {
            "name": "3.128.208.230",
            "type": "IP"
        },
        {
            "name": "3.18.25.61",
            "type": "IP"
        },
        {
            "name": "3.18.65.24",
            "type": "IP"
        },
        {
            "name": "40460fba45ca913199a7e2afac7d9cab7a4aa135c92dfa358f6d991d79478d0b",
            "type": "Cert_SHA256"
        },
        {
            "name": "52.58.78.16",
            "type": "IP"
        },
        {
            "name": "64.188.5.2",
            "type": "IP"
        },
        {
            "name": "66.235.200.37",
            "type": "IP"
        },
        {
            "name": "679d150d28cac24ee4a0b88414f5805699dcb2860cd89cbb9ec20b0b9b97ee52",
            "type": "Cert_SHA256"
        },
        {
            "name": "6a366e9f980150c7186c2804dac8e53622e1348b9b4adba5804039779a3accbd",
            "type": "Cert_SHA256"
        },
        {
            "name": "6f7c88705f42da78cdd2203365dabf3e1c060bb3c7c0aa8f4bb402ac1b2e1bb0",
            "type": "Cert_SHA256"
        },
        {
            "name": "71ceo.com",
            "type": "Domain"
        },
        {
            "name": "91.134.184.238",
            "type": "IP"
        },
        {
            "name": "92.249.44.84",
            "type": "IP"
        },
        {
            "name": "HDRedirect-LB5-1afb6e2973825a56.elb.us-east-1.amazonaws.com",
            "type": "Domain"
        },
        {
            "name": "a4a7f2d9ca80911e9ac1e0219cd6d0dc-1044126727.us-west-2.elb.amazonaws.com",
            "type": "Domain"
        },
        {
            "name": "abclive1-419880280.eu-west-1.elb.amazonaws.com",
            "type": "Domain"
        },
        {
            "name": "actas1.com",
            "type": "Domain"
        },
        {
            "name": "amazonaws.com",
            "type": "Domain"
        },
        {
            "name": "app-live-rd-147054983.us-east-1.elb.amazonaws.com",
            "type": "Domain"
        },
        {
            "name": "autoprint-vpc-nlb-05c4d9da6f5479f7.elb.us-east-1.amazonaws.com",
            "type": "Domain"
        },
        {
            "name": "b360495af3cea6457a47372de3504d26d2a2db17a39b1f86cd7d14c6c6404554",
            "type": "Cert_SHA256"
        },
        {
            "name": "chydhome.com",
            "type": "Domain"
        },
        {
            "name": "d93de25dd9ed390febf8164aa0dd655459ca3de63436b41bc9d2e80693d8fe93",
            "type": "Cert_SHA256"
        },
        {
            "name": "darlingtonplumber.com",
            "type": "Domain"
        },
        {
            "name": "dc-82321-1422022143.us-east-1.elb.amazonaws.com",
            "type": "Domain"
        },
        {
            "name": "decynja.com",
            "type": "Domain"
        },
        {
            "name": "dfty168.com",
            "type": "Domain"
        },
        {
            "name": "dfty666w.com",
            "type": "Domain"
        },
        {
            "name": "dingfeng2019.com",
            "type": "Domain"
        },
        {
            "name": "dolphin-render-ce5083-1529577379-1289163597.eu-west-1.elb.amazonaws.com",
            "type": "Domain"
        },
        {
            "name": "e81bf0858a415fa8014b499fd43395ce9bdfea165817ea637e587c4764bf3aa6",
            "type": "Cert_SHA256"
        },
        {
            "name": "eb34a6d2c1d97a3912e1aba326ff1908cabc51168dedebba96078931829e23e7",
            "type": "Cert_SHA256"
        },
        {
            "name": "ed10fae664a7f535bc032659729d5b16a13bbfdb2cd8e499e19035ece2f80ba1",
            "type": "Cert_SHA256"
        },
        {
            "name": "elittent.com",
            "type": "Domain"
        },
        {
            "name": "f40d2b70c4035ac121fac91054373d3c47ca7e309da9fb9dfa3f26e907ed7eb5",
            "type": "Cert_SHA256"
        },
        {
            "name": "felixdavis.com",
            "type": "Domain"
        },
        {
            "name": "garimpobrasil.com",
            "type": "Domain"
        },
        {
            "name": "gp-usea-elb-13pj8i7f0fbsh-1771787045.us-east-1.elb.amazonaws.com",
            "type": "Domain"
        },
        {
            "name": "gusabioemprendedor.com",
            "type": "Domain"
        },
        {
            "name": "hdredirect-lb5-1afb6e2973825a56.elb.us-east-1.amazonaws.com",
            "type": "Domain"
        },
        {
            "name": "hndzi.com",
            "type": "Domain"
        },
        {
            "name": "jazzroplus.com",
            "type": "Domain"
        },
        {
            "name": "khandelwalmarry.com",
            "type": "Domain"
        },
        {
            "name": "lcitrade.com",
            "type": "Domain"
        },
        {
            "name": "loanmirror.com",
            "type": "Domain"
        },
        {
            "name": "nbparking-lb1-e8979d80a94bc16b.elb.us-east-1.amazonaws.com",
            "type": "Domain"
        },
        {
            "name": "ohssa.xyz",
            "type": "Domain"
        },
        {
            "name": "optionescrow.com",
            "type": "Domain"
        },
        {
            "name": "patentdepartment.com",
            "type": "Domain"
        },
        {
            "name": "prod-sav-park-lb01-1919960993.us-east-2.elb.amazonaws.com",
            "type": "Domain"
        },
        {
            "name": "prodlb-018-1747629020.ap-northeast-1.elb.amazonaws.com",
            "type": "Domain"
        },
        {
            "name": "public-www-371491062.us-east-1.elb.amazonaws.com",
            "type": "Domain"
        },
        {
            "name": "quomarket.com",
            "type": "Domain"
        },
        {
            "name": "siemap.com",
            "type": "Domain"
        },
        {
            "name": "sndconstruction.com",
            "type": "Domain"
        },
        {
            "name": "ssl-no-redirect-prod-9a242288f190975b.elb.us-west-2.amazonaws.com",
            "type": "Domain"
        },
        {
            "name": "tuxedo-loadbalancer-1870948852.us-west-2.elb.amazonaws.com",
            "type": "Domain"
        },
        {
            "name": "unrecuerdoperfecto.com",
            "type": "Domain"
        },
        {
            "name": "www.003684.com",
            "type": "Domain"
        },
        {
            "name": "www.021404.com",
            "type": "Domain"
        },
        {
            "name": "www.022918.com",
            "type": "Domain"
        },
        {
            "name": "www.71ceo.com",
            "type": "Domain"
        },
        {
            "name": "www.actas1.com",
            "type": "Domain"
        },
        {
            "name": "www.amazonaws.com",
            "type": "Domain"
        },
        {
            "name": "www.chydhome.com",
            "type": "Domain"
        },
        {
            "name": "www.darlingtonplumber.com",
            "type": "Domain"
        },
        {
            "name": "www.decynja.com",
            "type": "Domain"
        },
        {
            "name": "www.dfty168.com",
            "type": "Domain"
        },
        {
            "name": "www.dfty666w.com",
            "type": "Domain"
        },
        {
            "name": "www.dingfeng2019.com",
            "type": "Domain"
        },
        {
            "name": "www.elittent.com",
            "type": "Domain"
        },
        {
            "name": "www.felixdavis.com",
            "type": "Domain"
        },
        {
            "name": "www.garimpobrasil.com",
            "type": "Domain"
        },
        {
            "name": "www.gusabioemprendedor.com",
            "type": "Domain"
        },
        {
            "name": "www.hndzi.com",
            "type": "Domain"
        },
        {
            "name": "www.jazzroplus.com",
            "type": "Domain"
        },
        {
            "name": "www.jsignorphotos.com.s3-website-us-west-2.amazonaws.com",
            "type": "Domain"
        },
        {
            "name": "www.khandelwalmarry.com",
            "type": "Domain"
        },
        {
            "name": "www.lcitrade.com",
            "type": "Domain"
        },
        {
            "name": "www.loanmirror.com",
            "type": "Domain"
        },
        {
            "name": "www.ohssa.xyz",
            "type": "Domain"
        },
        {
            "name": "www.optionescrow.com",
            "type": "Domain"
        },
        {
            "name": "www.patentdepartment.com",
            "type": "Domain"
        },
        {
            "name": "www.phendla.com",
            "type": "Domain"
        },
        {
            "name": "www.quaidetranter.com.s3-website-us-east-1.amazonaws.com",
            "type": "Domain"
        },
        {
            "name": "www.quomarket.com",
            "type": "Domain"
        },
        {
            "name": "www.shiloh-umc.net.s3-website-us-west-2.amazonaws.com",
            "type": "Domain"
        },
        {
            "name": "www.siemap.com",
            "type": "Domain"
        },
        {
            "name": "www.sndconstruction.com",
            "type": "Domain"
        },
        {
            "name": "www.stairway2.com.s3-website-us-west-1.amazonaws.com",
            "type": "Domain"
        },
        {
            "name": "www.unrecuerdoperfecto.com",
            "type": "Domain"
        },
        {
            "name": "liguangxi",
            "type": "Whois_Name"
        },
        {
            "name": "+86.8702546853",
            "type": "Whois_Phone"
        },
        {
            "name": "sbiqqdm@163.com",
            "type": "Whois_Email"
        },
        {
            "name": "AS134548",
            "type": "ASN"
        },
        {
            "name": "156.245.162.0/24",
            "type": "IP_CIDR"
        },
        {
            "name": "Domain Admin",
            "type": "Whois_Name"
        },
        {
            "name": "+1.8022274003",
            "type": "Whois_Phone"
        },
        {
            "name": "contact@privacyprotect.org",
            "type": "Whois_Email"
        },
        {
            "name": "+60.389966788",
            "type": "Whois_Phone"
        },
        {
            "name": "adm_18226371@whoisprotection.cc",
            "type": "Whois_Email"
        },
        {
            "name": "reg_18226371@whoisprotection.cc",
            "type": "Whois_Email"
        },
        {
            "name": "tec_18226371@whoisprotection.cc",
            "type": "Whois_Email"
        },
        {
            "name": "REDACTED FOR PRIVACY",
            "type": "Whois_Name"
        },
        {
            "name": "+45.36946676",
            "type": "Whois_Phone"
        }
    ]
}