{
    "links": [
        {
            "relation": "r_subdomain",
            "source": "0-1bb.com",
            "target": "www.0-1bb.com"
        },
        {
            "relation": "r_dns_a",
            "source": "0-1bb.com",
            "target": "154.93.170.80"
        },
        {
            "relation": "r_dns_cname",
            "source": "0312ok.com",
            "target": "expired.namebright.com"
        },
        {
            "relation": "r_dns_cname",
            "source": "070926.com",
            "target": "expired.namebright.com"
        },
        {
            "relation": "r_dns_cname",
            "source": "070976.com",
            "target": "expired.namebright.com"
        },
        {
            "relation": "r_dns_cname",
            "source": "0791ic.com",
            "target": "expired.namebright.com"
        },
        {
            "relation": "r_dns_cname",
            "source": "0817zxw.com",
            "target": "expired.namebright.com"
        },
        {
            "relation": "r_dns_cname",
            "source": "0x0q.com",
            "target": "expired.namebright.com"
        },
        {
            "relation": "r_dns_cname",
            "source": "100soso.net",
            "target": "expired.namebright.com"
        },
        {
            "relation": "r_dns_cname",
            "source": "114pic.com",
            "target": "expired.namebright.com"
        },
        {
            "relation": "r_asn",
            "source": "154.209.173.244",
            "target": "AS133201"
        },
        {
            "relation": "r_cidr",
            "source": "154.209.173.244",
            "target": "154.209.173.0/24"
        },
        {
            "relation": "r_asn",
            "source": "154.210.109.14",
            "target": "AS133201"
        },
        {
            "relation": "r_cidr",
            "source": "154.210.109.14",
            "target": "154.210.109.0/24"
        },
        {
            "relation": "r_asn",
            "source": "154.84.73.13",
            "target": "AS134548"
        },
        {
            "relation": "r_cidr",
            "source": "154.84.73.13",
            "target": "154.84.73.0/24"
        },
        {
            "relation": "r_asn",
            "source": "154.91.23.240",
            "target": "AS133201"
        },
        {
            "relation": "r_cidr",
            "source": "154.91.23.240",
            "target": "154.91.23.0/24"
        },
        {
            "relation": "r_asn",
            "source": "154.92.232.163",
            "target": "AS133201"
        },
        {
            "relation": "r_cidr",
            "source": "154.92.232.163",
            "target": "154.92.232.0/24"
        },
        {
            "relation": "r_asn",
            "source": "154.92.238.46",
            "target": "AS133201"
        },
        {
            "relation": "r_cidr",
            "source": "154.92.238.46",
            "target": "154.92.238.0/24"
        },
        {
            "relation": "r_asn",
            "source": "154.92.239.75",
            "target": "AS133201"
        },
        {
            "relation": "r_cidr",
            "source": "154.92.239.75",
            "target": "154.92.239.0/24"
        },
        {
            "relation": "r_asn",
            "source": "154.92.241.158",
            "target": "AS133201"
        },
        {
            "relation": "r_cidr",
            "source": "154.92.241.158",
            "target": "154.92.241.0/24"
        },
        {
            "relation": "r_asn",
            "source": "154.93.170.80",
            "target": "AS134548"
        },
        {
            "relation": "r_cidr",
            "source": "154.93.170.80",
            "target": "154.93.170.0/24"
        },
        {
            "relation": "r_asn",
            "source": "156.238.46.110",
            "target": "AS133201"
        },
        {
            "relation": "r_cidr",
            "source": "156.238.46.110",
            "target": "156.238.46.0/24"
        },
        {
            "relation": "r_asn",
            "source": "156.238.46.111",
            "target": "AS133201"
        },
        {
            "relation": "r_cidr",
            "source": "156.238.46.111",
            "target": "156.238.46.0/24"
        },
        {
            "relation": "r_whois_name",
            "source": "174zx.com",
            "target": "jianfeng wu"
        },
        {
            "relation": "r_whois_phone",
            "source": "174zx.com",
            "target": "+86.4009972996"
        },
        {
            "relation": "r_whois_email",
            "source": "174zx.com",
            "target": "admin@juming.com"
        },
        {
            "relation": "r_cert",
            "source": "174zx.com",
            "target": "830172a93519c3b561ca1d673d6e0ddfbc04e5a389fd1aa0933d6f20167a02d7"
        },
        {
            "relation": "r_request_jump",
            "source": "174zx.com",
            "target": "www.aixiangju.com"
        },
        {
            "relation": "r_subdomain",
            "source": "174zx.com",
            "target": "www.174zx.com"
        },
        {
            "relation": "r_dns_a",
            "source": "174zx.com",
            "target": "104.164.199.49"
        },
        {
            "relation": "r_asn",
            "source": "175.29.240.25",
            "target": "AS134548"
        },
        {
            "relation": "r_cidr",
            "source": "175.29.240.25",
            "target": "175.29.240.0/24"
        },
        {
            "relation": "r_asn",
            "source": "175.29.240.57",
            "target": "AS134548"
        },
        {
            "relation": "r_cidr",
            "source": "175.29.240.57",
            "target": "175.29.240.0/24"
        },
        {
            "relation": "r_dns_cname",
            "source": "17la8.com",
            "target": "expired.namebright.com"
        },
        {
            "relation": "r_dns_cname",
            "source": "18-34.com",
            "target": "expired.namebright.com"
        },
        {
            "relation": "r_asn",
            "source": "45.197.140.152",
            "target": "AS133201"
        },
        {
            "relation": "r_cidr",
            "source": "45.197.140.152",
            "target": "45.197.140.0/24"
        },
        {
            "relation": "r_asn",
            "source": "45.197.141.168",
            "target": "AS133201"
        },
        {
            "relation": "r_cidr",
            "source": "45.197.141.168",
            "target": "45.197.141.0/24"
        },
        {
            "relation": "r_asn",
            "source": "45.197.141.176",
            "target": "AS133201"
        },
        {
            "relation": "r_cidr",
            "source": "45.197.141.176",
            "target": "45.197.141.0/24"
        },
        {
            "relation": "r_whois_name",
            "source": "86fair.net",
            "target": "jianfeng wu"
        },
        {
            "relation": "r_whois_phone",
            "source": "86fair.net",
            "target": "+86.4009972996"
        },
        {
            "relation": "r_whois_email",
            "source": "86fair.net",
            "target": "admin@juming.com"
        },
        {
            "relation": "r_cert",
            "source": "86fair.net",
            "target": "830172a93519c3b561ca1d673d6e0ddfbc04e5a389fd1aa0933d6f20167a02d7"
        },
        {
            "relation": "r_request_jump",
            "source": "86fair.net",
            "target": "www.aixiangju.com"
        },
        {
            "relation": "r_subdomain",
            "source": "86fair.net",
            "target": "www.86fair.net"
        },
        {
            "relation": "r_dns_a",
            "source": "86fair.net",
            "target": "104.164.199.48"
        },
        {
            "relation": "r_subdomain",
            "source": "acbkl.com",
            "target": "www.acbkl.com"
        },
        {
            "relation": "r_dns_a",
            "source": "acbkl.com",
            "target": "154.91.23.240"
        },
        {
            "relation": "r_cert",
            "source": "aixiangju.com",
            "target": "63ca94f82ef04817ca711d632ce4f4bec92fcd10ec573d3452d4e96345a86841"
        },
        {
            "relation": "r_dns_a",
            "source": "aixiangju.com",
            "target": "104.164.199.7"
        },
        {
            "relation": "r_whois_name",
            "source": "angelsanzo.com",
            "target": "jian mao"
        },
        {
            "relation": "r_whois_name",
            "source": "angelsanzo.com",
            "target": "jianfeng wu"
        },
        {
            "relation": "r_whois_phone",
            "source": "angelsanzo.com",
            "target": "+86.4009972996"
        },
        {
            "relation": "r_whois_phone",
            "source": "angelsanzo.com",
            "target": "+86.45465836824"
        },
        {
            "relation": "r_whois_email",
            "source": "angelsanzo.com",
            "target": "admin@juming.com"
        },
        {
            "relation": "r_whois_email",
            "source": "angelsanzo.com",
            "target": "laosiji1909@outlook.com"
        },
        {
            "relation": "r_subdomain",
            "source": "angelsanzo.com",
            "target": "www.angelsanzo.com"
        },
        {
            "relation": "r_dns_a",
            "source": "angelsanzo.com",
            "target": "45.197.140.152"
        },
        {
            "relation": "r_subdomain",
            "source": "barracuda-nice.com",
            "target": "www.barracuda-nice.com"
        },
        {
            "relation": "r_dns_a",
            "source": "barracuda-nice.com",
            "target": "154.84.73.13"
        },
        {
            "relation": "r_whois_name",
            "source": "bjmssc.com",
            "target": "jianfeng wu"
        },
        {
            "relation": "r_whois_name",
            "source": "bjmssc.com",
            "target": "min lan zhong"
        },
        {
            "relation": "r_whois_phone",
            "source": "bjmssc.com",
            "target": "+86.13111234112"
        },
        {
            "relation": "r_whois_phone",
            "source": "bjmssc.com",
            "target": "+86.4009972996"
        },
        {
            "relation": "r_whois_email",
            "source": "bjmssc.com",
            "target": "admin@juming.com"
        },
        {
            "relation": "r_whois_email",
            "source": "bjmssc.com",
            "target": "ename12345@qq.com"
        },
        {
            "relation": "r_dns_cname",
            "source": "bjmssc.com",
            "target": "expired.namebright.com"
        },
        {
            "relation": "r_subdomain",
            "source": "bjmssc.com",
            "target": "www.bjmssc.com"
        },
        {
            "relation": "r_whois_name",
            "source": "bn114.com",
            "target": "jianfeng wu"
        },
        {
            "relation": "r_whois_phone",
            "source": "bn114.com",
            "target": "+86.4009972996"
        },
        {
            "relation": "r_whois_email",
            "source": "bn114.com",
            "target": "admin@juming.com"
        },
        {
            "relation": "r_subdomain",
            "source": "bn114.com",
            "target": "www.bn114.com"
        },
        {
            "relation": "r_dns_a",
            "source": "bn114.com",
            "target": "102.164.51.175"
        },
        {
            "relation": "r_whois_name",
            "source": "bresciabelowknee.com",
            "target": "bai chen meng"
        },
        {
            "relation": "r_whois_name",
            "source": "bresciabelowknee.com",
            "target": "jianfeng wu"
        },
        {
            "relation": "r_whois_phone",
            "source": "bresciabelowknee.com",
            "target": "+86.13229941380"
        },
        {
            "relation": "r_whois_phone",
            "source": "bresciabelowknee.com",
            "target": "+86.4009972996"
        },
        {
            "relation": "r_whois_email",
            "source": "bresciabelowknee.com",
            "target": "2019888dffdfdf@gmail.com"
        },
        {
            "relation": "r_whois_email",
            "source": "bresciabelowknee.com",
            "target": "admin@juming.com"
        },
        {
            "relation": "r_subdomain",
            "source": "bresciabelowknee.com",
            "target": "www.bresciabelowknee.com"
        },
        {
            "relation": "r_dns_a",
            "source": "bresciabelowknee.com",
            "target": "23.80.64.79"
        },
        {
            "relation": "r_whois_name",
            "source": "bunmoo.com",
            "target": "jianfeng wu"
        },
        {
            "relation": "r_whois_name",
            "source": "bunmoo.com",
            "target": "yan ma"
        },
        {
            "relation": "r_whois_phone",
            "source": "bunmoo.com",
            "target": "+86.13150794219"
        },
        {
            "relation": "r_whois_phone",
            "source": "bunmoo.com",
            "target": "+86.4009972996"
        },
        {
            "relation": "r_whois_email",
            "source": "bunmoo.com",
            "target": "admin@juming.com"
        },
        {
            "relation": "r_whois_email",
            "source": "bunmoo.com",
            "target": "gd222www@gmail.com"
        },
        {
            "relation": "r_subdomain",
            "source": "bunmoo.com",
            "target": "www.bunmoo.com"
        },
        {
            "relation": "r_dns_a",
            "source": "bunmoo.com",
            "target": "156.234.2.9"
        },
        {
            "relation": "r_whois_name",
            "source": "egvabogados.com",
            "target": "jian mao"
        },
        {
            "relation": "r_whois_name",
            "source": "egvabogados.com",
            "target": "jianfeng wu"
        },
        {
            "relation": "r_whois_phone",
            "source": "egvabogados.com",
            "target": "+86.4009972996"
        },
        {
            "relation": "r_whois_phone",
            "source": "egvabogados.com",
            "target": "+86.45465836824"
        },
        {
            "relation": "r_whois_email",
            "source": "egvabogados.com",
            "target": "admin@juming.com"
        },
        {
            "relation": "r_whois_email",
            "source": "egvabogados.com",
            "target": "laosiji1909@outlook.com"
        },
        {
            "relation": "r_subdomain",
            "source": "egvabogados.com",
            "target": "www.egvabogados.com"
        },
        {
            "relation": "r_dns_a",
            "source": "egvabogados.com",
            "target": "154.92.239.78"
        },
        {
            "relation": "r_dns_cname",
            "source": "expired.namebright.com",
            "target": "nbparking-lb1-e8979d80a94bc16b.elb.us-east-1.amazonaws.com"
        },
        {
            "relation": "r_whois_name",
            "source": "fu360ykt.com",
            "target": "REDACTED FOR PRIVACY"
        },
        {
            "relation": "r_subdomain",
            "source": "fu360ykt.com",
            "target": "www.fu360ykt.com"
        },
        {
            "relation": "r_dns_a",
            "source": "fu360ykt.com",
            "target": "154.92.239.75"
        },
        {
            "relation": "r_whois_name",
            "source": "gdbelief.com",
            "target": "jianfeng wu"
        },
        {
            "relation": "r_whois_phone",
            "source": "gdbelief.com",
            "target": "+86.4009972996"
        },
        {
            "relation": "r_whois_email",
            "source": "gdbelief.com",
            "target": "admin@juming.com"
        },
        {
            "relation": "r_subdomain",
            "source": "gdbelief.com",
            "target": "www.gdbelief.com"
        },
        {
            "relation": "r_dns_a",
            "source": "gdbelief.com",
            "target": "45.43.236.172"
        },
        {
            "relation": "r_whois_name",
            "source": "hkfangle.com",
            "target": "jian mao"
        },
        {
            "relation": "r_whois_phone",
            "source": "hkfangle.com",
            "target": "+86.045465836824"
        },
        {
            "relation": "r_whois_email",
            "source": "hkfangle.com",
            "target": "laosiji1909@outlook.com"
        },
        {
            "relation": "r_subdomain",
            "source": "hkfangle.com",
            "target": "www.hkfangle.com"
        },
        {
            "relation": "r_dns_a",
            "source": "hkfangle.com",
            "target": "154.92.241.158"
        },
        {
            "relation": "r_cert",
            "source": "hnhzjqc.com",
            "target": "830172a93519c3b561ca1d673d6e0ddfbc04e5a389fd1aa0933d6f20167a02d7"
        },
        {
            "relation": "r_request_jump",
            "source": "hnhzjqc.com",
            "target": "www.aixiangju.com"
        },
        {
            "relation": "r_subdomain",
            "source": "hnhzjqc.com",
            "target": "www.hnhzjqc.com"
        },
        {
            "relation": "r_whois_name",
            "source": "hopedresses.com",
            "target": "jian mao"
        },
        {
            "relation": "r_whois_phone",
            "source": "hopedresses.com",
            "target": "+86.045465836824"
        },
        {
            "relation": "r_whois_email",
            "source": "hopedresses.com",
            "target": "laosiji1909@outlook.com"
        },
        {
            "relation": "r_subdomain",
            "source": "hopedresses.com",
            "target": "www.hopedresses.com"
        },
        {
            "relation": "r_dns_a",
            "source": "hopedresses.com",
            "target": "154.92.239.75"
        },
        {
            "relation": "r_whois_name",
            "source": "hqtjd5209.com",
            "target": "Domain Administrator"
        },
        {
            "relation": "r_whois_phone",
            "source": "hqtjd5209.com",
            "target": "+86.5925990220"
        },
        {
            "relation": "r_whois_email",
            "source": "hqtjd5209.com",
            "target": "dotmedia3@dotmedia.com"
        },
        {
            "relation": "r_subdomain",
            "source": "hqtjd5209.com",
            "target": "www.hqtjd5209.com"
        },
        {
            "relation": "r_dns_a",
            "source": "hqtjd5209.com",
            "target": "154.84.73.13"
        },
        {
            "relation": "r_whois_name",
            "source": "hxrsl.com",
            "target": "jian mao"
        },
        {
            "relation": "r_whois_phone",
            "source": "hxrsl.com",
            "target": "+86.45465836824"
        },
        {
            "relation": "r_whois_email",
            "source": "hxrsl.com",
            "target": "laosiji1909@outlook.com"
        },
        {
            "relation": "r_subdomain",
            "source": "hxrsl.com",
            "target": "www.hxrsl.com"
        },
        {
            "relation": "r_dns_a",
            "source": "hxrsl.com",
            "target": "154.210.109.14"
        },
        {
            "relation": "r_subdomain",
            "source": "jielianzhibo.com",
            "target": "www.jielianzhibo.com"
        },
        {
            "relation": "r_whois_name",
            "source": "jllzxy.com",
            "target": "Domain Administrator"
        },
        {
            "relation": "r_whois_phone",
            "source": "jllzxy.com",
            "target": "+86.5925990220"
        },
        {
            "relation": "r_whois_email",
            "source": "jllzxy.com",
            "target": "dotmedia3@dotmedia.com"
        },
        {
            "relation": "r_subdomain",
            "source": "jllzxy.com",
            "target": "www.jllzxy.com"
        },
        {
            "relation": "r_dns_a",
            "source": "jllzxy.com",
            "target": "154.91.23.240"
        },
        {
            "relation": "r_whois_name",
            "source": "jsfyqy.com",
            "target": "jianfeng wu"
        },
        {
            "relation": "r_whois_phone",
            "source": "jsfyqy.com",
            "target": "+86.4009972996"
        },
        {
            "relation": "r_whois_email",
            "source": "jsfyqy.com",
            "target": "admin@juming.com"
        },
        {
            "relation": "r_subdomain",
            "source": "jsfyqy.com",
            "target": "www.jsfyqy.com"
        },
        {
            "relation": "r_dns_a",
            "source": "jsfyqy.com",
            "target": "156.235.215.82"
        },
        {
            "relation": "r_cert",
            "source": "kebaojc.com",
            "target": "830172a93519c3b561ca1d673d6e0ddfbc04e5a389fd1aa0933d6f20167a02d7"
        },
        {
            "relation": "r_request_jump",
            "source": "kebaojc.com",
            "target": "www.aixiangju.com"
        },
        {
            "relation": "r_subdomain",
            "source": "kebaojc.com",
            "target": "www.kebaojc.com"
        },
        {
            "relation": "r_request_jump",
            "source": "kuaigaoding.com",
            "target": "www.aixiangju.com"
        },
        {
            "relation": "r_whois_name",
            "source": "likeball.net",
            "target": "jian mao"
        },
        {
            "relation": "r_whois_phone",
            "source": "likeball.net",
            "target": "+86.45465836824"
        },
        {
            "relation": "r_whois_email",
            "source": "likeball.net",
            "target": "laosiji1909@outlook.com"
        },
        {
            "relation": "r_subdomain",
            "source": "likeball.net",
            "target": "www.likeball.net"
        },
        {
            "relation": "r_dns_a",
            "source": "likeball.net",
            "target": "154.91.23.240"
        },
        {
            "relation": "r_request_jump",
            "source": "livetv13.com",
            "target": "www.aixiangju.com"
        },
        {
            "relation": "r_request_jump",
            "source": "livetv14.com",
            "target": "www.aixiangju.com"
        },
        {
            "relation": "r_request_jump",
            "source": "livetv16.com",
            "target": "www.aixiangju.com"
        },
        {
            "relation": "r_request_jump",
            "source": "livetv17.com",
            "target": "www.aixiangju.com"
        },
        {
            "relation": "r_request_jump",
            "source": "livetv19.com",
            "target": "www.aixiangju.com"
        },
        {
            "relation": "r_request_jump",
            "source": "livetv20.com",
            "target": "www.aixiangju.com"
        },
        {
            "relation": "r_request_jump",
            "source": "livetv21.com",
            "target": "www.aixiangju.com"
        },
        {
            "relation": "r_request_jump",
            "source": "livetv23.com",
            "target": "www.aixiangju.com"
        },
        {
            "relation": "r_request_jump",
            "source": "livetv28.com",
            "target": "www.aixiangju.com"
        },
        {
            "relation": "r_request_jump",
            "source": "livetv30.com",
            "target": "www.aixiangju.com"
        },
        {
            "relation": "r_request_jump",
            "source": "livetv31.com",
            "target": "www.aixiangju.com"
        },
        {
            "relation": "r_request_jump",
            "source": "livetv33.com",
            "target": "www.aixiangju.com"
        },
        {
            "relation": "r_request_jump",
            "source": "livetv34.com",
            "target": "www.aixiangju.com"
        },
        {
            "relation": "r_request_jump",
            "source": "livetv35.com",
            "target": "www.aixiangju.com"
        },
        {
            "relation": "r_request_jump",
            "source": "livetv36.com",
            "target": "www.aixiangju.com"
        },
        {
            "relation": "r_request_jump",
            "source": "livetv37.com",
            "target": "www.aixiangju.com"
        },
        {
            "relation": "r_request_jump",
            "source": "livetv38.com",
            "target": "www.aixiangju.com"
        },
        {
            "relation": "r_request_jump",
            "source": "livetv39.com",
            "target": "www.aixiangju.com"
        },
        {
            "relation": "r_subdomain",
            "source": "namebright.com",
            "target": "expired.namebright.com"
        },
        {
            "relation": "r_whois_name",
            "source": "pembemerdane.com",
            "target": "jian mao"
        },
        {
            "relation": "r_whois_phone",
            "source": "pembemerdane.com",
            "target": "+86.45465836824"
        },
        {
            "relation": "r_whois_email",
            "source": "pembemerdane.com",
            "target": "laosiji1909@outlook.com"
        },
        {
            "relation": "r_subdomain",
            "source": "pembemerdane.com",
            "target": "www.pembemerdane.com"
        },
        {
            "relation": "r_dns_a",
            "source": "pembemerdane.com",
            "target": "45.197.141.168"
        },
        {
            "relation": "r_whois_name",
            "source": "qianzi8.com",
            "target": "jian mao"
        },
        {
            "relation": "r_whois_phone",
            "source": "qianzi8.com",
            "target": "+86.45465836824"
        },
        {
            "relation": "r_whois_email",
            "source": "qianzi8.com",
            "target": "laosiji1909@outlook.com"
        },
        {
            "relation": "r_subdomain",
            "source": "qianzi8.com",
            "target": "www.qianzi8.com"
        },
        {
            "relation": "r_dns_a",
            "source": "qianzi8.com",
            "target": "154.91.23.240"
        },
        {
            "relation": "r_subdomain",
            "source": "sekongkong.com",
            "target": "www.sekongkong.com"
        },
        {
            "relation": "r_dns_a",
            "source": "sekongkong.com",
            "target": "154.210.109.14"
        },
        {
            "relation": "r_cert",
            "source": "sxhylr.com",
            "target": "830172a93519c3b561ca1d673d6e0ddfbc04e5a389fd1aa0933d6f20167a02d7"
        },
        {
            "relation": "r_request_jump",
            "source": "sxhylr.com",
            "target": "www.aixiangju.com"
        },
        {
            "relation": "r_subdomain",
            "source": "sxhylr.com",
            "target": "www.sxhylr.com"
        },
        {
            "relation": "r_whois_name",
            "source": "sysy777.com",
            "target": "jian mao"
        },
        {
            "relation": "r_whois_phone",
            "source": "sysy777.com",
            "target": "+86.045465836824"
        },
        {
            "relation": "r_whois_email",
            "source": "sysy777.com",
            "target": "laosiji1909@outlook.com"
        },
        {
            "relation": "r_subdomain",
            "source": "sysy777.com",
            "target": "www.sysy777.com"
        },
        {
            "relation": "r_dns_a",
            "source": "sysy777.com",
            "target": "45.197.141.176"
        },
        {
            "relation": "r_whois_name",
            "source": "szfydpcj.com",
            "target": "jian mao"
        },
        {
            "relation": "r_whois_phone",
            "source": "szfydpcj.com",
            "target": "+86.45465836824"
        },
        {
            "relation": "r_whois_email",
            "source": "szfydpcj.com",
            "target": "laosiji1909@outlook.com"
        },
        {
            "relation": "r_subdomain",
            "source": "szfydpcj.com",
            "target": "www.szfydpcj.com"
        },
        {
            "relation": "r_dns_a",
            "source": "szfydpcj.com",
            "target": "175.29.240.25"
        },
        {
            "relation": "r_whois_name",
            "source": "tg0755.com",
            "target": "jian mao"
        },
        {
            "relation": "r_whois_phone",
            "source": "tg0755.com",
            "target": "+86.45465836824"
        },
        {
            "relation": "r_whois_email",
            "source": "tg0755.com",
            "target": "laosiji1909@outlook.com"
        },
        {
            "relation": "r_subdomain",
            "source": "tg0755.com",
            "target": "www.tg0755.com"
        },
        {
            "relation": "r_dns_a",
            "source": "tg0755.com",
            "target": "154.84.73.13"
        },
        {
            "relation": "r_whois_name",
            "source": "tippto.com",
            "target": "jianfeng wu"
        },
        {
            "relation": "r_whois_name",
            "source": "tippto.com",
            "target": "yan ma"
        },
        {
            "relation": "r_whois_phone",
            "source": "tippto.com",
            "target": "+86.13150794219"
        },
        {
            "relation": "r_whois_phone",
            "source": "tippto.com",
            "target": "+86.4009972996"
        },
        {
            "relation": "r_whois_email",
            "source": "tippto.com",
            "target": "admin@juming.com"
        },
        {
            "relation": "r_whois_email",
            "source": "tippto.com",
            "target": "gd222www@gmail.com"
        },
        {
            "relation": "r_subdomain",
            "source": "tippto.com",
            "target": "www.tippto.com"
        },
        {
            "relation": "r_dns_a",
            "source": "tippto.com",
            "target": "156.234.2.117"
        },
        {
            "relation": "r_whois_name",
            "source": "tokai-china.com",
            "target": "jian mao"
        },
        {
            "relation": "r_whois_name",
            "source": "tokai-china.com",
            "target": "jianfeng wu"
        },
        {
            "relation": "r_whois_phone",
            "source": "tokai-china.com",
            "target": "+86.4009972996"
        },
        {
            "relation": "r_whois_phone",
            "source": "tokai-china.com",
            "target": "+86.45465836824"
        },
        {
            "relation": "r_whois_email",
            "source": "tokai-china.com",
            "target": "admin@juming.com"
        },
        {
            "relation": "r_whois_email",
            "source": "tokai-china.com",
            "target": "laosiji1909@outlook.com"
        },
        {
            "relation": "r_subdomain",
            "source": "tokai-china.com",
            "target": "www.tokai-china.com"
        },
        {
            "relation": "r_dns_a",
            "source": "tokai-china.com",
            "target": "154.92.238.46"
        },
        {
            "relation": "r_whois_name",
            "source": "trioadagio.com",
            "target": "jian mao"
        },
        {
            "relation": "r_whois_phone",
            "source": "trioadagio.com",
            "target": "+86.45465836824"
        },
        {
            "relation": "r_whois_email",
            "source": "trioadagio.com",
            "target": "laosiji1909@outlook.com"
        },
        {
            "relation": "r_subdomain",
            "source": "trioadagio.com",
            "target": "www.trioadagio.com"
        },
        {
            "relation": "r_dns_a",
            "source": "trioadagio.com",
            "target": "156.238.46.110"
        },
        {
            "relation": "r_dns_a",
            "source": "www.0-1bb.com",
            "target": "154.93.170.80"
        },
        {
            "relation": "r_dns_cname",
            "source": "www.070926.com",
            "target": "expired.namebright.com"
        },
        {
            "relation": "r_dns_cname",
            "source": "www.070976.com",
            "target": "expired.namebright.com"
        },
        {
            "relation": "r_dns_cname",
            "source": "www.0791ic.com",
            "target": "expired.namebright.com"
        },
        {
            "relation": "r_dns_cname",
            "source": "www.0817zxw.com",
            "target": "expired.namebright.com"
        },
        {
            "relation": "r_dns_cname",
            "source": "www.0x0q.com",
            "target": "expired.namebright.com"
        },
        {
            "relation": "r_dns_cname",
            "source": "www.114pic.com",
            "target": "expired.namebright.com"
        },
        {
            "relation": "r_dns_cname",
            "source": "www.174zx.com",
            "target": "174zx.com"
        },
        {
            "relation": "r_dns_cname",
            "source": "www.17la8.com",
            "target": "expired.namebright.com"
        },
        {
            "relation": "r_dns_cname",
            "source": "www.18-34.com",
            "target": "expired.namebright.com"
        },
        {
            "relation": "r_whois_name",
            "source": "www.86fair.net",
            "target": "jianfeng wu"
        },
        {
            "relation": "r_whois_phone",
            "source": "www.86fair.net",
            "target": "+86.4009972996"
        },
        {
            "relation": "r_whois_email",
            "source": "www.86fair.net",
            "target": "admin@juming.com"
        },
        {
            "relation": "r_cert",
            "source": "www.86fair.net",
            "target": "0733f8592aecacf9fd9698396f6de2be82fb6099b046ac90a73957a9013a4457"
        },
        {
            "relation": "r_dns_cname",
            "source": "www.86fair.net",
            "target": "86fair.net"
        },
        {
            "relation": "r_dns_a",
            "source": "www.86fair.net",
            "target": "104.164.199.48"
        },
        {
            "relation": "r_dns_a",
            "source": "www.acbkl.com",
            "target": "154.91.23.240"
        },
        {
            "relation": "r_subdomain",
            "source": "www.aixiangju.com",
            "target": "aixiangju.com"
        },
        {
            "relation": "r_dns_a",
            "source": "www.aixiangju.com",
            "target": "104.164.199.7"
        },
        {
            "relation": "r_whois_name",
            "source": "www.angelsanzo.com",
            "target": "jian mao"
        },
        {
            "relation": "r_whois_name",
            "source": "www.angelsanzo.com",
            "target": "jianfeng wu"
        },
        {
            "relation": "r_whois_phone",
            "source": "www.angelsanzo.com",
            "target": "+86.4009972996"
        },
        {
            "relation": "r_whois_phone",
            "source": "www.angelsanzo.com",
            "target": "+86.45465836824"
        },
        {
            "relation": "r_whois_email",
            "source": "www.angelsanzo.com",
            "target": "admin@juming.com"
        },
        {
            "relation": "r_whois_email",
            "source": "www.angelsanzo.com",
            "target": "laosiji1909@outlook.com"
        },
        {
            "relation": "r_dns_a",
            "source": "www.angelsanzo.com",
            "target": "45.197.140.152"
        },
        {
            "relation": "r_dns_a",
            "source": "www.barracuda-nice.com",
            "target": "154.84.73.13"
        },
        {
            "relation": "r_whois_name",
            "source": "www.bjmssc.com",
            "target": "jianfeng wu"
        },
        {
            "relation": "r_whois_name",
            "source": "www.bjmssc.com",
            "target": "min lan zhong"
        },
        {
            "relation": "r_whois_phone",
            "source": "www.bjmssc.com",
            "target": "+86.13111234112"
        },
        {
            "relation": "r_whois_phone",
            "source": "www.bjmssc.com",
            "target": "+86.4009972996"
        },
        {
            "relation": "r_whois_email",
            "source": "www.bjmssc.com",
            "target": "admin@juming.com"
        },
        {
            "relation": "r_whois_email",
            "source": "www.bjmssc.com",
            "target": "ename12345@qq.com"
        },
        {
            "relation": "r_dns_cname",
            "source": "www.bjmssc.com",
            "target": "expired.namebright.com"
        },
        {
            "relation": "r_dns_a",
            "source": "www.bjmssc.com",
            "target": "3.234.181.234"
        },
        {
            "relation": "r_whois_name",
            "source": "www.bn114.com",
            "target": "jianfeng wu"
        },
        {
            "relation": "r_whois_phone",
            "source": "www.bn114.com",
            "target": "+86.4009972996"
        },
        {
            "relation": "r_whois_email",
            "source": "www.bn114.com",
            "target": "admin@juming.com"
        },
        {
            "relation": "r_dns_a",
            "source": "www.bn114.com",
            "target": "102.164.51.175"
        },
        {
            "relation": "r_whois_name",
            "source": "www.bresciabelowknee.com",
            "target": "bai chen meng"
        },
        {
            "relation": "r_whois_name",
            "source": "www.bresciabelowknee.com",
            "target": "jianfeng wu"
        },
        {
            "relation": "r_whois_phone",
            "source": "www.bresciabelowknee.com",
            "target": "+86.13229941380"
        },
        {
            "relation": "r_whois_phone",
            "source": "www.bresciabelowknee.com",
            "target": "+86.4009972996"
        },
        {
            "relation": "r_whois_email",
            "source": "www.bresciabelowknee.com",
            "target": "2019888dffdfdf@gmail.com"
        },
        {
            "relation": "r_whois_email",
            "source": "www.bresciabelowknee.com",
            "target": "admin@juming.com"
        },
        {
            "relation": "r_dns_a",
            "source": "www.bresciabelowknee.com",
            "target": "23.80.64.79"
        },
        {
            "relation": "r_whois_name",
            "source": "www.bunmoo.com",
            "target": "jianfeng wu"
        },
        {
            "relation": "r_whois_name",
            "source": "www.bunmoo.com",
            "target": "yan ma"
        },
        {
            "relation": "r_whois_phone",
            "source": "www.bunmoo.com",
            "target": "+86.13150794219"
        },
        {
            "relation": "r_whois_phone",
            "source": "www.bunmoo.com",
            "target": "+86.4009972996"
        },
        {
            "relation": "r_whois_email",
            "source": "www.bunmoo.com",
            "target": "admin@juming.com"
        },
        {
            "relation": "r_whois_email",
            "source": "www.bunmoo.com",
            "target": "gd222www@gmail.com"
        },
        {
            "relation": "r_dns_a",
            "source": "www.bunmoo.com",
            "target": "156.234.2.9"
        },
        {
            "relation": "r_whois_name",
            "source": "www.egvabogados.com",
            "target": "jian mao"
        },
        {
            "relation": "r_whois_name",
            "source": "www.egvabogados.com",
            "target": "jianfeng wu"
        },
        {
            "relation": "r_whois_phone",
            "source": "www.egvabogados.com",
            "target": "+86.4009972996"
        },
        {
            "relation": "r_whois_phone",
            "source": "www.egvabogados.com",
            "target": "+86.45465836824"
        },
        {
            "relation": "r_whois_email",
            "source": "www.egvabogados.com",
            "target": "admin@juming.com"
        },
        {
            "relation": "r_whois_email",
            "source": "www.egvabogados.com",
            "target": "laosiji1909@outlook.com"
        },
        {
            "relation": "r_dns_a",
            "source": "www.egvabogados.com",
            "target": "154.92.239.78"
        },
        {
            "relation": "r_whois_name",
            "source": "www.fu360ykt.com",
            "target": "REDACTED FOR PRIVACY"
        },
        {
            "relation": "r_dns_a",
            "source": "www.fu360ykt.com",
            "target": "154.92.239.75"
        },
        {
            "relation": "r_whois_name",
            "source": "www.gdbelief.com",
            "target": "jianfeng wu"
        },
        {
            "relation": "r_whois_phone",
            "source": "www.gdbelief.com",
            "target": "+86.4009972996"
        },
        {
            "relation": "r_whois_email",
            "source": "www.gdbelief.com",
            "target": "admin@juming.com"
        },
        {
            "relation": "r_dns_a",
            "source": "www.gdbelief.com",
            "target": "45.43.236.172"
        },
        {
            "relation": "r_request_jump",
            "source": "www.gyrhwl.com",
            "target": "www.aixiangju.com"
        },
        {
            "relation": "r_whois_name",
            "source": "www.hkfangle.com",
            "target": "jian mao"
        },
        {
            "relation": "r_whois_phone",
            "source": "www.hkfangle.com",
            "target": "+86.045465836824"
        },
        {
            "relation": "r_whois_email",
            "source": "www.hkfangle.com",
            "target": "laosiji1909@outlook.com"
        },
        {
            "relation": "r_dns_a",
            "source": "www.hkfangle.com",
            "target": "154.92.241.158"
        },
        {
            "relation": "r_whois_name",
            "source": "www.hopedresses.com",
            "target": "jian mao"
        },
        {
            "relation": "r_whois_phone",
            "source": "www.hopedresses.com",
            "target": "+86.045465836824"
        },
        {
            "relation": "r_whois_email",
            "source": "www.hopedresses.com",
            "target": "laosiji1909@outlook.com"
        },
        {
            "relation": "r_dns_a",
            "source": "www.hopedresses.com",
            "target": "154.92.239.75"
        },
        {
            "relation": "r_whois_name",
            "source": "www.hqtjd5209.com",
            "target": "Domain Administrator"
        },
        {
            "relation": "r_whois_phone",
            "source": "www.hqtjd5209.com",
            "target": "+86.5925990220"
        },
        {
            "relation": "r_whois_email",
            "source": "www.hqtjd5209.com",
            "target": "dotmedia3@dotmedia.com"
        },
        {
            "relation": "r_dns_a",
            "source": "www.hqtjd5209.com",
            "target": "154.84.73.13"
        },
        {
            "relation": "r_whois_name",
            "source": "www.hxrsl.com",
            "target": "jian mao"
        },
        {
            "relation": "r_whois_phone",
            "source": "www.hxrsl.com",
            "target": "+86.45465836824"
        },
        {
            "relation": "r_whois_email",
            "source": "www.hxrsl.com",
            "target": "laosiji1909@outlook.com"
        },
        {
            "relation": "r_dns_a",
            "source": "www.hxrsl.com",
            "target": "154.210.109.14"
        },
        {
            "relation": "r_cert",
            "source": "www.jielianzhibo.com",
            "target": "830172a93519c3b561ca1d673d6e0ddfbc04e5a389fd1aa0933d6f20167a02d7"
        },
        {
            "relation": "r_request_jump",
            "source": "www.jielianzhibo.com",
            "target": "www.aixiangju.com"
        },
        {
            "relation": "r_whois_name",
            "source": "www.jllzxy.com",
            "target": "Domain Administrator"
        },
        {
            "relation": "r_whois_phone",
            "source": "www.jllzxy.com",
            "target": "+86.5925990220"
        },
        {
            "relation": "r_whois_email",
            "source": "www.jllzxy.com",
            "target": "dotmedia3@dotmedia.com"
        },
        {
            "relation": "r_dns_a",
            "source": "www.jllzxy.com",
            "target": "154.91.23.240"
        },
        {
            "relation": "r_whois_name",
            "source": "www.jsfyqy.com",
            "target": "jianfeng wu"
        },
        {
            "relation": "r_whois_phone",
            "source": "www.jsfyqy.com",
            "target": "+86.4009972996"
        },
        {
            "relation": "r_whois_email",
            "source": "www.jsfyqy.com",
            "target": "admin@juming.com"
        },
        {
            "relation": "r_dns_a",
            "source": "www.jsfyqy.com",
            "target": "156.235.215.82"
        },
        {
            "relation": "r_whois_name",
            "source": "www.likeball.net",
            "target": "jian mao"
        },
        {
            "relation": "r_whois_phone",
            "source": "www.likeball.net",
            "target": "+86.45465836824"
        },
        {
            "relation": "r_whois_email",
            "source": "www.likeball.net",
            "target": "laosiji1909@outlook.com"
        },
        {
            "relation": "r_dns_a",
            "source": "www.likeball.net",
            "target": "154.91.23.240"
        },
        {
            "relation": "r_request_jump",
            "source": "www.livetv13.com",
            "target": "www.aixiangju.com"
        },
        {
            "relation": "r_request_jump",
            "source": "www.livetv15.com",
            "target": "www.aixiangju.com"
        },
        {
            "relation": "r_request_jump",
            "source": "www.livetv17.com",
            "target": "www.aixiangju.com"
        },
        {
            "relation": "r_request_jump",
            "source": "www.livetv19.com",
            "target": "www.aixiangju.com"
        },
        {
            "relation": "r_request_jump",
            "source": "www.livetv20.com",
            "target": "www.aixiangju.com"
        },
        {
            "relation": "r_request_jump",
            "source": "www.livetv25.com",
            "target": "www.aixiangju.com"
        },
        {
            "relation": "r_request_jump",
            "source": "www.livetv30.com",
            "target": "www.aixiangju.com"
        },
        {
            "relation": "r_request_jump",
            "source": "www.livetv31.com",
            "target": "www.aixiangju.com"
        },
        {
            "relation": "r_request_jump",
            "source": "www.livetv36.com",
            "target": "www.aixiangju.com"
        },
        {
            "relation": "r_request_jump",
            "source": "www.livetv37.com",
            "target": "www.aixiangju.com"
        },
        {
            "relation": "r_whois_name",
            "source": "www.pembemerdane.com",
            "target": "jian mao"
        },
        {
            "relation": "r_whois_phone",
            "source": "www.pembemerdane.com",
            "target": "+86.45465836824"
        },
        {
            "relation": "r_whois_email",
            "source": "www.pembemerdane.com",
            "target": "laosiji1909@outlook.com"
        },
        {
            "relation": "r_dns_a",
            "source": "www.pembemerdane.com",
            "target": "45.197.141.168"
        },
        {
            "relation": "r_whois_name",
            "source": "www.qianzi8.com",
            "target": "jian mao"
        },
        {
            "relation": "r_whois_phone",
            "source": "www.qianzi8.com",
            "target": "+86.45465836824"
        },
        {
            "relation": "r_whois_email",
            "source": "www.qianzi8.com",
            "target": "laosiji1909@outlook.com"
        },
        {
            "relation": "r_dns_a",
            "source": "www.qianzi8.com",
            "target": "154.91.23.240"
        },
        {
            "relation": "r_dns_a",
            "source": "www.sekongkong.com",
            "target": "154.210.109.14"
        },
        {
            "relation": "r_whois_name",
            "source": "www.sysy777.com",
            "target": "jian mao"
        },
        {
            "relation": "r_whois_phone",
            "source": "www.sysy777.com",
            "target": "+86.045465836824"
        },
        {
            "relation": "r_whois_email",
            "source": "www.sysy777.com",
            "target": "laosiji1909@outlook.com"
        },
        {
            "relation": "r_dns_a",
            "source": "www.sysy777.com",
            "target": "45.197.141.176"
        },
        {
            "relation": "r_whois_name",
            "source": "www.szfydpcj.com",
            "target": "jian mao"
        },
        {
            "relation": "r_whois_phone",
            "source": "www.szfydpcj.com",
            "target": "+86.45465836824"
        },
        {
            "relation": "r_whois_email",
            "source": "www.szfydpcj.com",
            "target": "laosiji1909@outlook.com"
        },
        {
            "relation": "r_dns_a",
            "source": "www.szfydpcj.com",
            "target": "175.29.240.25"
        },
        {
            "relation": "r_whois_name",
            "source": "www.tg0755.com",
            "target": "jian mao"
        },
        {
            "relation": "r_whois_phone",
            "source": "www.tg0755.com",
            "target": "+86.45465836824"
        },
        {
            "relation": "r_whois_email",
            "source": "www.tg0755.com",
            "target": "laosiji1909@outlook.com"
        },
        {
            "relation": "r_dns_a",
            "source": "www.tg0755.com",
            "target": "154.84.73.13"
        },
        {
            "relation": "r_whois_name",
            "source": "www.tippto.com",
            "target": "jianfeng wu"
        },
        {
            "relation": "r_whois_name",
            "source": "www.tippto.com",
            "target": "yan ma"
        },
        {
            "relation": "r_whois_phone",
            "source": "www.tippto.com",
            "target": "+86.13150794219"
        },
        {
            "relation": "r_whois_phone",
            "source": "www.tippto.com",
            "target": "+86.4009972996"
        },
        {
            "relation": "r_whois_email",
            "source": "www.tippto.com",
            "target": "admin@juming.com"
        },
        {
            "relation": "r_whois_email",
            "source": "www.tippto.com",
            "target": "gd222www@gmail.com"
        },
        {
            "relation": "r_dns_a",
            "source": "www.tippto.com",
            "target": "156.234.2.117"
        },
        {
            "relation": "r_whois_name",
            "source": "www.tokai-china.com",
            "target": "jian mao"
        },
        {
            "relation": "r_whois_name",
            "source": "www.tokai-china.com",
            "target": "jianfeng wu"
        },
        {
            "relation": "r_whois_phone",
            "source": "www.tokai-china.com",
            "target": "+86.4009972996"
        },
        {
            "relation": "r_whois_phone",
            "source": "www.tokai-china.com",
            "target": "+86.45465836824"
        },
        {
            "relation": "r_whois_email",
            "source": "www.tokai-china.com",
            "target": "admin@juming.com"
        },
        {
            "relation": "r_whois_email",
            "source": "www.tokai-china.com",
            "target": "laosiji1909@outlook.com"
        },
        {
            "relation": "r_dns_a",
            "source": "www.tokai-china.com",
            "target": "154.92.238.46"
        },
        {
            "relation": "r_whois_name",
            "source": "www.trioadagio.com",
            "target": "jian mao"
        },
        {
            "relation": "r_whois_phone",
            "source": "www.trioadagio.com",
            "target": "+86.45465836824"
        },
        {
            "relation": "r_whois_email",
            "source": "www.trioadagio.com",
            "target": "laosiji1909@outlook.com"
        },
        {
            "relation": "r_dns_a",
            "source": "www.trioadagio.com",
            "target": "156.238.46.110"
        },
        {
            "relation": "r_whois_name",
            "source": "www.xdlnews.com",
            "target": "jian mao"
        },
        {
            "relation": "r_whois_phone",
            "source": "www.xdlnews.com",
            "target": "+86.045465836824"
        },
        {
            "relation": "r_whois_email",
            "source": "www.xdlnews.com",
            "target": "laosiji1909@outlook.com"
        },
        {
            "relation": "r_dns_a",
            "source": "www.xdlnews.com",
            "target": "154.93.170.80"
        },
        {
            "relation": "r_whois_name",
            "source": "www.xinyuzyz.com",
            "target": "jianfeng wu"
        },
        {
            "relation": "r_whois_name",
            "source": "www.xinyuzyz.com",
            "target": "zhi yong zhang"
        },
        {
            "relation": "r_whois_phone",
            "source": "www.xinyuzyz.com",
            "target": "+86.15824999965"
        },
        {
            "relation": "r_whois_phone",
            "source": "www.xinyuzyz.com",
            "target": "+86.4009972996"
        },
        {
            "relation": "r_whois_email",
            "source": "www.xinyuzyz.com",
            "target": "3185794516@qq.com"
        },
        {
            "relation": "r_whois_email",
            "source": "www.xinyuzyz.com",
            "target": "admin@juming.com"
        },
        {
            "relation": "r_dns_a",
            "source": "www.xinyuzyz.com",
            "target": "156.237.169.184"
        },
        {
            "relation": "r_whois_name",
            "source": "www.xsdayp.com",
            "target": "jian mao"
        },
        {
            "relation": "r_whois_phone",
            "source": "www.xsdayp.com",
            "target": "+86.045465836824"
        },
        {
            "relation": "r_whois_email",
            "source": "www.xsdayp.com",
            "target": "laosiji1909@outlook.com"
        },
        {
            "relation": "r_cert",
            "source": "www.xsdayp.com",
            "target": "b84fa881a303ae50f2e8748dd74da7768c08d26cc8e94abd8e6b6ac721a3274c"
        },
        {
            "relation": "r_dns_a",
            "source": "www.xsdayp.com",
            "target": "154.209.173.244"
        },
        {
            "relation": "r_whois_name",
            "source": "www.xydztc.com",
            "target": "jian mao"
        },
        {
            "relation": "r_whois_phone",
            "source": "www.xydztc.com",
            "target": "+86.45465836824"
        },
        {
            "relation": "r_whois_email",
            "source": "www.xydztc.com",
            "target": "laosiji1909@outlook.com"
        },
        {
            "relation": "r_dns_a",
            "source": "www.xydztc.com",
            "target": "154.92.232.163"
        },
        {
            "relation": "r_whois_name",
            "source": "www.yipeida.com",
            "target": "jianfeng wu"
        },
        {
            "relation": "r_whois_name",
            "source": "www.yipeida.com",
            "target": "xue lian lu"
        },
        {
            "relation": "r_whois_phone",
            "source": "www.yipeida.com",
            "target": "+86.13285049137"
        },
        {
            "relation": "r_whois_phone",
            "source": "www.yipeida.com",
            "target": "+86.4009972996"
        },
        {
            "relation": "r_whois_email",
            "source": "www.yipeida.com",
            "target": "admin@juming.com"
        },
        {
            "relation": "r_whois_email",
            "source": "www.yipeida.com",
            "target": "xh5577775@163.com"
        },
        {
            "relation": "r_dns_a",
            "source": "www.yipeida.com",
            "target": "172.255.113.143"
        },
        {
            "relation": "r_whois_name",
            "source": "www.yuji-ic.com",
            "target": "jian mao"
        },
        {
            "relation": "r_whois_name",
            "source": "www.yuji-ic.com",
            "target": "jianfeng wu"
        },
        {
            "relation": "r_whois_phone",
            "source": "www.yuji-ic.com",
            "target": "+86.4009972996"
        },
        {
            "relation": "r_whois_phone",
            "source": "www.yuji-ic.com",
            "target": "+86.45465836824"
        },
        {
            "relation": "r_whois_email",
            "source": "www.yuji-ic.com",
            "target": "admin@juming.com"
        },
        {
            "relation": "r_whois_email",
            "source": "www.yuji-ic.com",
            "target": "laosiji1909@outlook.com"
        },
        {
            "relation": "r_dns_a",
            "source": "www.yuji-ic.com",
            "target": "156.238.46.111"
        },
        {
            "relation": "r_whois_name",
            "source": "www.zhenghexieye.com",
            "target": "jian mao"
        },
        {
            "relation": "r_whois_phone",
            "source": "www.zhenghexieye.com",
            "target": "+86.45465836824"
        },
        {
            "relation": "r_whois_email",
            "source": "www.zhenghexieye.com",
            "target": "laosiji1909@outlook.com"
        },
        {
            "relation": "r_dns_a",
            "source": "www.zhenghexieye.com",
            "target": "175.29.240.57"
        },
        {
            "relation": "r_whois_name",
            "source": "xdlnews.com",
            "target": "jian mao"
        },
        {
            "relation": "r_whois_phone",
            "source": "xdlnews.com",
            "target": "+86.045465836824"
        },
        {
            "relation": "r_whois_email",
            "source": "xdlnews.com",
            "target": "laosiji1909@outlook.com"
        },
        {
            "relation": "r_subdomain",
            "source": "xdlnews.com",
            "target": "www.xdlnews.com"
        },
        {
            "relation": "r_dns_a",
            "source": "xdlnews.com",
            "target": "154.93.170.80"
        },
        {
            "relation": "r_whois_name",
            "source": "xinyuzyz.com",
            "target": "jianfeng wu"
        },
        {
            "relation": "r_whois_name",
            "source": "xinyuzyz.com",
            "target": "zhi yong zhang"
        },
        {
            "relation": "r_whois_phone",
            "source": "xinyuzyz.com",
            "target": "+86.15824999965"
        },
        {
            "relation": "r_whois_phone",
            "source": "xinyuzyz.com",
            "target": "+86.4009972996"
        },
        {
            "relation": "r_whois_email",
            "source": "xinyuzyz.com",
            "target": "3185794516@qq.com"
        },
        {
            "relation": "r_whois_email",
            "source": "xinyuzyz.com",
            "target": "admin@juming.com"
        },
        {
            "relation": "r_subdomain",
            "source": "xinyuzyz.com",
            "target": "www.xinyuzyz.com"
        },
        {
            "relation": "r_dns_a",
            "source": "xinyuzyz.com",
            "target": "156.237.169.184"
        },
        {
            "relation": "r_whois_name",
            "source": "xsdayp.com",
            "target": "jian mao"
        },
        {
            "relation": "r_whois_phone",
            "source": "xsdayp.com",
            "target": "+86.045465836824"
        },
        {
            "relation": "r_whois_email",
            "source": "xsdayp.com",
            "target": "laosiji1909@outlook.com"
        },
        {
            "relation": "r_cert",
            "source": "xsdayp.com",
            "target": "b84fa881a303ae50f2e8748dd74da7768c08d26cc8e94abd8e6b6ac721a3274c"
        },
        {
            "relation": "r_subdomain",
            "source": "xsdayp.com",
            "target": "www.xsdayp.com"
        },
        {
            "relation": "r_dns_a",
            "source": "xsdayp.com",
            "target": "154.209.173.244"
        },
        {
            "relation": "r_whois_name",
            "source": "xydztc.com",
            "target": "jian mao"
        },
        {
            "relation": "r_whois_phone",
            "source": "xydztc.com",
            "target": "+86.45465836824"
        },
        {
            "relation": "r_whois_email",
            "source": "xydztc.com",
            "target": "laosiji1909@outlook.com"
        },
        {
            "relation": "r_subdomain",
            "source": "xydztc.com",
            "target": "www.xydztc.com"
        },
        {
            "relation": "r_dns_a",
            "source": "xydztc.com",
            "target": "154.92.232.163"
        },
        {
            "relation": "r_whois_name",
            "source": "yipeida.com",
            "target": "jianfeng wu"
        },
        {
            "relation": "r_whois_name",
            "source": "yipeida.com",
            "target": "xue lian lu"
        },
        {
            "relation": "r_whois_phone",
            "source": "yipeida.com",
            "target": "+86.13285049137"
        },
        {
            "relation": "r_whois_phone",
            "source": "yipeida.com",
            "target": "+86.4009972996"
        },
        {
            "relation": "r_whois_email",
            "source": "yipeida.com",
            "target": "admin@juming.com"
        },
        {
            "relation": "r_whois_email",
            "source": "yipeida.com",
            "target": "xh5577775@163.com"
        },
        {
            "relation": "r_subdomain",
            "source": "yipeida.com",
            "target": "www.yipeida.com"
        },
        {
            "relation": "r_dns_a",
            "source": "yipeida.com",
            "target": "172.255.113.143"
        },
        {
            "relation": "r_whois_name",
            "source": "yuji-ic.com",
            "target": "jian mao"
        },
        {
            "relation": "r_whois_name",
            "source": "yuji-ic.com",
            "target": "jianfeng wu"
        },
        {
            "relation": "r_whois_phone",
            "source": "yuji-ic.com",
            "target": "+86.4009972996"
        },
        {
            "relation": "r_whois_phone",
            "source": "yuji-ic.com",
            "target": "+86.45465836824"
        },
        {
            "relation": "r_whois_email",
            "source": "yuji-ic.com",
            "target": "admin@juming.com"
        },
        {
            "relation": "r_whois_email",
            "source": "yuji-ic.com",
            "target": "laosiji1909@outlook.com"
        },
        {
            "relation": "r_subdomain",
            "source": "yuji-ic.com",
            "target": "www.yuji-ic.com"
        },
        {
            "relation": "r_dns_a",
            "source": "yuji-ic.com",
            "target": "156.238.46.111"
        },
        {
            "relation": "r_whois_name",
            "source": "zhenghexieye.com",
            "target": "jian mao"
        },
        {
            "relation": "r_whois_phone",
            "source": "zhenghexieye.com",
            "target": "+86.45465836824"
        },
        {
            "relation": "r_whois_email",
            "source": "zhenghexieye.com",
            "target": "laosiji1909@outlook.com"
        },
        {
            "relation": "r_subdomain",
            "source": "zhenghexieye.com",
            "target": "www.zhenghexieye.com"
        },
        {
            "relation": "r_dns_a",
            "source": "zhenghexieye.com",
            "target": "175.29.240.57"
        }
    ],
    "nodes": [
        {
            "name": "0-1bb.com",
            "type": "Domain"
        },
        {
            "name": "0312ok.com",
            "type": "Domain"
        },
        {
            "name": "070926.com",
            "type": "Domain"
        },
        {
            "name": "070976.com",
            "type": "Domain"
        },
        {
            "name": "0733f8592aecacf9fd9698396f6de2be82fb6099b046ac90a73957a9013a4457",
            "type": "Cert_SHA256"
        },
        {
            "name": "0791ic.com",
            "type": "Domain"
        },
        {
            "name": "0817zxw.com",
            "type": "Domain"
        },
        {
            "name": "0x0q.com",
            "type": "Domain"
        },
        {
            "name": "100soso.net",
            "type": "Domain"
        },
        {
            "name": "102.164.51.175",
            "type": "IP"
        },
        {
            "name": "104.164.199.48",
            "type": "IP"
        },
        {
            "name": "104.164.199.49",
            "type": "IP"
        },
        {
            "name": "104.164.199.7",
            "type": "IP"
        },
        {
            "name": "114pic.com",
            "type": "Domain"
        },
        {
            "name": "154.209.173.244",
            "type": "IP"
        },
        {
            "name": "154.210.109.14",
            "type": "IP"
        },
        {
            "name": "154.84.73.13",
            "type": "IP"
        },
        {
            "name": "154.91.23.240",
            "type": "IP"
        },
        {
            "name": "154.92.232.163",
            "type": "IP"
        },
        {
            "name": "154.92.238.46",
            "type": "IP"
        },
        {
            "name": "154.92.239.75",
            "type": "IP"
        },
        {
            "name": "154.92.239.78",
            "type": "IP"
        },
        {
            "name": "154.92.241.158",
            "type": "IP"
        },
        {
            "name": "154.93.170.80",
            "type": "IP"
        },
        {
            "name": "156.234.2.117",
            "type": "IP"
        },
        {
            "name": "156.234.2.9",
            "type": "IP"
        },
        {
            "name": "156.235.215.82",
            "type": "IP"
        },
        {
            "name": "156.237.169.184",
            "type": "IP"
        },
        {
            "name": "156.238.46.110",
            "type": "IP"
        },
        {
            "name": "156.238.46.111",
            "type": "IP"
        },
        {
            "name": "172.255.113.143",
            "type": "IP"
        },
        {
            "name": "174zx.com",
            "type": "Domain"
        },
        {
            "name": "175.29.240.25",
            "type": "IP"
        },
        {
            "name": "175.29.240.57",
            "type": "IP"
        },
        {
            "name": "17la8.com",
            "type": "Domain"
        },
        {
            "name": "18-34.com",
            "type": "Domain"
        },
        {
            "name": "23.80.64.79",
            "type": "IP"
        },
        {
            "name": "3.234.181.234",
            "type": "IP"
        },
        {
            "name": "45.197.140.152",
            "type": "IP"
        },
        {
            "name": "45.197.141.168",
            "type": "IP"
        },
        {
            "name": "45.197.141.176",
            "type": "IP"
        },
        {
            "name": "45.43.236.172",
            "type": "IP"
        },
        {
            "name": "63ca94f82ef04817ca711d632ce4f4bec92fcd10ec573d3452d4e96345a86841",
            "type": "Cert_SHA256"
        },
        {
            "name": "830172a93519c3b561ca1d673d6e0ddfbc04e5a389fd1aa0933d6f20167a02d7",
            "type": "Cert_SHA256"
        },
        {
            "name": "86fair.net",
            "type": "Domain"
        },
        {
            "name": "acbkl.com",
            "type": "Domain"
        },
        {
            "name": "aixiangju.com",
            "type": "Domain"
        },
        {
            "name": "angelsanzo.com",
            "type": "Domain"
        },
        {
            "name": "b84fa881a303ae50f2e8748dd74da7768c08d26cc8e94abd8e6b6ac721a3274c",
            "type": "Cert_SHA256"
        },
        {
            "name": "barracuda-nice.com",
            "type": "Domain"
        },
        {
            "name": "bjmssc.com",
            "type": "Domain"
        },
        {
            "name": "bn114.com",
            "type": "Domain"
        },
        {
            "name": "bresciabelowknee.com",
            "type": "Domain"
        },
        {
            "name": "bunmoo.com",
            "type": "Domain"
        },
        {
            "name": "egvabogados.com",
            "type": "Domain"
        },
        {
            "name": "expired.namebright.com",
            "type": "Domain"
        },
        {
            "name": "fu360ykt.com",
            "type": "Domain"
        },
        {
            "name": "gdbelief.com",
            "type": "Domain"
        },
        {
            "name": "hkfangle.com",
            "type": "Domain"
        },
        {
            "name": "hnhzjqc.com",
            "type": "Domain"
        },
        {
            "name": "hopedresses.com",
            "type": "Domain"
        },
        {
            "name": "hqtjd5209.com",
            "type": "Domain"
        },
        {
            "name": "hxrsl.com",
            "type": "Domain"
        },
        {
            "name": "jielianzhibo.com",
            "type": "Domain"
        },
        {
            "name": "jllzxy.com",
            "type": "Domain"
        },
        {
            "name": "jsfyqy.com",
            "type": "Domain"
        },
        {
            "name": "kebaojc.com",
            "type": "Domain"
        },
        {
            "name": "kuaigaoding.com",
            "type": "Domain"
        },
        {
            "name": "likeball.net",
            "type": "Domain"
        },
        {
            "name": "livetv13.com",
            "type": "Domain"
        },
        {
            "name": "livetv14.com",
            "type": "Domain"
        },
        {
            "name": "livetv16.com",
            "type": "Domain"
        },
        {
            "name": "livetv17.com",
            "type": "Domain"
        },
        {
            "name": "livetv19.com",
            "type": "Domain"
        },
        {
            "name": "livetv20.com",
            "type": "Domain"
        },
        {
            "name": "livetv21.com",
            "type": "Domain"
        },
        {
            "name": "livetv23.com",
            "type": "Domain"
        },
        {
            "name": "livetv28.com",
            "type": "Domain"
        },
        {
            "name": "livetv30.com",
            "type": "Domain"
        },
        {
            "name": "livetv31.com",
            "type": "Domain"
        },
        {
            "name": "livetv33.com",
            "type": "Domain"
        },
        {
            "name": "livetv34.com",
            "type": "Domain"
        },
        {
            "name": "livetv35.com",
            "type": "Domain"
        },
        {
            "name": "livetv36.com",
            "type": "Domain"
        },
        {
            "name": "livetv37.com",
            "type": "Domain"
        },
        {
            "name": "livetv38.com",
            "type": "Domain"
        },
        {
            "name": "livetv39.com",
            "type": "Domain"
        },
        {
            "name": "namebright.com",
            "type": "Domain"
        },
        {
            "name": "nbparking-lb1-e8979d80a94bc16b.elb.us-east-1.amazonaws.com",
            "type": "Domain"
        },
        {
            "name": "pembemerdane.com",
            "type": "Domain"
        },
        {
            "name": "qianzi8.com",
            "type": "Domain"
        },
        {
            "name": "sekongkong.com",
            "type": "Domain"
        },
        {
            "name": "sxhylr.com",
            "type": "Domain"
        },
        {
            "name": "sysy777.com",
            "type": "Domain"
        },
        {
            "name": "szfydpcj.com",
            "type": "Domain"
        },
        {
            "name": "tg0755.com",
            "type": "Domain"
        },
        {
            "name": "tippto.com",
            "type": "Domain"
        },
        {
            "name": "tokai-china.com",
            "type": "Domain"
        },
        {
            "name": "trioadagio.com",
            "type": "Domain"
        },
        {
            "name": "www.0-1bb.com",
            "type": "Domain"
        },
        {
            "name": "www.070926.com",
            "type": "Domain"
        },
        {
            "name": "www.070976.com",
            "type": "Domain"
        },
        {
            "name": "www.0791ic.com",
            "type": "Domain"
        },
        {
            "name": "www.0817zxw.com",
            "type": "Domain"
        },
        {
            "name": "www.0x0q.com",
            "type": "Domain"
        },
        {
            "name": "www.114pic.com",
            "type": "Domain"
        },
        {
            "name": "www.174zx.com",
            "type": "Domain"
        },
        {
            "name": "www.17la8.com",
            "type": "Domain"
        },
        {
            "name": "www.18-34.com",
            "type": "Domain"
        },
        {
            "name": "www.86fair.net",
            "type": "Domain"
        },
        {
            "name": "www.acbkl.com",
            "type": "Domain"
        },
        {
            "name": "www.aixiangju.com",
            "type": "Domain"
        },
        {
            "name": "www.angelsanzo.com",
            "type": "Domain"
        },
        {
            "name": "www.barracuda-nice.com",
            "type": "Domain"
        },
        {
            "name": "www.bjmssc.com",
            "type": "Domain"
        },
        {
            "name": "www.bn114.com",
            "type": "Domain"
        },
        {
            "name": "www.bresciabelowknee.com",
            "type": "Domain"
        },
        {
            "name": "www.bunmoo.com",
            "type": "Domain"
        },
        {
            "name": "www.egvabogados.com",
            "type": "Domain"
        },
        {
            "name": "www.fu360ykt.com",
            "type": "Domain"
        },
        {
            "name": "www.gdbelief.com",
            "type": "Domain"
        },
        {
            "name": "www.gyrhwl.com",
            "type": "Domain"
        },
        {
            "name": "www.hkfangle.com",
            "type": "Domain"
        },
        {
            "name": "www.hnhzjqc.com",
            "type": "Domain"
        },
        {
            "name": "www.hopedresses.com",
            "type": "Domain"
        },
        {
            "name": "www.hqtjd5209.com",
            "type": "Domain"
        },
        {
            "name": "www.hxrsl.com",
            "type": "Domain"
        },
        {
            "name": "www.jielianzhibo.com",
            "type": "Domain"
        },
        {
            "name": "www.jllzxy.com",
            "type": "Domain"
        },
        {
            "name": "www.jsfyqy.com",
            "type": "Domain"
        },
        {
            "name": "www.kebaojc.com",
            "type": "Domain"
        },
        {
            "name": "www.likeball.net",
            "type": "Domain"
        },
        {
            "name": "www.livetv13.com",
            "type": "Domain"
        },
        {
            "name": "www.livetv15.com",
            "type": "Domain"
        },
        {
            "name": "www.livetv17.com",
            "type": "Domain"
        },
        {
            "name": "www.livetv19.com",
            "type": "Domain"
        },
        {
            "name": "www.livetv20.com",
            "type": "Domain"
        },
        {
            "name": "www.livetv25.com",
            "type": "Domain"
        },
        {
            "name": "www.livetv30.com",
            "type": "Domain"
        },
        {
            "name": "www.livetv31.com",
            "type": "Domain"
        },
        {
            "name": "www.livetv36.com",
            "type": "Domain"
        },
        {
            "name": "www.livetv37.com",
            "type": "Domain"
        },
        {
            "name": "www.pembemerdane.com",
            "type": "Domain"
        },
        {
            "name": "www.qianzi8.com",
            "type": "Domain"
        },
        {
            "name": "www.sekongkong.com",
            "type": "Domain"
        },
        {
            "name": "www.sxhylr.com",
            "type": "Domain"
        },
        {
            "name": "www.sysy777.com",
            "type": "Domain"
        },
        {
            "name": "www.szfydpcj.com",
            "type": "Domain"
        },
        {
            "name": "www.tg0755.com",
            "type": "Domain"
        },
        {
            "name": "www.tippto.com",
            "type": "Domain"
        },
        {
            "name": "www.tokai-china.com",
            "type": "Domain"
        },
        {
            "name": "www.trioadagio.com",
            "type": "Domain"
        },
        {
            "name": "www.xdlnews.com",
            "type": "Domain"
        },
        {
            "name": "www.xinyuzyz.com",
            "type": "Domain"
        },
        {
            "name": "www.xsdayp.com",
            "type": "Domain"
        },
        {
            "name": "www.xydztc.com",
            "type": "Domain"
        },
        {
            "name": "www.yipeida.com",
            "type": "Domain"
        },
        {
            "name": "www.yuji-ic.com",
            "type": "Domain"
        },
        {
            "name": "www.zhenghexieye.com",
            "type": "Domain"
        },
        {
            "name": "xdlnews.com",
            "type": "Domain"
        },
        {
            "name": "xinyuzyz.com",
            "type": "Domain"
        },
        {
            "name": "xsdayp.com",
            "type": "Domain"
        },
        {
            "name": "xydztc.com",
            "type": "Domain"
        },
        {
            "name": "yipeida.com",
            "type": "Domain"
        },
        {
            "name": "yuji-ic.com",
            "type": "Domain"
        },
        {
            "name": "zhenghexieye.com",
            "type": "Domain"
        },
        {
            "name": "AS133201",
            "type": "ASN"
        },
        {
            "name": "154.209.173.0/24",
            "type": "IP_CIDR"
        },
        {
            "name": "154.210.109.0/24",
            "type": "IP_CIDR"
        },
        {
            "name": "AS134548",
            "type": "ASN"
        },
        {
            "name": "154.84.73.0/24",
            "type": "IP_CIDR"
        },
        {
            "name": "154.91.23.0/24",
            "type": "IP_CIDR"
        },
        {
            "name": "154.92.232.0/24",
            "type": "IP_CIDR"
        },
        {
            "name": "154.92.238.0/24",
            "type": "IP_CIDR"
        },
        {
            "name": "154.92.239.0/24",
            "type": "IP_CIDR"
        },
        {
            "name": "154.92.241.0/24",
            "type": "IP_CIDR"
        },
        {
            "name": "154.93.170.0/24",
            "type": "IP_CIDR"
        },
        {
            "name": "156.238.46.0/24",
            "type": "IP_CIDR"
        },
        {
            "name": "jianfeng wu",
            "type": "Whois_Name"
        },
        {
            "name": "+86.4009972996",
            "type": "Whois_Phone"
        },
        {
            "name": "admin@juming.com",
            "type": "Whois_Email"
        },
        {
            "name": "175.29.240.0/24",
            "type": "IP_CIDR"
        },
        {
            "name": "45.197.140.0/24",
            "type": "IP_CIDR"
        },
        {
            "name": "45.197.141.0/24",
            "type": "IP_CIDR"
        },
        {
            "name": "jian mao",
            "type": "Whois_Name"
        },
        {
            "name": "+86.45465836824",
            "type": "Whois_Phone"
        },
        {
            "name": "laosiji1909@outlook.com",
            "type": "Whois_Email"
        },
        {
            "name": "min lan zhong",
            "type": "Whois_Name"
        },
        {
            "name": "+86.13111234112",
            "type": "Whois_Phone"
        },
        {
            "name": "ename12345@qq.com",
            "type": "Whois_Email"
        },
        {
            "name": "bai chen meng",
            "type": "Whois_Name"
        },
        {
            "name": "+86.13229941380",
            "type": "Whois_Phone"
        },
        {
            "name": "2019888dffdfdf@gmail.com",
            "type": "Whois_Email"
        },
        {
            "name": "yan ma",
            "type": "Whois_Name"
        },
        {
            "name": "+86.13150794219",
            "type": "Whois_Phone"
        },
        {
            "name": "gd222www@gmail.com",
            "type": "Whois_Email"
        },
        {
            "name": "REDACTED FOR PRIVACY",
            "type": "Whois_Name"
        },
        {
            "name": "+86.045465836824",
            "type": "Whois_Phone"
        },
        {
            "name": "Domain Administrator",
            "type": "Whois_Name"
        },
        {
            "name": "+86.5925990220",
            "type": "Whois_Phone"
        },
        {
            "name": "dotmedia3@dotmedia.com",
            "type": "Whois_Email"
        },
        {
            "name": "zhi yong zhang",
            "type": "Whois_Name"
        },
        {
            "name": "+86.15824999965",
            "type": "Whois_Phone"
        },
        {
            "name": "3185794516@qq.com",
            "type": "Whois_Email"
        },
        {
            "name": "xue lian lu",
            "type": "Whois_Name"
        },
        {
            "name": "+86.13285049137",
            "type": "Whois_Phone"
        },
        {
            "name": "xh5577775@163.com",
            "type": "Whois_Email"
        }
    ]
}