[
    {
        "cert": [
            "fac1abeb09583403f8db6f228bbabdb281fc7a4d1c4d6f324cf88126ce6b7936"
        ],
        "dns_a": [
            "122.114.176.83"
        ],
        "name": "007-56.com",
        "type": "Domain"
    },
    {
        "cert": [
            "fac1abeb09583403f8db6f228bbabdb281fc7a4d1c4d6f324cf88126ce6b7936"
        ],
        "dns_a": [
            "116.255.151.168"
        ],
        "name": "0577yingcai.com",
        "type": "Domain"
    },
    {
        "name": "103.42.176.10",
        "type": "IP"
    },
    {
        "name": "103.49.249.13",
        "type": "IP"
    },
    {
        "name": "107.151.106.32",
        "type": "IP"
    },
    {
        "name": "107.151.106.36",
        "type": "IP"
    },
    {
        "name": "107.151.106.81",
        "type": "IP"
    },
    {
        "name": "107.151.106.82",
        "type": "IP"
    },
    {
        "name": "107.151.106.83",
        "type": "IP"
    },
    {
        "asn": [
            "AS132839"
        ],
        "cidr": [
            "107.151.110.0/24"
        ],
        "name": "107.151.110.134",
        "type": "IP"
    },
    {
        "name": "107.151.110.140",
        "type": "IP"
    },
    {
        "name": "107.151.110.149",
        "type": "IP"
    },
    {
        "name": "107.151.181.101",
        "type": "IP"
    },
    {
        "name": "107.151.181.114",
        "type": "IP"
    },
    {
        "name": "107.151.181.13",
        "type": "IP"
    },
    {
        "name": "107.151.181.96",
        "type": "IP"
    },
    {
        "name": "107.151.66.34",
        "type": "IP"
    },
    {
        "name": "107.151.66.39",
        "type": "IP"
    },
    {
        "name": "107.151.66.45",
        "type": "IP"
    },
    {
        "name": "107.151.66.53",
        "type": "IP"
    },
    {
        "name": "107.151.97.25",
        "type": "IP"
    },
    {
        "name": "107.151.97.37",
        "type": "IP"
    },
    {
        "name": "116.206.177.166",
        "type": "IP"
    },
    {
        "name": "116.255.151.101",
        "type": "IP"
    },
    {
        "name": "116.255.151.108",
        "type": "IP"
    },
    {
        "name": "116.255.151.168",
        "type": "IP"
    },
    {
        "name": "116.255.151.173",
        "type": "IP"
    },
    {
        "name": "116.255.151.179",
        "type": "IP"
    },
    {
        "name": "116.255.151.181",
        "type": "IP"
    },
    {
        "name": "116.255.151.32",
        "type": "IP"
    },
    {
        "name": "122.114.104.136",
        "type": "IP"
    },
    {
        "name": "122.114.104.220",
        "type": "IP"
    },
    {
        "name": "122.114.118.127",
        "type": "IP"
    },
    {
        "name": "122.114.118.7",
        "type": "IP"
    },
    {
        "name": "122.114.121.100",
        "type": "IP"
    },
    {
        "name": "122.114.121.53",
        "type": "IP"
    },
    {
        "name": "122.114.121.57",
        "type": "IP"
    },
    {
        "name": "122.114.121.84",
        "type": "IP"
    },
    {
        "name": "122.114.134.136",
        "type": "IP"
    },
    {
        "name": "122.114.134.31",
        "type": "IP"
    },
    {
        "name": "122.114.152.194",
        "type": "IP"
    },
    {
        "name": "122.114.152.208",
        "type": "IP"
    },
    {
        "name": "122.114.152.74",
        "type": "IP"
    },
    {
        "name": "122.114.176.101",
        "type": "IP"
    },
    {
        "name": "122.114.176.12",
        "type": "IP"
    },
    {
        "name": "122.114.176.137",
        "type": "IP"
    },
    {
        "name": "122.114.176.154",
        "type": "IP"
    },
    {
        "name": "122.114.176.184",
        "type": "IP"
    },
    {
        "name": "122.114.176.19",
        "type": "IP"
    },
    {
        "name": "122.114.176.34",
        "type": "IP"
    },
    {
        "name": "122.114.176.56",
        "type": "IP"
    },
    {
        "name": "122.114.176.83",
        "type": "IP"
    },
    {
        "name": "122.114.176.91",
        "type": "IP"
    },
    {
        "name": "122.114.220.103",
        "type": "IP"
    },
    {
        "name": "122.114.220.114",
        "type": "IP"
    },
    {
        "name": "122.114.220.136",
        "type": "IP"
    },
    {
        "name": "122.114.220.151",
        "type": "IP"
    },
    {
        "name": "122.114.220.154",
        "type": "IP"
    },
    {
        "name": "122.114.220.175",
        "type": "IP"
    },
    {
        "name": "122.114.220.19",
        "type": "IP"
    },
    {
        "name": "122.114.220.78",
        "type": "IP"
    },
    {
        "name": "122.114.221.134",
        "type": "IP"
    },
    {
        "name": "122.114.221.180",
        "type": "IP"
    },
    {
        "name": "122.114.221.194",
        "type": "IP"
    },
    {
        "name": "122.114.221.22",
        "type": "IP"
    },
    {
        "name": "122.114.221.53",
        "type": "IP"
    },
    {
        "name": "122.114.3.167",
        "type": "IP"
    },
    {
        "name": "122.114.3.230",
        "type": "IP"
    },
    {
        "name": "123.1.179.196",
        "type": "IP"
    },
    {
        "name": "123.1.179.199",
        "type": "IP"
    },
    {
        "name": "123.1.179.201",
        "type": "IP"
    },
    {
        "name": "123.1.179.224",
        "type": "IP"
    },
    {
        "name": "124.156.182.44",
        "type": "IP"
    },
    {
        "name": "128.14.20.178",
        "type": "IP"
    },
    {
        "name": "128.14.20.181",
        "type": "IP"
    },
    {
        "name": "129.226.137.18",
        "type": "IP"
    },
    {
        "name": "129.226.140.52",
        "type": "IP"
    },
    {
        "cert": [
            "fac1abeb09583403f8db6f228bbabdb281fc7a4d1c4d6f324cf88126ce6b7936"
        ],
        "dns_a": [
            "122.114.104.220"
        ],
        "name": "13623371003.com",
        "type": "Domain"
    },
    {
        "cert": [
            "fac1abeb09583403f8db6f228bbabdb281fc7a4d1c4d6f324cf88126ce6b7936"
        ],
        "dns_a": [
            "210.209.84.108"
        ],
        "name": "1502858.vhost198.mianbeian.top",
        "type": "Domain"
    },
    {
        "cert": [
            "fac1abeb09583403f8db6f228bbabdb281fc7a4d1c4d6f324cf88126ce6b7936"
        ],
        "dns_a": [
            "123.1.179.201"
        ],
        "name": "1556391.vhost207.wuxubeian.top",
        "type": "Domain"
    },
    {
        "cert": [
            "fac1abeb09583403f8db6f228bbabdb281fc7a4d1c4d6f324cf88126ce6b7936"
        ],
        "dns_a": [
            "210.209.84.128"
        ],
        "name": "1556644.vhost168.wuxubeian.top",
        "type": "Domain"
    },
    {
        "cert": [
            "fac1abeb09583403f8db6f228bbabdb281fc7a4d1c4d6f324cf88126ce6b7936"
        ],
        "dns_a": [
            "58.64.162.222"
        ],
        "name": "1557317.vhost200.wuxubeian.top",
        "type": "Domain"
    },
    {
        "cert": [
            "fac1abeb09583403f8db6f228bbabdb281fc7a4d1c4d6f324cf88126ce6b7936"
        ],
        "dns_a": [
            "210.209.84.165"
        ],
        "name": "1559464.vhost190.wuxubeian.top",
        "type": "Domain"
    },
    {
        "cert": [
            "fac1abeb09583403f8db6f228bbabdb281fc7a4d1c4d6f324cf88126ce6b7936"
        ],
        "dns_a": [
            "210.209.84.23"
        ],
        "name": "1559471.vhost167.mianbeian.top",
        "type": "Domain"
    },
    {
        "cert": [
            "fac1abeb09583403f8db6f228bbabdb281fc7a4d1c4d6f324cf88126ce6b7936"
        ],
        "dns_a": [
            "107.151.181.13"
        ],
        "name": "1559532.vhost57.mianbeian.top",
        "type": "Domain"
    },
    {
        "cert": [
            "fac1abeb09583403f8db6f228bbabdb281fc7a4d1c4d6f324cf88126ce6b7936"
        ],
        "dns_a": [
            "128.14.20.178"
        ],
        "name": "1559769.vhost490.mianbeian.top",
        "type": "Domain"
    },
    {
        "cert": [
            "fac1abeb09583403f8db6f228bbabdb281fc7a4d1c4d6f324cf88126ce6b7936"
        ],
        "name": "1560944.vhost177.mianbeian.top",
        "type": "Domain"
    },
    {
        "cert": [
            "fac1abeb09583403f8db6f228bbabdb281fc7a4d1c4d6f324cf88126ce6b7936"
        ],
        "dns_a": [
            "210.209.84.252"
        ],
        "name": "1564245.vhost167.wuxubeian.top",
        "type": "Domain"
    },
    {
        "cert": [
            "fac1abeb09583403f8db6f228bbabdb281fc7a4d1c4d6f324cf88126ce6b7936"
        ],
        "dns_a": [
            "59.188.80.137"
        ],
        "name": "1566205.vhost170.mianbeian.top",
        "type": "Domain"
    },
    {
        "cert": [
            "fac1abeb09583403f8db6f228bbabdb281fc7a4d1c4d6f324cf88126ce6b7936"
        ],
        "dns_a": [
            "210.209.84.134"
        ],
        "name": "1568414.vhost145.mianbeian.top",
        "type": "Domain"
    },
    {
        "name": "156.239.159.251",
        "type": "IP"
    },
    {
        "cert": [
            "fac1abeb09583403f8db6f228bbabdb281fc7a4d1c4d6f324cf88126ce6b7936"
        ],
        "dns_a": [
            "123.1.179.224"
        ],
        "name": "1571818.vhost106.wuxubeian.top",
        "type": "Domain"
    },
    {
        "cert": [
            "fac1abeb09583403f8db6f228bbabdb281fc7a4d1c4d6f324cf88126ce6b7936"
        ],
        "dns_a": [
            "210.209.84.170"
        ],
        "name": "1572339.vhost196.wuxubeian.top",
        "type": "Domain"
    },
    {
        "name": "1572341.vhost140.mianbeian.top",
        "type": "Domain"
    },
    {
        "cert": [
            "fac1abeb09583403f8db6f228bbabdb281fc7a4d1c4d6f324cf88126ce6b7936"
        ],
        "dns_a": [
            "128.14.20.181"
        ],
        "name": "1572343.vhost140.mianbeian.top",
        "type": "Domain"
    },
    {
        "cert": [
            "fac1abeb09583403f8db6f228bbabdb281fc7a4d1c4d6f324cf88126ce6b7936"
        ],
        "dns_a": [
            "58.64.162.222"
        ],
        "name": "1572388.vhost200.wuxubeian.top",
        "type": "Domain"
    },
    {
        "cert": [
            "fac1abeb09583403f8db6f228bbabdb281fc7a4d1c4d6f324cf88126ce6b7936"
        ],
        "dns_a": [
            "59.188.80.132"
        ],
        "name": "1572389.vhost186.wuxubeian.top",
        "type": "Domain"
    },
    {
        "cert": [
            "fac1abeb09583403f8db6f228bbabdb281fc7a4d1c4d6f324cf88126ce6b7936"
        ],
        "dns_a": [
            "123.1.179.196"
        ],
        "name": "1572590.vhost146.mianbeian.top",
        "type": "Domain"
    },
    {
        "name": "1572893.vhost166.wuxubeian.top",
        "type": "Domain"
    },
    {
        "cert": [
            "fac1abeb09583403f8db6f228bbabdb281fc7a4d1c4d6f324cf88126ce6b7936"
        ],
        "dns_a": [
            "210.209.84.193"
        ],
        "name": "1572895.vhost172.mianbeian.top",
        "type": "Domain"
    },
    {
        "cert": [
            "fac1abeb09583403f8db6f228bbabdb281fc7a4d1c4d6f324cf88126ce6b7936"
        ],
        "dns_a": [
            "210.209.84.61"
        ],
        "name": "1572898.vhost157.mianbeian.top",
        "type": "Domain"
    },
    {
        "cert": [
            "fac1abeb09583403f8db6f228bbabdb281fc7a4d1c4d6f324cf88126ce6b7936"
        ],
        "dns_a": [
            "107.151.181.101"
        ],
        "name": "1573048.vhost492.mianbeian.top",
        "type": "Domain"
    },
    {
        "cert": [
            "fac1abeb09583403f8db6f228bbabdb281fc7a4d1c4d6f324cf88126ce6b7936"
        ],
        "name": "1573352.vhost491.mianbeian.top",
        "type": "Domain"
    },
    {
        "cert": [
            "fac1abeb09583403f8db6f228bbabdb281fc7a4d1c4d6f324cf88126ce6b7936"
        ],
        "dns_a": [
            "210.209.84.154"
        ],
        "name": "1574279.vhost155.wuxubeian.top",
        "type": "Domain"
    },
    {
        "cert": [
            "fac1abeb09583403f8db6f228bbabdb281fc7a4d1c4d6f324cf88126ce6b7936"
        ],
        "dns_a": [
            "128.14.20.178"
        ],
        "name": "1574300.vhost490.mianbeian.top",
        "type": "Domain"
    },
    {
        "cert": [
            "945721c9afb2747e8370e6a3df4da422c2c20df990d0915ca9d464f6ea8fdca7"
        ],
        "dns_a": [
            "116.206.177.166"
        ],
        "name": "1618119.com",
        "subdomain": [
            "www.1618119.com"
        ],
        "type": "Domain",
        "whois_email": [
            "1618119.com@superprivacyservice.com"
        ],
        "whois_name": [
            "Super Privacy Service LTD c/o Dynadot"
        ],
        "whois_phone": [
            "+1.6505854708"
        ]
    },
    {
        "name": "210.209.84.108",
        "type": "IP"
    },
    {
        "name": "210.209.84.120",
        "type": "IP"
    },
    {
        "name": "210.209.84.123",
        "type": "IP"
    },
    {
        "name": "210.209.84.128",
        "type": "IP"
    },
    {
        "name": "210.209.84.134",
        "type": "IP"
    },
    {
        "name": "210.209.84.154",
        "type": "IP"
    },
    {
        "name": "210.209.84.165",
        "type": "IP"
    },
    {
        "name": "210.209.84.170",
        "type": "IP"
    },
    {
        "name": "210.209.84.173",
        "type": "IP"
    },
    {
        "name": "210.209.84.179",
        "type": "IP"
    },
    {
        "name": "210.209.84.182",
        "type": "IP"
    },
    {
        "name": "210.209.84.193",
        "type": "IP"
    },
    {
        "name": "210.209.84.23",
        "type": "IP"
    },
    {
        "name": "210.209.84.249",
        "type": "IP"
    },
    {
        "name": "210.209.84.252",
        "type": "IP"
    },
    {
        "name": "210.209.84.45",
        "type": "IP"
    },
    {
        "name": "210.209.84.61",
        "type": "IP"
    },
    {
        "cert": [
            "945721c9afb2747e8370e6a3df4da422c2c20df990d0915ca9d464f6ea8fdca7"
        ],
        "dns_a": [
            "116.206.177.166"
        ],
        "name": "4126127128.com",
        "subdomain": [
            "www.4126127128.com"
        ],
        "type": "Domain",
        "whois_email": [
            "4126127128.com@superprivacyservice.com"
        ],
        "whois_name": [
            "Super Privacy Service LTD c/o Dynadot"
        ],
        "whois_phone": [
            "+1.6505854708"
        ]
    },
    {
        "cert": [
            "fac1abeb09583403f8db6f228bbabdb281fc7a4d1c4d6f324cf88126ce6b7936"
        ],
        "dns_a": [
            "122.114.176.101"
        ],
        "name": "419838.vhost379.cloudvhost.cn",
        "type": "Domain"
    },
    {
        "name": "43.251.105.12",
        "type": "IP"
    },
    {
        "name": "43.251.105.16",
        "type": "IP"
    },
    {
        "name": "43.251.105.23",
        "type": "IP"
    },
    {
        "name": "43.251.105.24",
        "type": "IP"
    },
    {
        "name": "43.251.105.3",
        "type": "IP"
    },
    {
        "name": "43.251.105.51",
        "type": "IP"
    },
    {
        "cert": [
            "fac1abeb09583403f8db6f228bbabdb281fc7a4d1c4d6f324cf88126ce6b7936"
        ],
        "dns_a": [
            "123.1.179.201"
        ],
        "name": "510192.vhost207.wuxubeian.top",
        "type": "Domain",
        "whois_email": [
            "wangzi@zzidc.com"
        ],
        "whois_name": [
            "YangXiao Long"
        ],
        "whois_phone": [
            "+86.13333866163"
        ]
    },
    {
        "cert": [
            "fac1abeb09583403f8db6f228bbabdb281fc7a4d1c4d6f324cf88126ce6b7936"
        ],
        "dns_a": [
            "122.114.220.19"
        ],
        "name": "518900.vhost301.cnameaddress.top",
        "type": "Domain"
    },
    {
        "cert": [
            "fac1abeb09583403f8db6f228bbabdb281fc7a4d1c4d6f324cf88126ce6b7936"
        ],
        "dns_a": [
            "210.209.84.128"
        ],
        "name": "523591.vhost168.wuxubeian.top",
        "type": "Domain"
    },
    {
        "cert": [
            "fac1abeb09583403f8db6f228bbabdb281fc7a4d1c4d6f324cf88126ce6b7936"
        ],
        "dns_a": [
            "210.209.84.179"
        ],
        "name": "553339.vhost206.mianbeian.top",
        "type": "Domain"
    },
    {
        "cert": [
            "fac1abeb09583403f8db6f228bbabdb281fc7a4d1c4d6f324cf88126ce6b7936"
        ],
        "dns_a": [
            "210.209.84.45"
        ],
        "name": "574777.vhost118.wuxubeian.top",
        "type": "Domain"
    },
    {
        "name": "58.64.141.202",
        "type": "IP"
    },
    {
        "name": "58.64.162.222",
        "type": "IP"
    },
    {
        "name": "58.64.164.41",
        "type": "IP"
    },
    {
        "name": "59.188.76.235",
        "type": "IP"
    },
    {
        "name": "59.188.80.132",
        "type": "IP"
    },
    {
        "name": "59.188.80.137",
        "type": "IP"
    },
    {
        "name": "59.188.80.140",
        "type": "IP"
    },
    {
        "cert": [
            "fac1abeb09583403f8db6f228bbabdb281fc7a4d1c4d6f324cf88126ce6b7936"
        ],
        "dns_a": [
            "122.114.118.127"
        ],
        "name": "603466.vhost111.jiexidizhi.top",
        "type": "Domain"
    },
    {
        "cert": [
            "fac1abeb09583403f8db6f228bbabdb281fc7a4d1c4d6f324cf88126ce6b7936"
        ],
        "name": "616869.vhost120.cloudvhost.top",
        "type": "Domain"
    },
    {
        "cert": [
            "fac1abeb09583403f8db6f228bbabdb281fc7a4d1c4d6f324cf88126ce6b7936"
        ],
        "dns_a": [
            "122.114.220.103"
        ],
        "name": "617005.vhost154.cloudvhost.cn",
        "type": "Domain"
    },
    {
        "cert": [
            "fac1abeb09583403f8db6f228bbabdb281fc7a4d1c4d6f324cf88126ce6b7936"
        ],
        "dns_a": [
            "59.188.80.140"
        ],
        "name": "617649.vhost154.wuxubeian.top",
        "type": "Domain"
    },
    {
        "cert": [
            "fac1abeb09583403f8db6f228bbabdb281fc7a4d1c4d6f324cf88126ce6b7936"
        ],
        "dns_a": [
            "210.209.84.182"
        ],
        "name": "619773.vhost152.wuxubeian.top",
        "type": "Domain"
    },
    {
        "name": "61.244.67.232",
        "type": "IP"
    },
    {
        "cert": [
            "fac1abeb09583403f8db6f228bbabdb281fc7a4d1c4d6f324cf88126ce6b7936"
        ],
        "dns_a": [
            "122.114.221.134"
        ],
        "name": "622949.vhost597.cloudvhost.cn",
        "type": "Domain"
    },
    {
        "cert": [
            "fac1abeb09583403f8db6f228bbabdb281fc7a4d1c4d6f324cf88126ce6b7936"
        ],
        "dns_a": [
            "122.114.176.91"
        ],
        "name": "624063.vhost260.cloudvhost.cn",
        "type": "Domain"
    },
    {
        "cert": [
            "fac1abeb09583403f8db6f228bbabdb281fc7a4d1c4d6f324cf88126ce6b7936"
        ],
        "dns_a": [
            "122.114.121.100"
        ],
        "name": "625395.vhost183.cloudvhost.cn",
        "type": "Domain"
    },
    {
        "cert": [
            "fac1abeb09583403f8db6f228bbabdb281fc7a4d1c4d6f324cf88126ce6b7936"
        ],
        "dns_a": [
            "122.114.221.194"
        ],
        "name": "628664.vhost506.cloudvhost.top",
        "type": "Domain"
    },
    {
        "cert": [
            "fac1abeb09583403f8db6f228bbabdb281fc7a4d1c4d6f324cf88126ce6b7936"
        ],
        "dns_a": [
            "122.114.221.22"
        ],
        "name": "628947.vhost256.cloudvhost.cn",
        "type": "Domain"
    },
    {
        "cert": [
            "fac1abeb09583403f8db6f228bbabdb281fc7a4d1c4d6f324cf88126ce6b7936"
        ],
        "dns_a": [
            "122.114.176.154"
        ],
        "name": "630830.vhost640.cloudvhost.cn",
        "type": "Domain"
    },
    {
        "cert": [
            "fac1abeb09583403f8db6f228bbabdb281fc7a4d1c4d6f324cf88126ce6b7936"
        ],
        "dns_a": [
            "122.114.134.31"
        ],
        "name": "630833.vhost592.cloudvhost.cn",
        "type": "Domain"
    },
    {
        "cert": [
            "fac1abeb09583403f8db6f228bbabdb281fc7a4d1c4d6f324cf88126ce6b7936"
        ],
        "dns_a": [
            "122.114.176.137"
        ],
        "name": "631418.vhost242.cloudvhost.cn",
        "type": "Domain"
    },
    {
        "cert": [
            "fac1abeb09583403f8db6f228bbabdb281fc7a4d1c4d6f324cf88126ce6b7936"
        ],
        "dns_a": [
            "122.114.3.230"
        ],
        "name": "631793.vhost297.cnameaddress.top",
        "type": "Domain"
    },
    {
        "cert": [
            "fac1abeb09583403f8db6f228bbabdb281fc7a4d1c4d6f324cf88126ce6b7936"
        ],
        "dns_a": [
            "122.114.118.7"
        ],
        "name": "633423.vhost633.cloudvhost.cn",
        "type": "Domain"
    },
    {
        "cert": [
            "fac1abeb09583403f8db6f228bbabdb281fc7a4d1c4d6f324cf88126ce6b7936"
        ],
        "dns_a": [
            "122.114.176.19"
        ],
        "name": "633662.vhost125.cloudvhost.top",
        "type": "Domain"
    },
    {
        "cert": [
            "fac1abeb09583403f8db6f228bbabdb281fc7a4d1c4d6f324cf88126ce6b7936"
        ],
        "dns_a": [
            "122.114.176.19"
        ],
        "name": "633662.vhost125.cloudvhost.top.cname247.yjs-cdn.com",
        "type": "Domain"
    },
    {
        "cert": [
            "fac1abeb09583403f8db6f228bbabdb281fc7a4d1c4d6f324cf88126ce6b7936"
        ],
        "dns_a": [
            "122.114.176.19"
        ],
        "name": "633662.vhost125.cloudvhost.top.cname.yunjiasu-cdn.net",
        "type": "Domain"
    },
    {
        "cert": [
            "fac1abeb09583403f8db6f228bbabdb281fc7a4d1c4d6f324cf88126ce6b7936"
        ],
        "dns_a": [
            "122.114.104.136"
        ],
        "name": "634398.vhost304.cnameaddress.top",
        "type": "Domain"
    },
    {
        "cert": [
            "fac1abeb09583403f8db6f228bbabdb281fc7a4d1c4d6f324cf88126ce6b7936"
        ],
        "dns_a": [
            "122.114.176.34"
        ],
        "name": "634405.vhost539.cloudvhost.cn",
        "type": "Domain"
    },
    {
        "cert": [
            "fac1abeb09583403f8db6f228bbabdb281fc7a4d1c4d6f324cf88126ce6b7936"
        ],
        "dns_a": [
            "122.114.176.184"
        ],
        "name": "634490.vhost575.cloudvhost.cn",
        "type": "Domain"
    },
    {
        "cert": [
            "fac1abeb09583403f8db6f228bbabdb281fc7a4d1c4d6f324cf88126ce6b7936"
        ],
        "dns_a": [
            "122.114.220.151"
        ],
        "name": "634520.vhost296.cnameaddress.top",
        "type": "Domain"
    },
    {
        "cert": [
            "fac1abeb09583403f8db6f228bbabdb281fc7a4d1c4d6f324cf88126ce6b7936"
        ],
        "dns_a": [
            "116.255.151.179"
        ],
        "name": "634526.vhost113.jiexidizhi.top",
        "type": "Domain"
    },
    {
        "cert": [
            "fac1abeb09583403f8db6f228bbabdb281fc7a4d1c4d6f324cf88126ce6b7936"
        ],
        "dns_a": [
            "122.114.220.154"
        ],
        "name": "634551.vhost179.cloudvhost.top",
        "type": "Domain"
    },
    {
        "cert": [
            "fac1abeb09583403f8db6f228bbabdb281fc7a4d1c4d6f324cf88126ce6b7936"
        ],
        "dns_a": [
            "122.114.121.84"
        ],
        "name": "635087.vhost239.cloudvhost.cn",
        "type": "Domain"
    },
    {
        "cert": [
            "fac1abeb09583403f8db6f228bbabdb281fc7a4d1c4d6f324cf88126ce6b7936"
        ],
        "dns_a": [
            "122.114.152.74"
        ],
        "name": "635207.vhost475.cloudvhost.cn",
        "type": "Domain"
    },
    {
        "cert": [
            "fac1abeb09583403f8db6f228bbabdb281fc7a4d1c4d6f324cf88126ce6b7936"
        ],
        "dns_a": [
            "116.255.151.101"
        ],
        "name": "635303.vhost316.cnameaddress.top",
        "type": "Domain"
    },
    {
        "cert": [
            "fac1abeb09583403f8db6f228bbabdb281fc7a4d1c4d6f324cf88126ce6b7936"
        ],
        "dns_a": [
            "122.114.220.78"
        ],
        "name": "645537.vhost136.cloudvhost.cn",
        "type": "Domain"
    },
    {
        "cert": [
            "fac1abeb09583403f8db6f228bbabdb281fc7a4d1c4d6f324cf88126ce6b7936"
        ],
        "dns_a": [
            "116.255.151.181"
        ],
        "name": "651023.vhost191.cloudvhost.top.cname.yunjiasu-cdn.net",
        "type": "Domain"
    },
    {
        "cert": [
            "fac1abeb09583403f8db6f228bbabdb281fc7a4d1c4d6f324cf88126ce6b7936"
        ],
        "dns_a": [
            "122.114.152.208"
        ],
        "name": "654599.vhost477.cloudvhost.cn",
        "type": "Domain"
    },
    {
        "cert": [
            "fac1abeb09583403f8db6f228bbabdb281fc7a4d1c4d6f324cf88126ce6b7936"
        ],
        "dns_a": [
            "116.255.151.173"
        ],
        "name": "654605.vhost223.cloudvhost.cn",
        "type": "Domain"
    },
    {
        "cert": [
            "fac1abeb09583403f8db6f228bbabdb281fc7a4d1c4d6f324cf88126ce6b7936"
        ],
        "dns_a": [
            "122.114.121.57"
        ],
        "name": "654905.vhost478.cloudvhost.cn",
        "type": "Domain"
    },
    {
        "cert": [
            "fac1abeb09583403f8db6f228bbabdb281fc7a4d1c4d6f324cf88126ce6b7936"
        ],
        "dns_a": [
            "122.114.220.114"
        ],
        "name": "654966.vhost146.cloudvhost.cn",
        "type": "Domain"
    },
    {
        "cert": [
            "fac1abeb09583403f8db6f228bbabdb281fc7a4d1c4d6f324cf88126ce6b7936"
        ],
        "dns_a": [
            "122.114.104.220"
        ],
        "name": "655297.vhost558.cloudvhost.cn",
        "type": "Domain"
    },
    {
        "cert": [
            "fac1abeb09583403f8db6f228bbabdb281fc7a4d1c4d6f324cf88126ce6b7936"
        ],
        "dns_a": [
            "116.255.151.32"
        ],
        "name": "655537.vhost479.cloudvhost.cn",
        "type": "Domain"
    },
    {
        "cert": [
            "fac1abeb09583403f8db6f228bbabdb281fc7a4d1c4d6f324cf88126ce6b7936"
        ],
        "dns_a": [
            "122.114.220.136"
        ],
        "name": "655624.vhost301.cnameaddress.top",
        "type": "Domain"
    },
    {
        "cert": [
            "fac1abeb09583403f8db6f228bbabdb281fc7a4d1c4d6f324cf88126ce6b7936"
        ],
        "dns_a": [
            "122.114.176.56"
        ],
        "name": "655770.vhost471.cloudvhost.top.cname.yunjiasu-cdn.net",
        "type": "Domain"
    },
    {
        "cert": [
            "fac1abeb09583403f8db6f228bbabdb281fc7a4d1c4d6f324cf88126ce6b7936"
        ],
        "dns_a": [
            "210.209.84.123"
        ],
        "dns_cname": [
            "1572893.vhost166.wuxubeian.top"
        ],
        "name": "73v73.com",
        "type": "Domain"
    },
    {
        "certchain": [
            "e446c5e9dbef9d09ac9f7027c034602492437a05ff6c40011d7235fca639c79a"
        ],
        "name": "7fc8c5263f0826b13eed1639957cef03f65964464e5b666b3eb3505696bbc73e",
        "type": "Cert_SHA256"
    },
    {
        "cert": [
            "fac1abeb09583403f8db6f228bbabdb281fc7a4d1c4d6f324cf88126ce6b7936"
        ],
        "dns_a": [
            "116.255.151.108"
        ],
        "name": "80328.vhost93.cloudvhost.top.cname2037.yjs-cdn.com",
        "type": "Domain"
    },
    {
        "cert": [
            "945721c9afb2747e8370e6a3df4da422c2c20df990d0915ca9d464f6ea8fdca7"
        ],
        "dns_a": [
            "116.206.177.166"
        ],
        "name": "88ambet.com",
        "subdomain": [
            "www.88ambet.com"
        ],
        "type": "Domain"
    },
    {
        "cert": [
            "fac1abeb09583403f8db6f228bbabdb281fc7a4d1c4d6f324cf88126ce6b7936"
        ],
        "dns_a": [
            "122.114.220.175"
        ],
        "name": "89598.vhost102.cloudvhost.top",
        "type": "Domain"
    },
    {
        "certchain": [
            "7fc8c5263f0826b13eed1639957cef03f65964464e5b666b3eb3505696bbc73e"
        ],
        "name": "945721c9afb2747e8370e6a3df4da422c2c20df990d0915ca9d464f6ea8fdca7",
        "type": "Cert_SHA256"
    },
    {
        "dns_a": [
            "107.151.110.134"
        ],
        "name": "aaqdgou.com",
        "subdomain": [
            "www.aaqdgou.com"
        ],
        "type": "Domain",
        "whois_email": [
            "54498552@qq.com"
        ],
        "whois_name": [
            "Lin Sen Xu"
        ],
        "whois_phone": [
            "+86.53383262556"
        ]
    },
    {
        "dns_a": [
            "107.151.66.39"
        ],
        "name": "aaspngou.com",
        "subdomain": [
            "www.aaspngou.com"
        ],
        "type": "Domain",
        "whois_email": [
            "54498552@qq.com"
        ],
        "whois_name": [
            "Lin Sen Xu"
        ],
        "whois_phone": [
            "+86.53383262556"
        ]
    },
    {
        "dns_a": [
            "43.251.105.24"
        ],
        "name": "abowron.com",
        "subdomain": [
            "www.abowron.com"
        ],
        "type": "Domain",
        "whois_email": [
            "54498552@qq.com"
        ],
        "whois_name": [
            "Lin Sen Xu"
        ],
        "whois_phone": [
            "+86.53383262556"
        ]
    },
    {
        "dns_cname": [
            "553339.vhost206.mianbeian.top"
        ],
        "name": "aduoergun.com",
        "type": "Domain"
    },
    {
        "dns_cname": [
            "553339.vhost206.mianbeian.top"
        ],
        "name": "anuerhachi.com",
        "type": "Domain"
    },
    {
        "dns_a": [
            "43.251.105.23"
        ],
        "name": "azy568.com",
        "subdomain": [
            "www.azy568.com"
        ],
        "type": "Domain",
        "whois_email": [
            "54498552@qq.com"
        ],
        "whois_name": [
            "Lin Sen Xu"
        ],
        "whois_phone": [
            "+86.53383262556"
        ]
    },
    {
        "cert": [
            "fac1abeb09583403f8db6f228bbabdb281fc7a4d1c4d6f324cf88126ce6b7936"
        ],
        "dns_a": [
            "210.209.84.173"
        ],
        "name": "baiquyun.com",
        "type": "Domain"
    },
    {
        "cert": [
            "945721c9afb2747e8370e6a3df4da422c2c20df990d0915ca9d464f6ea8fdca7"
        ],
        "dns_a": [
            "116.206.177.166"
        ],
        "name": "baobaozhuyun.com",
        "subdomain": [
            "www.baobaozhuyun.com"
        ],
        "type": "Domain",
        "whois_email": [
            "adm_18050446@whoisprotection.cc",
            "reg_18050446@whoisprotection.cc",
            "tec_18050446@whoisprotection.cc"
        ],
        "whois_name": [
            "Domain Admin"
        ],
        "whois_phone": [
            "+60.389966788"
        ]
    },
    {
        "dns_a": [
            "107.151.66.53"
        ],
        "name": "bbbgun2829.com",
        "subdomain": [
            "www.bbbgun2829.com"
        ],
        "type": "Domain",
        "whois_email": [
            "54498552@qq.com"
        ],
        "whois_name": [
            "Lin Sen Xu"
        ],
        "whois_phone": [
            "+86.53383262556"
        ]
    },
    {
        "dns_a": [
            "107.151.106.32"
        ],
        "name": "bbgun118.com",
        "subdomain": [
            "www.bbgun118.com"
        ],
        "type": "Domain",
        "whois_email": [
            "54498552@qq.com"
        ],
        "whois_name": [
            "Lin Sen Xu"
        ],
        "whois_phone": [
            "+86.53383262556"
        ]
    },
    {
        "dns_a": [
            "103.49.249.13"
        ],
        "name": "bbgun3388.com",
        "subdomain": [
            "www.bbgun3388.com"
        ],
        "type": "Domain",
        "whois_email": [
            "54498552@qq.com"
        ],
        "whois_name": [
            "Lin Sen Xu"
        ],
        "whois_phone": [
            "+86.53383262556"
        ]
    },
    {
        "dns_a": [
            "107.151.66.45"
        ],
        "name": "bbgun668.com",
        "subdomain": [
            "www.bbgun668.com"
        ],
        "type": "Domain",
        "whois_email": [
            "54498552@qq.com"
        ],
        "whois_name": [
            "Lin Sen Xu"
        ],
        "whois_phone": [
            "+86.53383262556"
        ]
    },
    {
        "dns_a": [
            "107.151.110.140"
        ],
        "name": "bbworld168.com",
        "subdomain": [
            "www.bbworld168.com"
        ],
        "type": "Domain",
        "whois_email": [
            "54498552@qq.com"
        ],
        "whois_name": [
            "Lin Sen Xu"
        ],
        "whois_phone": [
            "+86.53383262556"
        ]
    },
    {
        "dns_a": [
            "107.151.106.83"
        ],
        "name": "bgun899.com",
        "subdomain": [
            "www.bgun899.com"
        ],
        "type": "Domain",
        "whois_email": [
            "54498552@qq.com"
        ],
        "whois_name": [
            "Lin Sen Xu"
        ],
        "whois_phone": [
            "+86.53383262556"
        ]
    },
    {
        "name": "bhlqmm.com",
        "subdomain": [
            "www.bhlqmm.com"
        ],
        "type": "Domain"
    },
    {
        "cert": [
            "fac1abeb09583403f8db6f228bbabdb281fc7a4d1c4d6f324cf88126ce6b7936"
        ],
        "dns_a": [
            "122.114.176.12"
        ],
        "name": "binct.com",
        "type": "Domain"
    },
    {
        "cert": [
            "945721c9afb2747e8370e6a3df4da422c2c20df990d0915ca9d464f6ea8fdca7"
        ],
        "dns_a": [
            "116.206.177.166"
        ],
        "name": "bjjn758.com",
        "subdomain": [
            "www.bjjn758.com"
        ],
        "type": "Domain"
    },
    {
        "cert": [
            "fac1abeb09583403f8db6f228bbabdb281fc7a4d1c4d6f324cf88126ce6b7936"
        ],
        "dns_a": [
            "123.1.179.199"
        ],
        "name": "bjsmc.com",
        "type": "Domain"
    },
    {
        "cert": [
            "945721c9afb2747e8370e6a3df4da422c2c20df990d0915ca9d464f6ea8fdca7"
        ],
        "dns_a": [
            "116.206.177.166"
        ],
        "name": "bjzyjia.com",
        "subdomain": [
            "www.bjzyjia.com"
        ],
        "type": "Domain",
        "whois_email": [
            "54498552@qq.com"
        ],
        "whois_name": [
            "Long Jing Xu"
        ],
        "whois_phone": [
            "+86.1083895253"
        ]
    },
    {
        "cert": [
            "fac1abeb09583403f8db6f228bbabdb281fc7a4d1c4d6f324cf88126ce6b7936"
        ],
        "dns_a": [
            "122.114.134.136"
        ],
        "name": "bz2020.net",
        "type": "Domain"
    },
    {
        "cert": [
            "fac1abeb09583403f8db6f228bbabdb281fc7a4d1c4d6f324cf88126ce6b7936"
        ],
        "dns_a": [
            "58.64.141.202"
        ],
        "name": "c821e.com",
        "type": "Domain"
    },
    {
        "cert": [
            "fac1abeb09583403f8db6f228bbabdb281fc7a4d1c4d6f324cf88126ce6b7936"
        ],
        "dns_a": [
            "59.188.76.235"
        ],
        "name": "cabc.cc",
        "type": "Domain"
    },
    {
        "cert": [
            "fac1abeb09583403f8db6f228bbabdb281fc7a4d1c4d6f324cf88126ce6b7936"
        ],
        "dns_a": [
            "58.64.164.41"
        ],
        "name": "changshaketaizenmeyang.com",
        "type": "Domain"
    },
    {
        "dns_cname": [
            "553339.vhost206.mianbeian.top"
        ],
        "name": "cheguimgb.com",
        "type": "Domain"
    },
    {
        "cert": [
            "fac1abeb09583403f8db6f228bbabdb281fc7a4d1c4d6f324cf88126ce6b7936"
        ],
        "dns_a": [
            "122.114.221.180"
        ],
        "name": "chinahsdzjx.com",
        "type": "Domain"
    },
    {
        "dns_cname": [
            "553339.vhost206.mianbeian.top"
        ],
        "name": "cmgbe.com",
        "type": "Domain"
    },
    {
        "dns_cname": [
            "553339.vhost206.mianbeian.top"
        ],
        "name": "cmgbne.com",
        "type": "Domain"
    },
    {
        "cert": [
            "f0c73a6f640e3e8864ce8bcebca9094f4757b7f207340c1deddd3162ed5e5d28"
        ],
        "name": "cname.cdn.ectomcat.com",
        "request_jump": [
            "ecs55.tomcats.pw"
        ],
        "type": "Domain"
    },
    {
        "cert": [
            "fac1abeb09583403f8db6f228bbabdb281fc7a4d1c4d6f324cf88126ce6b7936"
        ],
        "dns_a": [
            "128.14.20.181"
        ],
        "dns_cname": [
            "1572341.vhost140.mianbeian.top"
        ],
        "name": "constant-solid.com",
        "subdomain": [
            "www.constant-solid.com"
        ],
        "type": "Domain"
    },
    {
        "cert": [
            "fac1abeb09583403f8db6f228bbabdb281fc7a4d1c4d6f324cf88126ce6b7936"
        ],
        "dns_a": [
            "210.209.84.120"
        ],
        "name": "cyjc168-02.com",
        "type": "Domain"
    },
    {
        "cert": [
            "fac1abeb09583403f8db6f228bbabdb281fc7a4d1c4d6f324cf88126ce6b7936"
        ],
        "dns_a": [
            "210.209.84.23"
        ],
        "name": "dadasir.com",
        "type": "Domain"
    },
    {
        "cert": [
            "fac1abeb09583403f8db6f228bbabdb281fc7a4d1c4d6f324cf88126ce6b7936"
        ],
        "dns_a": [
            "210.209.84.249"
        ],
        "dns_cname": [
            "1560944.vhost177.mianbeian.top"
        ],
        "name": "daotutousu.com",
        "subdomain": [
            "www.daotutousu.com"
        ],
        "type": "Domain"
    },
    {
        "dns_a": [
            "107.151.106.81"
        ],
        "name": "ddgun88.com",
        "subdomain": [
            "www.ddgun88.com"
        ],
        "type": "Domain",
        "whois_email": [
            "54498552@qq.com"
        ],
        "whois_name": [
            "Lin Sen Xu"
        ],
        "whois_phone": [
            "+86.53383262556"
        ]
    },
    {
        "cert": [
            "fac1abeb09583403f8db6f228bbabdb281fc7a4d1c4d6f324cf88126ce6b7936"
        ],
        "dns_a": [
            "122.114.3.167"
        ],
        "name": "dfssjxbj.com",
        "type": "Domain"
    },
    {
        "dns_a": [
            "107.151.106.36"
        ],
        "name": "dggun22.com",
        "subdomain": [
            "www.dggun22.com"
        ],
        "type": "Domain",
        "whois_email": [
            "54498552@qq.com"
        ],
        "whois_name": [
            "Lin Sen Xu"
        ],
        "whois_phone": [
            "+86.53383262556"
        ]
    },
    {
        "dns_a": [
            "107.151.97.37"
        ],
        "name": "dsn20.com",
        "subdomain": [
            "www.dsn20.com"
        ],
        "type": "Domain",
        "whois_email": [
            "54498552@qq.com"
        ],
        "whois_name": [
            "Lin Sen Xu"
        ],
        "whois_phone": [
            "+86.53383262556"
        ]
    },
    {
        "name": "e446c5e9dbef9d09ac9f7027c034602492437a05ff6c40011d7235fca639c79a",
        "type": "Cert_SHA256"
    },
    {
        "cert": [
            "f0c73a6f640e3e8864ce8bcebca9094f4757b7f207340c1deddd3162ed5e5d28"
        ],
        "dns_a": [
            "156.239.159.251"
        ],
        "dns_cname": [
            "cname.cdn.ectomcat.com"
        ],
        "name": "ecs55.tomcats.pw",
        "type": "Domain",
        "whois_email": [
            "contact@privacyprotect.org"
        ],
        "whois_name": [
            "Domain Admin"
        ],
        "whois_phone": [
            "18022274003"
        ]
    },
    {
        "cert": [
            "f0c73a6f640e3e8864ce8bcebca9094f4757b7f207340c1deddd3162ed5e5d28"
        ],
        "dns_a": [
            "156.239.159.251"
        ],
        "dns_cname": [
            "ecs55.tomcats.pw"
        ],
        "name": "esmallgame.com",
        "subdomain": [
            "www.esmallgame.com"
        ],
        "type": "Domain",
        "whois_email": [
            "54498552@qq.com"
        ],
        "whois_name": [
            "Lin Sen Xu"
        ],
        "whois_phone": [
            "+86.53383262556"
        ]
    },
    {
        "certchain": [
            "e446c5e9dbef9d09ac9f7027c034602492437a05ff6c40011d7235fca639c79a"
        ],
        "name": "f0c73a6f640e3e8864ce8bcebca9094f4757b7f207340c1deddd3162ed5e5d28",
        "type": "Cert_SHA256"
    },
    {
        "name": "fac1abeb09583403f8db6f228bbabdb281fc7a4d1c4d6f324cf88126ce6b7936",
        "type": "Cert_SHA256"
    },
    {
        "cert": [
            "fac1abeb09583403f8db6f228bbabdb281fc7a4d1c4d6f324cf88126ce6b7936"
        ],
        "dns_a": [
            "122.114.152.194"
        ],
        "name": "gdykpm.com",
        "type": "Domain"
    },
    {
        "dns_a": [
            "107.151.106.82"
        ],
        "name": "gun77777.com",
        "request_jump": [
            "www.bgun899.com"
        ],
        "subdomain": [
            "www.gun77777.com"
        ],
        "type": "Domain",
        "whois_email": [
            "54498552@qq.com"
        ],
        "whois_name": [
            "Lin Sen Xu"
        ],
        "whois_phone": [
            "+86.53383262556"
        ]
    },
    {
        "dns_a": [
            "107.151.110.149"
        ],
        "name": "gunworld66.com",
        "subdomain": [
            "www.gunworld66.com"
        ],
        "type": "Domain",
        "whois_email": [
            "54498552@qq.com"
        ],
        "whois_name": [
            "Lin Sen Xu"
        ],
        "whois_phone": [
            "+86.53383262556"
        ]
    },
    {
        "dns_a": [
            "107.151.66.34"
        ],
        "name": "gzhugun77.com",
        "subdomain": [
            "www.gzhugun77.com"
        ],
        "type": "Domain",
        "whois_email": [
            "54498552@qq.com"
        ],
        "whois_name": [
            "Lin Sen Xu"
        ],
        "whois_phone": [
            "+86.53383262556"
        ]
    },
    {
        "cert": [
            "fac1abeb09583403f8db6f228bbabdb281fc7a4d1c4d6f324cf88126ce6b7936"
        ],
        "dns_a": [
            "122.114.121.53"
        ],
        "name": "happyconsultation.net",
        "type": "Domain"
    },
    {
        "cert": [
            "fac1abeb09583403f8db6f228bbabdb281fc7a4d1c4d6f324cf88126ce6b7936"
        ],
        "dns_a": [
            "107.151.181.114"
        ],
        "name": "hhtckj.com",
        "type": "Domain"
    },
    {
        "cert": [
            "fac1abeb09583403f8db6f228bbabdb281fc7a4d1c4d6f324cf88126ce6b7936"
        ],
        "dns_a": [
            "107.151.181.96"
        ],
        "name": "hnfeilaidei.com",
        "type": "Domain"
    },
    {
        "cert": [
            "945721c9afb2747e8370e6a3df4da422c2c20df990d0915ca9d464f6ea8fdca7"
        ],
        "dns_a": [
            "116.206.177.166"
        ],
        "name": "htdzchina.com",
        "subdomain": [
            "www.htdzchina.com"
        ],
        "type": "Domain",
        "whois_email": [
            "125524089@qq.com"
        ],
        "whois_name": [
            "us"
        ],
        "whois_phone": [
            "+1.123456789"
        ]
    },
    {
        "cert": [
            "fac1abeb09583403f8db6f228bbabdb281fc7a4d1c4d6f324cf88126ce6b7936"
        ],
        "dns_a": [
            "122.114.221.53"
        ],
        "name": "huishou199.com",
        "type": "Domain"
    },
    {
        "name": "hycofitness.com",
        "subdomain": [
            "www.hycofitness.com"
        ],
        "type": "Domain"
    },
    {
        "name": "jianmaosport.com",
        "subdomain": [
            "www.jianmaosport.com"
        ],
        "type": "Domain"
    },
    {
        "dns_a": [
            "107.151.97.25"
        ],
        "name": "jisu2018.com",
        "subdomain": [
            "www.jisu2018.com"
        ],
        "type": "Domain",
        "whois_email": [
            "54498552@qq.com"
        ],
        "whois_name": [
            "Ping Yan"
        ],
        "whois_phone": [
            "+86.75583897676"
        ]
    },
    {
        "cert": [
            "fac1abeb09583403f8db6f228bbabdb281fc7a4d1c4d6f324cf88126ce6b7936"
        ],
        "dns_a": [
            "123.1.179.201"
        ],
        "dns_cname": [
            "510192.vhost207.wuxubeian.top"
        ],
        "name": "kfc2018.com",
        "subdomain": [
            "www.kfc2018.com"
        ],
        "type": "Domain",
        "whois_email": [
            "54498552@qq.com"
        ],
        "whois_name": [
            "Lin Sen Xu"
        ],
        "whois_phone": [
            "+86.53383262556"
        ]
    },
    {
        "name": "kwjwaterjet.com",
        "subdomain": [
            "www.kwjwaterjet.com"
        ],
        "type": "Domain"
    },
    {
        "name": "mianbeian.top",
        "subdomain": [
            "553339.vhost206.mianbeian.top"
        ],
        "type": "Domain"
    },
    {
        "cert": [
            "fac1abeb09583403f8db6f228bbabdb281fc7a4d1c4d6f324cf88126ce6b7936"
        ],
        "dns_cname": [
            "553339.vhost206.mianbeian.top"
        ],
        "name": "qmagoubi.com",
        "type": "Domain"
    },
    {
        "dns_a": [
            "43.251.105.3"
        ],
        "name": "qqgunwd.com",
        "subdomain": [
            "www.qqgunwd.com"
        ],
        "type": "Domain",
        "whois_email": [
            "54498552@qq.com"
        ],
        "whois_name": [
            "Lin Sen Xu"
        ],
        "whois_phone": [
            "+86.53383262556"
        ]
    },
    {
        "dns_cname": [
            "553339.vhost206.mianbeian.top"
        ],
        "name": "qxiaogong.com",
        "type": "Domain"
    },
    {
        "dns_cname": [
            "553339.vhost206.mianbeian.top"
        ],
        "name": "sguanyu.com",
        "type": "Domain"
    },
    {
        "dns_a": [
            "61.244.67.232"
        ],
        "name": "shehsy186.com",
        "subdomain": [
            "www.shehsy186.com"
        ],
        "type": "Domain",
        "whois_email": [
            "54498552@qq.com"
        ],
        "whois_name": [
            "Lin Sen Xu"
        ],
        "whois_phone": [
            "+86.53383262556"
        ]
    },
    {
        "dns_cname": [
            "553339.vhost206.mianbeian.top"
        ],
        "name": "slvbu.com",
        "type": "Domain"
    },
    {
        "dns_cname": [
            "553339.vhost206.mianbeian.top"
        ],
        "name": "smachao.com",
        "type": "Domain"
    },
    {
        "cert": [
            "fac1abeb09583403f8db6f228bbabdb281fc7a4d1c4d6f324cf88126ce6b7936"
        ],
        "name": "suzai9.top",
        "type": "Domain"
    },
    {
        "dns_a": [
            "124.156.182.44"
        ],
        "name": "sygj8687.com",
        "subdomain": [
            "www.sygj8687.com"
        ],
        "type": "Domain",
        "whois_email": [
            "54498552@qq.com"
        ],
        "whois_name": [
            "Lin Sen Xu"
        ],
        "whois_phone": [
            "+86.53383262556"
        ]
    },
    {
        "dns_a": [
            "129.226.140.52"
        ],
        "name": "thz713.com",
        "subdomain": [
            "www.thz713.com"
        ],
        "type": "Domain",
        "whois_email": [
            "54498552@qq.com"
        ],
        "whois_name": [
            "Lin Sen Xu"
        ],
        "whois_phone": [
            "+86.53383262556"
        ]
    },
    {
        "cert": [
            "fac1abeb09583403f8db6f228bbabdb281fc7a4d1c4d6f324cf88126ce6b7936"
        ],
        "name": "tkgll.com",
        "type": "Domain"
    },
    {
        "name": "tomcats.pw",
        "subdomain": [
            "ecs55.tomcats.pw"
        ],
        "type": "Domain"
    },
    {
        "name": "tszkx.com",
        "subdomain": [
            "www.tszkx.com"
        ],
        "type": "Domain"
    },
    {
        "dns_a": [
            "43.251.105.12"
        ],
        "name": "worldgunn.com",
        "subdomain": [
            "www.worldgunn.com"
        ],
        "type": "Domain",
        "whois_email": [
            "54498552@qq.com"
        ],
        "whois_name": [
            "Lin Sen Xu"
        ],
        "whois_phone": [
            "+86.53383262556"
        ]
    },
    {
        "name": "wuxubeian.top",
        "subdomain": [
            "510192.vhost207.wuxubeian.top"
        ],
        "type": "Domain"
    },
    {
        "cert": [
            "945721c9afb2747e8370e6a3df4da422c2c20df990d0915ca9d464f6ea8fdca7"
        ],
        "dns_a": [
            "116.206.177.166"
        ],
        "name": "www.1618119.com",
        "type": "Domain",
        "whois_email": [
            "1618119.com@superprivacyservice.com"
        ],
        "whois_name": [
            "Super Privacy Service LTD c/o Dynadot"
        ],
        "whois_phone": [
            "+1.6505854708"
        ]
    },
    {
        "cert": [
            "945721c9afb2747e8370e6a3df4da422c2c20df990d0915ca9d464f6ea8fdca7"
        ],
        "dns_a": [
            "116.206.177.166"
        ],
        "name": "www.4126127128.com",
        "type": "Domain",
        "whois_email": [
            "4126127128.com@superprivacyservice.com"
        ],
        "whois_name": [
            "Super Privacy Service LTD c/o Dynadot"
        ],
        "whois_phone": [
            "+1.6505854708"
        ]
    },
    {
        "cert": [
            "945721c9afb2747e8370e6a3df4da422c2c20df990d0915ca9d464f6ea8fdca7"
        ],
        "dns_a": [
            "116.206.177.166"
        ],
        "name": "www.88ambet.com",
        "type": "Domain"
    },
    {
        "dns_a": [
            "107.151.110.134"
        ],
        "name": "www.aaqdgou.com",
        "type": "Domain",
        "whois_email": [
            "54498552@qq.com"
        ],
        "whois_name": [
            "Lin Sen Xu"
        ],
        "whois_phone": [
            "+86.53383262556"
        ]
    },
    {
        "dns_a": [
            "107.151.66.39"
        ],
        "name": "www.aaspngou.com",
        "type": "Domain",
        "whois_email": [
            "54498552@qq.com"
        ],
        "whois_name": [
            "Lin Sen Xu"
        ],
        "whois_phone": [
            "+86.53383262556"
        ]
    },
    {
        "dns_a": [
            "43.251.105.24"
        ],
        "name": "www.abowron.com",
        "type": "Domain",
        "whois_email": [
            "54498552@qq.com"
        ],
        "whois_name": [
            "Lin Sen Xu"
        ],
        "whois_phone": [
            "+86.53383262556"
        ]
    },
    {
        "name": "www.album.gold",
        "request_jump": [
            "ecs55.tomcats.pw"
        ],
        "type": "Domain"
    },
    {
        "dns_cname": [
            "553339.vhost206.mianbeian.top"
        ],
        "name": "www.anuerhachi.com",
        "type": "Domain"
    },
    {
        "dns_a": [
            "43.251.105.23"
        ],
        "name": "www.azy568.com",
        "type": "Domain",
        "whois_email": [
            "54498552@qq.com"
        ],
        "whois_name": [
            "Lin Sen Xu"
        ],
        "whois_phone": [
            "+86.53383262556"
        ]
    },
    {
        "cert": [
            "945721c9afb2747e8370e6a3df4da422c2c20df990d0915ca9d464f6ea8fdca7"
        ],
        "dns_a": [
            "116.206.177.166"
        ],
        "name": "www.baobaozhuyun.com",
        "type": "Domain",
        "whois_email": [
            "adm_18050446@whoisprotection.cc",
            "reg_18050446@whoisprotection.cc",
            "tec_18050446@whoisprotection.cc"
        ],
        "whois_name": [
            "Domain Admin"
        ],
        "whois_phone": [
            "+60.389966788"
        ]
    },
    {
        "dns_a": [
            "107.151.66.53"
        ],
        "name": "www.bbbgun2829.com",
        "type": "Domain",
        "whois_email": [
            "54498552@qq.com"
        ],
        "whois_name": [
            "Lin Sen Xu"
        ],
        "whois_phone": [
            "+86.53383262556"
        ]
    },
    {
        "dns_a": [
            "107.151.106.32"
        ],
        "name": "www.bbgun118.com",
        "type": "Domain",
        "whois_email": [
            "54498552@qq.com"
        ],
        "whois_name": [
            "Lin Sen Xu"
        ],
        "whois_phone": [
            "+86.53383262556"
        ]
    },
    {
        "dns_a": [
            "103.49.249.13"
        ],
        "name": "www.bbgun3388.com",
        "type": "Domain",
        "whois_email": [
            "54498552@qq.com"
        ],
        "whois_name": [
            "Lin Sen Xu"
        ],
        "whois_phone": [
            "+86.53383262556"
        ]
    },
    {
        "dns_a": [
            "107.151.66.45"
        ],
        "name": "www.bbgun668.com",
        "type": "Domain",
        "whois_email": [
            "54498552@qq.com"
        ],
        "whois_name": [
            "Lin Sen Xu"
        ],
        "whois_phone": [
            "+86.53383262556"
        ]
    },
    {
        "dns_a": [
            "107.151.110.140"
        ],
        "name": "www.bbworld168.com",
        "type": "Domain",
        "whois_email": [
            "54498552@qq.com"
        ],
        "whois_name": [
            "Lin Sen Xu"
        ],
        "whois_phone": [
            "+86.53383262556"
        ]
    },
    {
        "dns_a": [
            "107.151.106.83"
        ],
        "name": "www.bgun899.com",
        "type": "Domain",
        "whois_email": [
            "54498552@qq.com"
        ],
        "whois_name": [
            "Lin Sen Xu"
        ],
        "whois_phone": [
            "+86.53383262556"
        ]
    },
    {
        "cert": [
            "945721c9afb2747e8370e6a3df4da422c2c20df990d0915ca9d464f6ea8fdca7"
        ],
        "dns_a": [
            "116.206.177.166"
        ],
        "name": "www.bhlqmm.com",
        "type": "Domain"
    },
    {
        "cert": [
            "fac1abeb09583403f8db6f228bbabdb281fc7a4d1c4d6f324cf88126ce6b7936"
        ],
        "name": "www.binct.com",
        "type": "Domain"
    },
    {
        "cert": [
            "945721c9afb2747e8370e6a3df4da422c2c20df990d0915ca9d464f6ea8fdca7"
        ],
        "dns_a": [
            "116.206.177.166"
        ],
        "name": "www.bjjn758.com",
        "type": "Domain"
    },
    {
        "cert": [
            "945721c9afb2747e8370e6a3df4da422c2c20df990d0915ca9d464f6ea8fdca7"
        ],
        "dns_a": [
            "116.206.177.166"
        ],
        "name": "www.bjzyjia.com",
        "type": "Domain",
        "whois_email": [
            "54498552@qq.com"
        ],
        "whois_name": [
            "Long Jing Xu"
        ],
        "whois_phone": [
            "+86.1083895253"
        ]
    },
    {
        "cert": [
            "fac1abeb09583403f8db6f228bbabdb281fc7a4d1c4d6f324cf88126ce6b7936"
        ],
        "name": "www.changdimedical.com",
        "type": "Domain"
    },
    {
        "cert": [
            "fac1abeb09583403f8db6f228bbabdb281fc7a4d1c4d6f324cf88126ce6b7936"
        ],
        "name": "www.changshaitpaiming.com",
        "type": "Domain"
    },
    {
        "dns_cname": [
            "553339.vhost206.mianbeian.top"
        ],
        "name": "www.cheguimgb.com",
        "type": "Domain"
    },
    {
        "dns_cname": [
            "553339.vhost206.mianbeian.top"
        ],
        "name": "www.cmgbe.com",
        "type": "Domain"
    },
    {
        "dns_cname": [
            "553339.vhost206.mianbeian.top"
        ],
        "name": "www.cmgbne.com",
        "type": "Domain"
    },
    {
        "name": "www.constant-solid.com",
        "type": "Domain"
    },
    {
        "cert": [
            "fac1abeb09583403f8db6f228bbabdb281fc7a4d1c4d6f324cf88126ce6b7936"
        ],
        "name": "www.cosercn.com",
        "type": "Domain"
    },
    {
        "cert": [
            "fac1abeb09583403f8db6f228bbabdb281fc7a4d1c4d6f324cf88126ce6b7936"
        ],
        "name": "www.dadasir.com",
        "type": "Domain"
    },
    {
        "cert": [
            "fac1abeb09583403f8db6f228bbabdb281fc7a4d1c4d6f324cf88126ce6b7936"
        ],
        "name": "www.daotutousu.com",
        "type": "Domain"
    },
    {
        "dns_a": [
            "107.151.106.81"
        ],
        "name": "www.ddgun88.com",
        "type": "Domain",
        "whois_email": [
            "54498552@qq.com"
        ],
        "whois_name": [
            "Lin Sen Xu"
        ],
        "whois_phone": [
            "+86.53383262556"
        ]
    },
    {
        "dns_a": [
            "107.151.106.36"
        ],
        "name": "www.dggun22.com",
        "type": "Domain",
        "whois_email": [
            "54498552@qq.com"
        ],
        "whois_name": [
            "Lin Sen Xu"
        ],
        "whois_phone": [
            "+86.53383262556"
        ]
    },
    {
        "dns_a": [
            "107.151.97.37"
        ],
        "name": "www.dsn20.com",
        "type": "Domain",
        "whois_email": [
            "54498552@qq.com"
        ],
        "whois_name": [
            "Lin Sen Xu"
        ],
        "whois_phone": [
            "+86.53383262556"
        ]
    },
    {
        "cert": [
            "f0c73a6f640e3e8864ce8bcebca9094f4757b7f207340c1deddd3162ed5e5d28"
        ],
        "dns_a": [
            "156.239.159.251"
        ],
        "dns_cname": [
            "ecs55.tomcats.pw"
        ],
        "name": "www.esmallgame.com",
        "type": "Domain",
        "whois_email": [
            "54498552@qq.com"
        ],
        "whois_name": [
            "Lin Sen Xu"
        ],
        "whois_phone": [
            "+86.53383262556"
        ]
    },
    {
        "dns_a": [
            "107.151.106.82"
        ],
        "name": "www.gun77777.com",
        "type": "Domain",
        "whois_email": [
            "54498552@qq.com"
        ],
        "whois_name": [
            "Lin Sen Xu"
        ],
        "whois_phone": [
            "+86.53383262556"
        ]
    },
    {
        "dns_a": [
            "107.151.110.149"
        ],
        "name": "www.gunworld66.com",
        "type": "Domain",
        "whois_email": [
            "54498552@qq.com"
        ],
        "whois_name": [
            "Lin Sen Xu"
        ],
        "whois_phone": [
            "+86.53383262556"
        ]
    },
    {
        "dns_a": [
            "107.151.66.34"
        ],
        "name": "www.gzhugun77.com",
        "type": "Domain",
        "whois_email": [
            "54498552@qq.com"
        ],
        "whois_name": [
            "Lin Sen Xu"
        ],
        "whois_phone": [
            "+86.53383262556"
        ]
    },
    {
        "cert": [
            "fac1abeb09583403f8db6f228bbabdb281fc7a4d1c4d6f324cf88126ce6b7936"
        ],
        "name": "www.hnfeilaidei.com",
        "type": "Domain"
    },
    {
        "cert": [
            "945721c9afb2747e8370e6a3df4da422c2c20df990d0915ca9d464f6ea8fdca7"
        ],
        "dns_a": [
            "116.206.177.166"
        ],
        "name": "www.htdzchina.com",
        "type": "Domain",
        "whois_email": [
            "125524089@qq.com"
        ],
        "whois_name": [
            "us"
        ],
        "whois_phone": [
            "+1.123456789"
        ]
    },
    {
        "cert": [
            "fac1abeb09583403f8db6f228bbabdb281fc7a4d1c4d6f324cf88126ce6b7936"
        ],
        "name": "www.hunanzhongzhijiaoyu.com",
        "type": "Domain"
    },
    {
        "cert": [
            "945721c9afb2747e8370e6a3df4da422c2c20df990d0915ca9d464f6ea8fdca7"
        ],
        "dns_a": [
            "116.206.177.166"
        ],
        "name": "www.hycofitness.com",
        "type": "Domain"
    },
    {
        "cert": [
            "945721c9afb2747e8370e6a3df4da422c2c20df990d0915ca9d464f6ea8fdca7"
        ],
        "dns_a": [
            "116.206.177.166"
        ],
        "name": "www.jianmaosport.com",
        "type": "Domain"
    },
    {
        "dns_a": [
            "107.151.97.25"
        ],
        "name": "www.jisu2018.com",
        "type": "Domain",
        "whois_email": [
            "54498552@qq.com"
        ],
        "whois_name": [
            "Ping Yan"
        ],
        "whois_phone": [
            "+86.75583897676"
        ]
    },
    {
        "cert": [
            "fac1abeb09583403f8db6f228bbabdb281fc7a4d1c4d6f324cf88126ce6b7936"
        ],
        "dns_a": [
            "123.1.179.201"
        ],
        "dns_cname": [
            "510192.vhost207.wuxubeian.top"
        ],
        "name": "www.kfc2018.com",
        "type": "Domain",
        "whois_email": [
            "54498552@qq.com"
        ],
        "whois_name": [
            "Lin Sen Xu"
        ],
        "whois_phone": [
            "+86.53383262556"
        ]
    },
    {
        "cert": [
            "945721c9afb2747e8370e6a3df4da422c2c20df990d0915ca9d464f6ea8fdca7"
        ],
        "name": "www.kwjwaterjet.com",
        "type": "Domain"
    },
    {
        "cert": [
            "f0c73a6f640e3e8864ce8bcebca9094f4757b7f207340c1deddd3162ed5e5d28"
        ],
        "name": "www.meal.gold",
        "request_jump": [
            "ecs55.tomcats.pw"
        ],
        "type": "Domain"
    },
    {
        "cert": [
            "fac1abeb09583403f8db6f228bbabdb281fc7a4d1c4d6f324cf88126ce6b7936"
        ],
        "dns_cname": [
            "553339.vhost206.mianbeian.top"
        ],
        "name": "www.qmagoubi.com",
        "type": "Domain"
    },
    {
        "dns_a": [
            "43.251.105.3"
        ],
        "name": "www.qqgunwd.com",
        "type": "Domain",
        "whois_email": [
            "54498552@qq.com"
        ],
        "whois_name": [
            "Lin Sen Xu"
        ],
        "whois_phone": [
            "+86.53383262556"
        ]
    },
    {
        "dns_cname": [
            "553339.vhost206.mianbeian.top"
        ],
        "name": "www.qxiaogong.com",
        "type": "Domain"
    },
    {
        "dns_cname": [
            "553339.vhost206.mianbeian.top"
        ],
        "name": "www.sguanyu.com",
        "type": "Domain"
    },
    {
        "dns_a": [
            "61.244.67.232"
        ],
        "name": "www.shehsy186.com",
        "type": "Domain",
        "whois_email": [
            "54498552@qq.com"
        ],
        "whois_name": [
            "Lin Sen Xu"
        ],
        "whois_phone": [
            "+86.53383262556"
        ]
    },
    {
        "dns_cname": [
            "553339.vhost206.mianbeian.top"
        ],
        "name": "www.slvbu.com",
        "type": "Domain"
    },
    {
        "dns_cname": [
            "553339.vhost206.mianbeian.top"
        ],
        "name": "www.smachao.com",
        "type": "Domain"
    },
    {
        "dns_a": [
            "124.156.182.44"
        ],
        "name": "www.sygj8687.com",
        "type": "Domain",
        "whois_email": [
            "54498552@qq.com"
        ],
        "whois_name": [
            "Lin Sen Xu"
        ],
        "whois_phone": [
            "+86.53383262556"
        ]
    },
    {
        "cert": [
            "fac1abeb09583403f8db6f228bbabdb281fc7a4d1c4d6f324cf88126ce6b7936"
        ],
        "name": "www.symrjd.com",
        "type": "Domain"
    },
    {
        "dns_a": [
            "129.226.140.52"
        ],
        "name": "www.thz713.com",
        "type": "Domain",
        "whois_email": [
            "54498552@qq.com"
        ],
        "whois_name": [
            "Lin Sen Xu"
        ],
        "whois_phone": [
            "+86.53383262556"
        ]
    },
    {
        "cert": [
            "945721c9afb2747e8370e6a3df4da422c2c20df990d0915ca9d464f6ea8fdca7"
        ],
        "dns_a": [
            "116.206.177.166"
        ],
        "name": "www.tszkx.com",
        "type": "Domain"
    },
    {
        "dns_a": [
            "43.251.105.12"
        ],
        "name": "www.worldgunn.com",
        "type": "Domain",
        "whois_email": [
            "54498552@qq.com"
        ],
        "whois_name": [
            "Lin Sen Xu"
        ],
        "whois_phone": [
            "+86.53383262556"
        ]
    },
    {
        "dns_a": [
            "129.226.137.18"
        ],
        "name": "www.xhy139.com",
        "type": "Domain",
        "whois_email": [
            "54498552@qq.com"
        ],
        "whois_name": [
            "Lin Sen Xu"
        ],
        "whois_phone": [
            "+86.53383262556"
        ]
    },
    {
        "cert": [
            "fac1abeb09583403f8db6f228bbabdb281fc7a4d1c4d6f324cf88126ce6b7936"
        ],
        "name": "www.xiangshanshu.com",
        "type": "Domain"
    },
    {
        "cert": [
            "945721c9afb2747e8370e6a3df4da422c2c20df990d0915ca9d464f6ea8fdca7"
        ],
        "dns_a": [
            "116.206.177.166"
        ],
        "name": "www.xiaosa9.com",
        "type": "Domain"
    },
    {
        "cert": [
            "fac1abeb09583403f8db6f228bbabdb281fc7a4d1c4d6f324cf88126ce6b7936"
        ],
        "name": "www.xn--90wq7t0vfk1dzubu04c.com",
        "type": "Domain"
    },
    {
        "cert": [
            "945721c9afb2747e8370e6a3df4da422c2c20df990d0915ca9d464f6ea8fdca7"
        ],
        "dns_a": [
            "116.206.177.166"
        ],
        "name": "www.xzyj666416.com",
        "type": "Domain"
    },
    {
        "cert": [
            "fac1abeb09583403f8db6f228bbabdb281fc7a4d1c4d6f324cf88126ce6b7936"
        ],
        "name": "www.yaobiaoqian.com",
        "type": "Domain"
    },
    {
        "cert": [
            "945721c9afb2747e8370e6a3df4da422c2c20df990d0915ca9d464f6ea8fdca7"
        ],
        "dns_a": [
            "116.206.177.166"
        ],
        "name": "www.yuesanjin.net",
        "type": "Domain"
    },
    {
        "dns_a": [
            "43.251.105.51"
        ],
        "name": "www.zbtst338.com",
        "type": "Domain",
        "whois_email": [
            "54498552@qq.com"
        ],
        "whois_name": [
            "Lin Sen Xu"
        ],
        "whois_phone": [
            "+86.53383262556"
        ]
    },
    {
        "cert": [
            "fac1abeb09583403f8db6f228bbabdb281fc7a4d1c4d6f324cf88126ce6b7936"
        ],
        "name": "www.zdyelvxiezhen.com",
        "type": "Domain"
    },
    {
        "cert": [
            "fac1abeb09583403f8db6f228bbabdb281fc7a4d1c4d6f324cf88126ce6b7936"
        ],
        "name": "www.zjhydwyy.com",
        "type": "Domain"
    },
    {
        "cert": [
            "945721c9afb2747e8370e6a3df4da422c2c20df990d0915ca9d464f6ea8fdca7"
        ],
        "name": "www.zkqmspkq.com",
        "type": "Domain"
    },
    {
        "cert": [
            "fac1abeb09583403f8db6f228bbabdb281fc7a4d1c4d6f324cf88126ce6b7936"
        ],
        "name": "www.zsimple.top",
        "type": "Domain"
    },
    {
        "dns_a": [
            "124.156.182.44"
        ],
        "name": "www.zy1958.com",
        "type": "Domain",
        "whois_email": [
            "54498552@qq.com"
        ],
        "whois_name": [
            "Lin Sen Xu"
        ],
        "whois_phone": [
            "+86.53383262556"
        ]
    },
    {
        "dns_a": [
            "103.42.176.10"
        ],
        "name": "www.zyqqlm.com",
        "type": "Domain",
        "whois_email": [
            "54498552@qq.com"
        ],
        "whois_name": [
            "Lin Sen Xu"
        ],
        "whois_phone": [
            "+86.53383262556"
        ]
    },
    {
        "dns_a": [
            "43.251.105.16"
        ],
        "name": "www.zz2016.com",
        "type": "Domain",
        "whois_email": [
            "54498552@qq.com"
        ],
        "whois_name": [
            "Lin Sen Xu"
        ],
        "whois_phone": [
            "+86.53383262556"
        ]
    },
    {
        "dns_a": [
            "129.226.137.18"
        ],
        "name": "xhy139.com",
        "subdomain": [
            "www.xhy139.com"
        ],
        "type": "Domain",
        "whois_email": [
            "54498552@qq.com"
        ],
        "whois_name": [
            "Lin Sen Xu"
        ],
        "whois_phone": [
            "+86.53383262556"
        ]
    },
    {
        "cert": [
            "fac1abeb09583403f8db6f228bbabdb281fc7a4d1c4d6f324cf88126ce6b7936"
        ],
        "name": "xiangshanshu.com",
        "type": "Domain"
    },
    {
        "cert": [
            "945721c9afb2747e8370e6a3df4da422c2c20df990d0915ca9d464f6ea8fdca7"
        ],
        "dns_a": [
            "116.206.177.166"
        ],
        "name": "xiaosa9.com",
        "subdomain": [
            "www.xiaosa9.com"
        ],
        "type": "Domain"
    },
    {
        "cert": [
            "945721c9afb2747e8370e6a3df4da422c2c20df990d0915ca9d464f6ea8fdca7"
        ],
        "dns_a": [
            "116.206.177.166"
        ],
        "name": "xzyj666416.com",
        "subdomain": [
            "www.xzyj666416.com"
        ],
        "type": "Domain"
    },
    {
        "cert": [
            "945721c9afb2747e8370e6a3df4da422c2c20df990d0915ca9d464f6ea8fdca7"
        ],
        "dns_a": [
            "116.206.177.166"
        ],
        "name": "yuesanjin.net",
        "subdomain": [
            "www.yuesanjin.net"
        ],
        "type": "Domain"
    },
    {
        "dns_a": [
            "43.251.105.51"
        ],
        "name": "zbtst338.com",
        "subdomain": [
            "www.zbtst338.com"
        ],
        "type": "Domain",
        "whois_email": [
            "54498552@qq.com"
        ],
        "whois_name": [
            "Lin Sen Xu"
        ],
        "whois_phone": [
            "+86.53383262556"
        ]
    },
    {
        "cert": [
            "fac1abeb09583403f8db6f228bbabdb281fc7a4d1c4d6f324cf88126ce6b7936"
        ],
        "name": "zdyelvxiezhen.com",
        "type": "Domain"
    },
    {
        "cert": [
            "fac1abeb09583403f8db6f228bbabdb281fc7a4d1c4d6f324cf88126ce6b7936"
        ],
        "name": "zhao1996.top",
        "type": "Domain"
    },
    {
        "cert": [
            "945721c9afb2747e8370e6a3df4da422c2c20df990d0915ca9d464f6ea8fdca7"
        ],
        "name": "zkqmspkq.com",
        "subdomain": [
            "www.zkqmspkq.com"
        ],
        "type": "Domain"
    },
    {
        "dns_a": [
            "124.156.182.44"
        ],
        "name": "zy1958.com",
        "subdomain": [
            "www.zy1958.com"
        ],
        "type": "Domain",
        "whois_email": [
            "54498552@qq.com"
        ],
        "whois_name": [
            "Lin Sen Xu"
        ],
        "whois_phone": [
            "+86.53383262556"
        ]
    },
    {
        "dns_a": [
            "103.42.176.10"
        ],
        "name": "zyqqlm.com",
        "subdomain": [
            "www.zyqqlm.com"
        ],
        "type": "Domain",
        "whois_email": [
            "54498552@qq.com"
        ],
        "whois_name": [
            "Lin Sen Xu"
        ],
        "whois_phone": [
            "+86.53383262556"
        ]
    },
    {
        "dns_a": [
            "43.251.105.16"
        ],
        "name": "zz2016.com",
        "subdomain": [
            "www.zz2016.com"
        ],
        "type": "Domain",
        "whois_email": [
            "54498552@qq.com"
        ],
        "whois_name": [
            "Lin Sen Xu"
        ],
        "whois_phone": [
            "+86.53383262556"
        ]
    }
]