[
    {
        "cert": [
            "16049fad081880cd0ccecb819bb04de703046b2b690cc9810eeb761d44da9150"
        ],
        "dns_a": [
            "156.245.162.37"
        ],
        "name": "003684.com",
        "subdomain": [
            "www.003684.com"
        ],
        "type": "Domain",
        "whois_email": [
            "sbiqqdm@163.com"
        ],
        "whois_name": [
            "liguangxi"
        ],
        "whois_phone": [
            "+86.8702546853"
        ]
    },
    {
        "cert": [
            "218017aafb2e999dff8089547c952d4b96fa626ee0e700282af1f08a6ae0ad02"
        ],
        "dns_a": [
            "156.245.150.82"
        ],
        "name": "021404.com",
        "subdomain": [
            "www.021404.com"
        ],
        "type": "Domain",
        "whois_email": [
            "sbiqqdm@163.com"
        ],
        "whois_name": [
            "liguangxi"
        ],
        "whois_phone": [
            "+86.8702546853"
        ]
    },
    {
        "cert": [
            "16049fad081880cd0ccecb819bb04de703046b2b690cc9810eeb761d44da9150"
        ],
        "dns_a": [
            "156.245.162.38"
        ],
        "name": "022918.com",
        "subdomain": [
            "www.022918.com"
        ],
        "type": "Domain",
        "whois_email": [
            "sbiqqdm@163.com"
        ],
        "whois_name": [
            "liguangxi"
        ],
        "whois_phone": [
            "+86.8702546853"
        ]
    },
    {
        "name": "05c1356cae9fa1b4d64ca6b4cccf7b1697b73c16c416fb753404843339b450fb",
        "type": "Cert_SHA256"
    },
    {
        "name": "0c599b9b6d1538f60a4f860e180260aa1022b369fa4b4a94ea9124325c10b30a",
        "type": "Cert_SHA256"
    },
    {
        "name": "156.245.150.82",
        "type": "IP"
    },
    {
        "name": "156.245.160.107",
        "type": "IP"
    },
    {
        "asn": [
            "AS134548"
        ],
        "cidr": [
            "156.245.162.0/24"
        ],
        "name": "156.245.162.37",
        "type": "IP"
    },
    {
        "name": "156.245.162.38",
        "type": "IP"
    },
    {
        "name": "16049fad081880cd0ccecb819bb04de703046b2b690cc9810eeb761d44da9150",
        "type": "Cert_SHA256"
    },
    {
        "name": "162.241.61.134",
        "type": "IP"
    },
    {
        "name": "198.27.127.140",
        "type": "IP"
    },
    {
        "name": "1e1901a6b5da104f594933b72cbccd0b8a7dbc31bdf88b0f8fcd91de996eb675",
        "type": "Cert_SHA256"
    },
    {
        "name": "204.93.172.29",
        "type": "IP"
    },
    {
        "name": "218017aafb2e999dff8089547c952d4b96fa626ee0e700282af1f08a6ae0ad02",
        "type": "Cert_SHA256"
    },
    {
        "cert": [
            "218017aafb2e999dff8089547c952d4b96fa626ee0e700282af1f08a6ae0ad02"
        ],
        "dns_a": [
            "156.245.162.37"
        ],
        "name": "332737.com",
        "type": "Domain",
        "whois_email": [
            "contact@privacyprotect.org"
        ],
        "whois_name": [
            "Domain Admin"
        ],
        "whois_phone": [
            "+1.8022274003"
        ]
    },
    {
        "name": "3.128.208.230",
        "type": "IP"
    },
    {
        "name": "3.18.25.61",
        "type": "IP"
    },
    {
        "name": "3.18.65.24",
        "type": "IP"
    },
    {
        "name": "40460fba45ca913199a7e2afac7d9cab7a4aa135c92dfa358f6d991d79478d0b",
        "type": "Cert_SHA256"
    },
    {
        "name": "52.58.78.16",
        "type": "IP"
    },
    {
        "name": "64.188.5.2",
        "type": "IP"
    },
    {
        "name": "66.235.200.37",
        "type": "IP"
    },
    {
        "name": "679d150d28cac24ee4a0b88414f5805699dcb2860cd89cbb9ec20b0b9b97ee52",
        "type": "Cert_SHA256"
    },
    {
        "name": "6a366e9f980150c7186c2804dac8e53622e1348b9b4adba5804039779a3accbd",
        "type": "Cert_SHA256"
    },
    {
        "name": "6f7c88705f42da78cdd2203365dabf3e1c060bb3c7c0aa8f4bb402ac1b2e1bb0",
        "type": "Cert_SHA256"
    },
    {
        "dns_a": [
            "3.128.208.230",
            "3.18.25.61",
            "3.18.65.24"
        ],
        "dns_cname": [
            "prod-sav-park-lb01-1919960993.us-east-2.elb.amazonaws.com"
        ],
        "name": "71ceo.com",
        "subdomain": [
            "www.71ceo.com"
        ],
        "type": "Domain",
        "whois_email": [
            "contact@privacyprotect.org"
        ],
        "whois_name": [
            "Domain Admin"
        ],
        "whois_phone": [
            "+1.8022274003"
        ]
    },
    {
        "name": "91.134.184.238",
        "type": "IP"
    },
    {
        "name": "92.249.44.84",
        "type": "IP"
    },
    {
        "name": "HDRedirect-LB5-1afb6e2973825a56.elb.us-east-1.amazonaws.com",
        "type": "Domain"
    },
    {
        "name": "a4a7f2d9ca80911e9ac1e0219cd6d0dc-1044126727.us-west-2.elb.amazonaws.com",
        "type": "Domain"
    },
    {
        "name": "abclive1-419880280.eu-west-1.elb.amazonaws.com",
        "type": "Domain"
    },
    {
        "dns_a": [
            "3.128.208.230",
            "3.18.25.61",
            "3.18.65.24"
        ],
        "dns_cname": [
            "prod-sav-park-lb01-1919960993.us-east-2.elb.amazonaws.com"
        ],
        "name": "actas1.com",
        "subdomain": [
            "www.actas1.com"
        ],
        "type": "Domain",
        "whois_email": [
            "contact@privacyprotect.org"
        ],
        "whois_name": [
            "Domain Admin"
        ],
        "whois_phone": [
            "+1.8022274003"
        ]
    },
    {
        "name": "amazonaws.com",
        "subdomain": [
            "HDRedirect-LB5-1afb6e2973825a56.elb.us-east-1.amazonaws.com",
            "a4a7f2d9ca80911e9ac1e0219cd6d0dc-1044126727.us-west-2.elb.amazonaws.com",
            "abclive1-419880280.eu-west-1.elb.amazonaws.com",
            "app-live-rd-147054983.us-east-1.elb.amazonaws.com",
            "autoprint-vpc-nlb-05c4d9da6f5479f7.elb.us-east-1.amazonaws.com",
            "dc-82321-1422022143.us-east-1.elb.amazonaws.com",
            "dolphin-render-ce5083-1529577379-1289163597.eu-west-1.elb.amazonaws.com",
            "gp-usea-elb-13pj8i7f0fbsh-1771787045.us-east-1.elb.amazonaws.com",
            "hdredirect-lb5-1afb6e2973825a56.elb.us-east-1.amazonaws.com",
            "nbparking-lb1-e8979d80a94bc16b.elb.us-east-1.amazonaws.com",
            "prod-sav-park-lb01-1919960993.us-east-2.elb.amazonaws.com",
            "prodlb-018-1747629020.ap-northeast-1.elb.amazonaws.com",
            "public-www-371491062.us-east-1.elb.amazonaws.com",
            "ssl-no-redirect-prod-9a242288f190975b.elb.us-west-2.amazonaws.com",
            "tuxedo-loadbalancer-1870948852.us-west-2.elb.amazonaws.com",
            "www.amazonaws.com",
            "www.jsignorphotos.com.s3-website-us-west-2.amazonaws.com",
            "www.quaidetranter.com.s3-website-us-east-1.amazonaws.com",
            "www.shiloh-umc.net.s3-website-us-west-2.amazonaws.com",
            "www.stairway2.com.s3-website-us-west-1.amazonaws.com"
        ],
        "type": "Domain"
    },
    {
        "name": "app-live-rd-147054983.us-east-1.elb.amazonaws.com",
        "type": "Domain"
    },
    {
        "name": "autoprint-vpc-nlb-05c4d9da6f5479f7.elb.us-east-1.amazonaws.com",
        "type": "Domain"
    },
    {
        "name": "b360495af3cea6457a47372de3504d26d2a2db17a39b1f86cd7d14c6c6404554",
        "type": "Cert_SHA256"
    },
    {
        "cert": [
            "ed10fae664a7f535bc032659729d5b16a13bbfdb2cd8e499e19035ece2f80ba1"
        ],
        "dns_a": [
            "64.188.5.2"
        ],
        "name": "chydhome.com",
        "subdomain": [
            "www.chydhome.com"
        ],
        "type": "Domain",
        "whois_email": [
            "adm_18226371@whoisprotection.cc",
            "reg_18226371@whoisprotection.cc",
            "tec_18226371@whoisprotection.cc"
        ],
        "whois_name": [
            "Domain Admin"
        ],
        "whois_phone": [
            "+60.389966788"
        ]
    },
    {
        "name": "d93de25dd9ed390febf8164aa0dd655459ca3de63436b41bc9d2e80693d8fe93",
        "type": "Cert_SHA256"
    },
    {
        "cert": [
            "05c1356cae9fa1b4d64ca6b4cccf7b1697b73c16c416fb753404843339b450fb"
        ],
        "dns_a": [
            "52.58.78.16"
        ],
        "name": "darlingtonplumber.com",
        "subdomain": [
            "www.darlingtonplumber.com"
        ],
        "type": "Domain",
        "whois_email": [
            "contact@privacyprotect.org"
        ],
        "whois_name": [
            "Domain Admin"
        ],
        "whois_phone": [
            "+1.8022274003"
        ]
    },
    {
        "name": "dc-82321-1422022143.us-east-1.elb.amazonaws.com",
        "type": "Domain"
    },
    {
        "dns_a": [
            "3.128.208.230",
            "3.18.25.61",
            "3.18.65.24"
        ],
        "dns_cname": [
            "prod-sav-park-lb01-1919960993.us-east-2.elb.amazonaws.com"
        ],
        "name": "decynja.com",
        "subdomain": [
            "www.decynja.com"
        ],
        "type": "Domain",
        "whois_email": [
            "contact@privacyprotect.org"
        ],
        "whois_name": [
            "Domain Admin"
        ],
        "whois_phone": [
            "+1.8022274003"
        ]
    },
    {
        "cert": [
            "6f7c88705f42da78cdd2203365dabf3e1c060bb3c7c0aa8f4bb402ac1b2e1bb0"
        ],
        "dns_a": [
            "156.245.160.107"
        ],
        "name": "dfty168.com",
        "subdomain": [
            "www.dfty168.com"
        ],
        "type": "Domain",
        "whois_email": [
            "sbiqqdm@163.com"
        ],
        "whois_name": [
            "liguangxi"
        ],
        "whois_phone": [
            "+86.8702546853"
        ]
    },
    {
        "cert": [
            "eb34a6d2c1d97a3912e1aba326ff1908cabc51168dedebba96078931829e23e7"
        ],
        "dns_a": [
            "156.245.160.107"
        ],
        "name": "dfty666w.com",
        "subdomain": [
            "www.dfty666w.com"
        ],
        "type": "Domain",
        "whois_email": [
            "sbiqqdm@163.com"
        ],
        "whois_name": [
            "liguangxi"
        ],
        "whois_phone": [
            "+86.8702546853"
        ]
    },
    {
        "cert": [
            "679d150d28cac24ee4a0b88414f5805699dcb2860cd89cbb9ec20b0b9b97ee52"
        ],
        "dns_a": [
            "156.245.160.107"
        ],
        "name": "dingfeng2019.com",
        "subdomain": [
            "www.dingfeng2019.com"
        ],
        "type": "Domain",
        "whois_email": [
            "sbiqqdm@163.com"
        ],
        "whois_name": [
            "liguangxi"
        ],
        "whois_phone": [
            "+86.8702546853"
        ]
    },
    {
        "name": "dolphin-render-ce5083-1529577379-1289163597.eu-west-1.elb.amazonaws.com",
        "type": "Domain"
    },
    {
        "name": "e81bf0858a415fa8014b499fd43395ce9bdfea165817ea637e587c4764bf3aa6",
        "type": "Cert_SHA256"
    },
    {
        "name": "eb34a6d2c1d97a3912e1aba326ff1908cabc51168dedebba96078931829e23e7",
        "type": "Cert_SHA256"
    },
    {
        "name": "ed10fae664a7f535bc032659729d5b16a13bbfdb2cd8e499e19035ece2f80ba1",
        "type": "Cert_SHA256"
    },
    {
        "dns_a": [
            "3.128.208.230",
            "3.18.25.61",
            "3.18.65.24"
        ],
        "dns_cname": [
            "prod-sav-park-lb01-1919960993.us-east-2.elb.amazonaws.com"
        ],
        "name": "elittent.com",
        "subdomain": [
            "www.elittent.com"
        ],
        "type": "Domain",
        "whois_name": [
            "REDACTED FOR PRIVACY"
        ]
    },
    {
        "name": "f40d2b70c4035ac121fac91054373d3c47ca7e309da9fb9dfa3f26e907ed7eb5",
        "type": "Cert_SHA256"
    },
    {
        "dns_a": [
            "3.128.208.230",
            "3.18.25.61",
            "3.18.65.24"
        ],
        "dns_cname": [
            "prod-sav-park-lb01-1919960993.us-east-2.elb.amazonaws.com"
        ],
        "name": "felixdavis.com",
        "subdomain": [
            "www.felixdavis.com"
        ],
        "type": "Domain",
        "whois_email": [
            "contact@privacyprotect.org"
        ],
        "whois_name": [
            "Domain Admin"
        ],
        "whois_phone": [
            "+1.8022274003"
        ]
    },
    {
        "cert": [
            "b360495af3cea6457a47372de3504d26d2a2db17a39b1f86cd7d14c6c6404554"
        ],
        "dns_a": [
            "198.27.127.140"
        ],
        "name": "garimpobrasil.com",
        "subdomain": [
            "www.garimpobrasil.com"
        ],
        "type": "Domain",
        "whois_email": [
            "contact@privacyprotect.org"
        ],
        "whois_name": [
            "Domain Admin"
        ],
        "whois_phone": [
            "+1.8022274003"
        ]
    },
    {
        "name": "gp-usea-elb-13pj8i7f0fbsh-1771787045.us-east-1.elb.amazonaws.com",
        "type": "Domain"
    },
    {
        "cert": [
            "0c599b9b6d1538f60a4f860e180260aa1022b369fa4b4a94ea9124325c10b30a"
        ],
        "dns_a": [
            "162.241.61.134"
        ],
        "name": "gusabioemprendedor.com",
        "subdomain": [
            "www.gusabioemprendedor.com"
        ],
        "type": "Domain",
        "whois_email": [
            "contact@privacyprotect.org"
        ],
        "whois_name": [
            "Domain Admin"
        ],
        "whois_phone": [
            "+1.8022274003"
        ]
    },
    {
        "name": "hdredirect-lb5-1afb6e2973825a56.elb.us-east-1.amazonaws.com",
        "type": "Domain"
    },
    {
        "dns_a": [
            "3.128.208.230",
            "3.18.25.61",
            "3.18.65.24"
        ],
        "dns_cname": [
            "prod-sav-park-lb01-1919960993.us-east-2.elb.amazonaws.com"
        ],
        "name": "hndzi.com",
        "subdomain": [
            "www.hndzi.com"
        ],
        "type": "Domain",
        "whois_email": [
            "contact@privacyprotect.org"
        ],
        "whois_name": [
            "Domain Admin"
        ],
        "whois_phone": [
            "+1.8022274003"
        ]
    },
    {
        "dns_a": [
            "3.128.208.230",
            "3.18.25.61",
            "3.18.65.24"
        ],
        "dns_cname": [
            "prod-sav-park-lb01-1919960993.us-east-2.elb.amazonaws.com"
        ],
        "name": "jazzroplus.com",
        "subdomain": [
            "www.jazzroplus.com"
        ],
        "type": "Domain",
        "whois_name": [
            "REDACTED FOR PRIVACY"
        ]
    },
    {
        "dns_a": [
            "204.93.172.29"
        ],
        "name": "khandelwalmarry.com",
        "subdomain": [
            "www.khandelwalmarry.com"
        ],
        "type": "Domain",
        "whois_email": [
            "contact@privacyprotect.org"
        ],
        "whois_name": [
            "Domain Admin"
        ],
        "whois_phone": [
            "+45.36946676"
        ]
    },
    {
        "dns_a": [
            "3.128.208.230",
            "3.18.25.61",
            "3.18.65.24"
        ],
        "dns_cname": [
            "prod-sav-park-lb01-1919960993.us-east-2.elb.amazonaws.com"
        ],
        "name": "lcitrade.com",
        "subdomain": [
            "www.lcitrade.com"
        ],
        "type": "Domain",
        "whois_email": [
            "contact@privacyprotect.org"
        ],
        "whois_name": [
            "Domain Admin"
        ],
        "whois_phone": [
            "+1.8022274003"
        ]
    },
    {
        "dns_a": [
            "3.128.208.230",
            "3.18.25.61",
            "3.18.65.24"
        ],
        "dns_cname": [
            "prod-sav-park-lb01-1919960993.us-east-2.elb.amazonaws.com"
        ],
        "name": "loanmirror.com",
        "subdomain": [
            "www.loanmirror.com"
        ],
        "type": "Domain",
        "whois_email": [
            "contact@privacyprotect.org"
        ],
        "whois_name": [
            "Domain Admin"
        ],
        "whois_phone": [
            "+1.8022274003"
        ]
    },
    {
        "name": "nbparking-lb1-e8979d80a94bc16b.elb.us-east-1.amazonaws.com",
        "type": "Domain"
    },
    {
        "dns_a": [
            "92.249.44.84"
        ],
        "name": "ohssa.xyz",
        "subdomain": [
            "www.ohssa.xyz"
        ],
        "type": "Domain",
        "whois_email": [
            "contact@privacyprotect.org"
        ],
        "whois_name": [
            "Domain Admin"
        ],
        "whois_phone": [
            "+1.8022274003"
        ]
    },
    {
        "dns_a": [
            "3.128.208.230",
            "3.18.25.61",
            "3.18.65.24"
        ],
        "dns_cname": [
            "prod-sav-park-lb01-1919960993.us-east-2.elb.amazonaws.com"
        ],
        "name": "optionescrow.com",
        "subdomain": [
            "www.optionescrow.com"
        ],
        "type": "Domain",
        "whois_name": [
            "REDACTED FOR PRIVACY"
        ]
    },
    {
        "dns_a": [
            "3.128.208.230",
            "3.18.25.61",
            "3.18.65.24"
        ],
        "dns_cname": [
            "prod-sav-park-lb01-1919960993.us-east-2.elb.amazonaws.com"
        ],
        "name": "patentdepartment.com",
        "subdomain": [
            "www.patentdepartment.com"
        ],
        "type": "Domain",
        "whois_email": [
            "contact@privacyprotect.org"
        ],
        "whois_name": [
            "Domain Admin"
        ],
        "whois_phone": [
            "+1.8022274003"
        ]
    },
    {
        "name": "prod-sav-park-lb01-1919960993.us-east-2.elb.amazonaws.com",
        "type": "Domain"
    },
    {
        "name": "prodlb-018-1747629020.ap-northeast-1.elb.amazonaws.com",
        "type": "Domain"
    },
    {
        "name": "public-www-371491062.us-east-1.elb.amazonaws.com",
        "type": "Domain"
    },
    {
        "dns_a": [
            "3.128.208.230",
            "3.18.25.61",
            "3.18.65.24"
        ],
        "dns_cname": [
            "prod-sav-park-lb01-1919960993.us-east-2.elb.amazonaws.com"
        ],
        "name": "quomarket.com",
        "subdomain": [
            "www.quomarket.com"
        ],
        "type": "Domain",
        "whois_email": [
            "contact@privacyprotect.org"
        ],
        "whois_name": [
            "Domain Admin"
        ],
        "whois_phone": [
            "+1.8022274003"
        ]
    },
    {
        "dns_a": [
            "3.128.208.230",
            "3.18.25.61",
            "3.18.65.24"
        ],
        "dns_cname": [
            "prod-sav-park-lb01-1919960993.us-east-2.elb.amazonaws.com"
        ],
        "name": "siemap.com",
        "subdomain": [
            "www.siemap.com"
        ],
        "type": "Domain",
        "whois_email": [
            "contact@privacyprotect.org"
        ],
        "whois_name": [
            "Domain Admin"
        ],
        "whois_phone": [
            "+1.8022274003"
        ]
    },
    {
        "cert": [
            "f40d2b70c4035ac121fac91054373d3c47ca7e309da9fb9dfa3f26e907ed7eb5"
        ],
        "dns_a": [
            "66.235.200.37"
        ],
        "name": "sndconstruction.com",
        "subdomain": [
            "www.sndconstruction.com"
        ],
        "type": "Domain",
        "whois_email": [
            "contact@privacyprotect.org"
        ],
        "whois_name": [
            "Domain Admin"
        ],
        "whois_phone": [
            "+1.8022274003"
        ]
    },
    {
        "name": "ssl-no-redirect-prod-9a242288f190975b.elb.us-west-2.amazonaws.com",
        "type": "Domain"
    },
    {
        "name": "tuxedo-loadbalancer-1870948852.us-west-2.elb.amazonaws.com",
        "type": "Domain"
    },
    {
        "cert": [
            "e81bf0858a415fa8014b499fd43395ce9bdfea165817ea637e587c4764bf3aa6"
        ],
        "dns_a": [
            "91.134.184.238"
        ],
        "name": "unrecuerdoperfecto.com",
        "subdomain": [
            "www.unrecuerdoperfecto.com"
        ],
        "type": "Domain",
        "whois_email": [
            "contact@privacyprotect.org"
        ],
        "whois_name": [
            "Domain Admin"
        ],
        "whois_phone": [
            "+1.8022274003"
        ]
    },
    {
        "cert": [
            "16049fad081880cd0ccecb819bb04de703046b2b690cc9810eeb761d44da9150"
        ],
        "dns_a": [
            "156.245.162.37"
        ],
        "name": "www.003684.com",
        "request_jump": [
            "003684.com"
        ],
        "type": "Domain",
        "whois_email": [
            "sbiqqdm@163.com"
        ],
        "whois_name": [
            "liguangxi"
        ],
        "whois_phone": [
            "+86.8702546853"
        ]
    },
    {
        "cert": [
            "218017aafb2e999dff8089547c952d4b96fa626ee0e700282af1f08a6ae0ad02"
        ],
        "dns_a": [
            "156.245.150.82"
        ],
        "name": "www.021404.com",
        "type": "Domain",
        "whois_email": [
            "sbiqqdm@163.com"
        ],
        "whois_name": [
            "liguangxi"
        ],
        "whois_phone": [
            "+86.8702546853"
        ]
    },
    {
        "cert": [
            "16049fad081880cd0ccecb819bb04de703046b2b690cc9810eeb761d44da9150"
        ],
        "dns_a": [
            "156.245.162.38"
        ],
        "name": "www.022918.com",
        "type": "Domain",
        "whois_email": [
            "sbiqqdm@163.com"
        ],
        "whois_name": [
            "liguangxi"
        ],
        "whois_phone": [
            "+86.8702546853"
        ]
    },
    {
        "dns_a": [
            "3.128.208.230",
            "3.18.25.61",
            "3.18.65.24"
        ],
        "dns_cname": [
            "prod-sav-park-lb01-1919960993.us-east-2.elb.amazonaws.com"
        ],
        "name": "www.71ceo.com",
        "type": "Domain",
        "whois_email": [
            "contact@privacyprotect.org"
        ],
        "whois_name": [
            "Domain Admin"
        ],
        "whois_phone": [
            "+1.8022274003"
        ]
    },
    {
        "dns_cname": [
            "prod-sav-park-lb01-1919960993.us-east-2.elb.amazonaws.com"
        ],
        "name": "www.actas1.com",
        "type": "Domain"
    },
    {
        "name": "www.amazonaws.com",
        "type": "Domain"
    },
    {
        "cert": [
            "ed10fae664a7f535bc032659729d5b16a13bbfdb2cd8e499e19035ece2f80ba1"
        ],
        "dns_a": [
            "64.188.5.2"
        ],
        "dns_cname": [
            "chydhome.com"
        ],
        "name": "www.chydhome.com",
        "type": "Domain",
        "whois_email": [
            "adm_18226371@whoisprotection.cc",
            "reg_18226371@whoisprotection.cc",
            "tec_18226371@whoisprotection.cc"
        ],
        "whois_name": [
            "Domain Admin"
        ],
        "whois_phone": [
            "+60.389966788"
        ]
    },
    {
        "cert": [
            "05c1356cae9fa1b4d64ca6b4cccf7b1697b73c16c416fb753404843339b450fb"
        ],
        "dns_a": [
            "52.58.78.16"
        ],
        "name": "www.darlingtonplumber.com",
        "request_jump": [
            "darlingtonplumber.com"
        ],
        "type": "Domain",
        "whois_email": [
            "contact@privacyprotect.org"
        ],
        "whois_name": [
            "Domain Admin"
        ],
        "whois_phone": [
            "+1.8022274003"
        ]
    },
    {
        "name": "www.decynja.com",
        "type": "Domain"
    },
    {
        "cert": [
            "40460fba45ca913199a7e2afac7d9cab7a4aa135c92dfa358f6d991d79478d0b"
        ],
        "dns_a": [
            "156.245.160.107"
        ],
        "name": "www.dfty168.com",
        "type": "Domain",
        "whois_email": [
            "sbiqqdm@163.com"
        ],
        "whois_name": [
            "liguangxi"
        ],
        "whois_phone": [
            "+86.8702546853"
        ]
    },
    {
        "cert": [
            "d93de25dd9ed390febf8164aa0dd655459ca3de63436b41bc9d2e80693d8fe93"
        ],
        "dns_a": [
            "156.245.160.107"
        ],
        "name": "www.dfty666w.com",
        "type": "Domain",
        "whois_email": [
            "sbiqqdm@163.com"
        ],
        "whois_name": [
            "liguangxi"
        ],
        "whois_phone": [
            "+86.8702546853"
        ]
    },
    {
        "cert": [
            "1e1901a6b5da104f594933b72cbccd0b8a7dbc31bdf88b0f8fcd91de996eb675"
        ],
        "dns_a": [
            "156.245.160.107"
        ],
        "name": "www.dingfeng2019.com",
        "type": "Domain",
        "whois_email": [
            "sbiqqdm@163.com"
        ],
        "whois_name": [
            "liguangxi"
        ],
        "whois_phone": [
            "+86.8702546853"
        ]
    },
    {
        "dns_a": [
            "3.128.208.230",
            "3.18.25.61",
            "3.18.65.24"
        ],
        "dns_cname": [
            "prod-sav-park-lb01-1919960993.us-east-2.elb.amazonaws.com"
        ],
        "name": "www.elittent.com",
        "type": "Domain",
        "whois_name": [
            "REDACTED FOR PRIVACY"
        ]
    },
    {
        "dns_a": [
            "3.128.208.230",
            "3.18.25.61",
            "3.18.65.24"
        ],
        "dns_cname": [
            "prod-sav-park-lb01-1919960993.us-east-2.elb.amazonaws.com"
        ],
        "name": "www.felixdavis.com",
        "type": "Domain",
        "whois_email": [
            "contact@privacyprotect.org"
        ],
        "whois_name": [
            "Domain Admin"
        ],
        "whois_phone": [
            "+1.8022274003"
        ]
    },
    {
        "cert": [
            "b360495af3cea6457a47372de3504d26d2a2db17a39b1f86cd7d14c6c6404554"
        ],
        "dns_a": [
            "198.27.127.140"
        ],
        "dns_cname": [
            "garimpobrasil.com"
        ],
        "name": "www.garimpobrasil.com",
        "type": "Domain",
        "whois_email": [
            "contact@privacyprotect.org"
        ],
        "whois_name": [
            "Domain Admin"
        ],
        "whois_phone": [
            "+1.8022274003"
        ]
    },
    {
        "cert": [
            "0c599b9b6d1538f60a4f860e180260aa1022b369fa4b4a94ea9124325c10b30a"
        ],
        "dns_a": [
            "162.241.61.134"
        ],
        "dns_cname": [
            "gusabioemprendedor.com"
        ],
        "name": "www.gusabioemprendedor.com",
        "type": "Domain",
        "whois_email": [
            "contact@privacyprotect.org"
        ],
        "whois_name": [
            "Domain Admin"
        ],
        "whois_phone": [
            "+1.8022274003"
        ]
    },
    {
        "dns_a": [
            "3.128.208.230",
            "3.18.25.61",
            "3.18.65.24"
        ],
        "dns_cname": [
            "prod-sav-park-lb01-1919960993.us-east-2.elb.amazonaws.com"
        ],
        "name": "www.hndzi.com",
        "type": "Domain",
        "whois_email": [
            "contact@privacyprotect.org"
        ],
        "whois_name": [
            "Domain Admin"
        ],
        "whois_phone": [
            "+1.8022274003"
        ]
    },
    {
        "name": "www.jazzroplus.com",
        "type": "Domain"
    },
    {
        "name": "www.jsignorphotos.com.s3-website-us-west-2.amazonaws.com",
        "type": "Domain"
    },
    {
        "dns_a": [
            "204.93.172.29"
        ],
        "name": "www.khandelwalmarry.com",
        "type": "Domain",
        "whois_email": [
            "contact@privacyprotect.org"
        ],
        "whois_name": [
            "Domain Admin"
        ],
        "whois_phone": [
            "+45.36946676"
        ]
    },
    {
        "dns_a": [
            "3.128.208.230",
            "3.18.25.61",
            "3.18.65.24"
        ],
        "dns_cname": [
            "prod-sav-park-lb01-1919960993.us-east-2.elb.amazonaws.com"
        ],
        "name": "www.lcitrade.com",
        "type": "Domain",
        "whois_email": [
            "contact@privacyprotect.org"
        ],
        "whois_name": [
            "Domain Admin"
        ],
        "whois_phone": [
            "+1.8022274003"
        ]
    },
    {
        "dns_a": [
            "3.128.208.230",
            "3.18.25.61",
            "3.18.65.24"
        ],
        "dns_cname": [
            "prod-sav-park-lb01-1919960993.us-east-2.elb.amazonaws.com"
        ],
        "name": "www.loanmirror.com",
        "type": "Domain",
        "whois_email": [
            "contact@privacyprotect.org"
        ],
        "whois_name": [
            "Domain Admin"
        ],
        "whois_phone": [
            "+1.8022274003"
        ]
    },
    {
        "dns_cname": [
            "ohssa.xyz"
        ],
        "name": "www.ohssa.xyz",
        "type": "Domain",
        "whois_email": [
            "contact@privacyprotect.org"
        ],
        "whois_name": [
            "Domain Admin"
        ],
        "whois_phone": [
            "+1.8022274003"
        ]
    },
    {
        "name": "www.optionescrow.com",
        "type": "Domain"
    },
    {
        "name": "www.patentdepartment.com",
        "type": "Domain"
    },
    {
        "dns_cname": [
            "prod-sav-park-lb01-1919960993.us-east-2.elb.amazonaws.com"
        ],
        "name": "www.phendla.com",
        "type": "Domain"
    },
    {
        "name": "www.quaidetranter.com.s3-website-us-east-1.amazonaws.com",
        "type": "Domain"
    },
    {
        "dns_a": [
            "3.128.208.230",
            "3.18.25.61",
            "3.18.65.24"
        ],
        "dns_cname": [
            "prod-sav-park-lb01-1919960993.us-east-2.elb.amazonaws.com"
        ],
        "name": "www.quomarket.com",
        "type": "Domain",
        "whois_email": [
            "contact@privacyprotect.org"
        ],
        "whois_name": [
            "Domain Admin"
        ],
        "whois_phone": [
            "+1.8022274003"
        ]
    },
    {
        "name": "www.shiloh-umc.net.s3-website-us-west-2.amazonaws.com",
        "type": "Domain"
    },
    {
        "dns_a": [
            "3.128.208.230",
            "3.18.25.61",
            "3.18.65.24"
        ],
        "dns_cname": [
            "prod-sav-park-lb01-1919960993.us-east-2.elb.amazonaws.com"
        ],
        "name": "www.siemap.com",
        "type": "Domain",
        "whois_email": [
            "contact@privacyprotect.org"
        ],
        "whois_name": [
            "Domain Admin"
        ],
        "whois_phone": [
            "+1.8022274003"
        ]
    },
    {
        "cert": [
            "6a366e9f980150c7186c2804dac8e53622e1348b9b4adba5804039779a3accbd"
        ],
        "dns_a": [
            "66.235.200.37"
        ],
        "name": "www.sndconstruction.com",
        "type": "Domain",
        "whois_email": [
            "contact@privacyprotect.org"
        ],
        "whois_name": [
            "Domain Admin"
        ],
        "whois_phone": [
            "+1.8022274003"
        ]
    },
    {
        "name": "www.stairway2.com.s3-website-us-west-1.amazonaws.com",
        "type": "Domain"
    },
    {
        "cert": [
            "e81bf0858a415fa8014b499fd43395ce9bdfea165817ea637e587c4764bf3aa6"
        ],
        "dns_a": [
            "91.134.184.238"
        ],
        "dns_cname": [
            "unrecuerdoperfecto.com"
        ],
        "name": "www.unrecuerdoperfecto.com",
        "type": "Domain",
        "whois_email": [
            "contact@privacyprotect.org"
        ],
        "whois_name": [
            "Domain Admin"
        ],
        "whois_phone": [
            "+1.8022274003"
        ]
    }
]