[
    {
        "certchain": [
            "7fc8c5263f0826b13eed1639957cef03f65964464e5b666b3eb3505696bbc73e"
        ],
        "name": "1155719eac3d2567d2d00602b93994d81401e8c26215c09e5cb74ef228bcd206",
        "type": "Cert_SHA256"
    },
    {
        "name": "154.219.216.176",
        "type": "IP"
    },
    {
        "name": "164.155.177.189",
        "type": "IP"
    },
    {
        "name": "172.255.124.232",
        "type": "IP"
    },
    {
        "certchain": [
            "7fc8c5263f0826b13eed1639957cef03f65964464e5b666b3eb3505696bbc73e"
        ],
        "name": "2a8cd6062e0ae1cbf435766d6ea0e4c269047ccc074c29a7499aa92790929d2c",
        "type": "Cert_SHA256"
    },
    {
        "cert": [
            "1155719eac3d2567d2d00602b93994d81401e8c26215c09e5cb74ef228bcd206"
        ],
        "dns_a": [
            "154.219.216.176"
        ],
        "name": "3-zxmss.com",
        "subdomain": [
            "www.3-zxmss.com"
        ],
        "type": "Domain"
    },
    {
        "asn": [
            "AS55933"
        ],
        "name": "5.180.97.54",
        "type": "IP"
    },
    {
        "cert": [
            "2a8cd6062e0ae1cbf435766d6ea0e4c269047ccc074c29a7499aa92790929d2c"
        ],
        "dns_a": [
            "5.180.97.54"
        ],
        "name": "6652258.com",
        "subdomain": [
            "www.6652258.com"
        ],
        "type": "Domain"
    },
    {
        "name": "7fc8c5263f0826b13eed1639957cef03f65964464e5b666b3eb3505696bbc73e",
        "type": "Cert_SHA256"
    },
    {
        "cert": [
            "2a8cd6062e0ae1cbf435766d6ea0e4c269047ccc074c29a7499aa92790929d2c"
        ],
        "dns_a": [
            "5.180.97.54"
        ],
        "name": "apruitai.com",
        "subdomain": [
            "www.apruitai.com"
        ],
        "type": "Domain"
    },
    {
        "cert": [
            "2a8cd6062e0ae1cbf435766d6ea0e4c269047ccc074c29a7499aa92790929d2c"
        ],
        "name": "bolarzonix.com",
        "subdomain": [
            "www.bolarzonix.com"
        ],
        "type": "Domain"
    },
    {
        "cert": [
            "1155719eac3d2567d2d00602b93994d81401e8c26215c09e5cb74ef228bcd206"
        ],
        "dns_a": [
            "5.180.97.54"
        ],
        "name": "cntradeca-lnsy.com",
        "subdomain": [
            "www.cntradeca-lnsy.com"
        ],
        "type": "Domain"
    },
    {
        "cert": [
            "2a8cd6062e0ae1cbf435766d6ea0e4c269047ccc074c29a7499aa92790929d2c"
        ],
        "dns_a": [
            "5.180.97.54"
        ],
        "name": "cnyhsd.com",
        "subdomain": [
            "www.cnyhsd.com"
        ],
        "type": "Domain"
    },
    {
        "cert": [
            "1155719eac3d2567d2d00602b93994d81401e8c26215c09e5cb74ef228bcd206"
        ],
        "dns_a": [
            "5.180.97.54"
        ],
        "name": "dlzhanpengcaiban.com",
        "subdomain": [
            "www.dlzhanpengcaiban.com"
        ],
        "type": "Domain"
    },
    {
        "cert": [
            "2a8cd6062e0ae1cbf435766d6ea0e4c269047ccc074c29a7499aa92790929d2c"
        ],
        "dns_a": [
            "5.180.97.54"
        ],
        "name": "ekroten.com",
        "subdomain": [
            "www.ekroten.com"
        ],
        "type": "Domain"
    },
    {
        "cert": [
            "2a8cd6062e0ae1cbf435766d6ea0e4c269047ccc074c29a7499aa92790929d2c"
        ],
        "dns_a": [
            "5.180.97.54"
        ],
        "name": "fanbosong.com",
        "subdomain": [
            "www.fanbosong.com"
        ],
        "type": "Domain"
    },
    {
        "cert": [
            "2a8cd6062e0ae1cbf435766d6ea0e4c269047ccc074c29a7499aa92790929d2c"
        ],
        "dns_a": [
            "5.180.97.54"
        ],
        "name": "foshanheyi.com",
        "subdomain": [
            "www.foshanheyi.com"
        ],
        "type": "Domain"
    },
    {
        "cert": [
            "2a8cd6062e0ae1cbf435766d6ea0e4c269047ccc074c29a7499aa92790929d2c"
        ],
        "name": "fuwutea.com",
        "subdomain": [
            "www.fuwutea.com"
        ],
        "type": "Domain"
    },
    {
        "cert": [
            "2a8cd6062e0ae1cbf435766d6ea0e4c269047ccc074c29a7499aa92790929d2c"
        ],
        "name": "gyqhpiano.com",
        "subdomain": [
            "www.gyqhpiano.com"
        ],
        "type": "Domain"
    },
    {
        "cert": [
            "1155719eac3d2567d2d00602b93994d81401e8c26215c09e5cb74ef228bcd206"
        ],
        "dns_a": [
            "172.255.124.232"
        ],
        "name": "gywuage.com",
        "subdomain": [
            "www.gywuage.com"
        ],
        "type": "Domain"
    },
    {
        "cert": [
            "2a8cd6062e0ae1cbf435766d6ea0e4c269047ccc074c29a7499aa92790929d2c"
        ],
        "dns_a": [
            "164.155.177.189",
            "5.180.97.54"
        ],
        "name": "haoxiezi123.com",
        "subdomain": [
            "www.haoxiezi123.com"
        ],
        "type": "Domain"
    },
    {
        "cert": [
            "2a8cd6062e0ae1cbf435766d6ea0e4c269047ccc074c29a7499aa92790929d2c"
        ],
        "name": "hongdabeef.com",
        "subdomain": [
            "www.hongdabeef.com"
        ],
        "type": "Domain"
    },
    {
        "cert": [
            "2a8cd6062e0ae1cbf435766d6ea0e4c269047ccc074c29a7499aa92790929d2c"
        ],
        "dns_a": [
            "5.180.97.54"
        ],
        "name": "honglibearing.com",
        "subdomain": [
            "www.honglibearing.com"
        ],
        "type": "Domain"
    },
    {
        "cert": [
            "2a8cd6062e0ae1cbf435766d6ea0e4c269047ccc074c29a7499aa92790929d2c"
        ],
        "name": "hooopad.com",
        "subdomain": [
            "www.hooopad.com"
        ],
        "type": "Domain"
    },
    {
        "cert": [
            "2a8cd6062e0ae1cbf435766d6ea0e4c269047ccc074c29a7499aa92790929d2c"
        ],
        "dns_a": [
            "5.180.97.54"
        ],
        "name": "jinyuanguolu.com",
        "subdomain": [
            "www.jinyuanguolu.com"
        ],
        "type": "Domain"
    },
    {
        "cert": [
            "2a8cd6062e0ae1cbf435766d6ea0e4c269047ccc074c29a7499aa92790929d2c"
        ],
        "name": "jsgypfb.com",
        "subdomain": [
            "www.jsgypfb.com"
        ],
        "type": "Domain"
    },
    {
        "cert": [
            "2a8cd6062e0ae1cbf435766d6ea0e4c269047ccc074c29a7499aa92790929d2c"
        ],
        "name": "kuyod.com",
        "subdomain": [
            "www.kuyod.com"
        ],
        "type": "Domain"
    },
    {
        "cert": [
            "2a8cd6062e0ae1cbf435766d6ea0e4c269047ccc074c29a7499aa92790929d2c"
        ],
        "name": "lanxin08.com",
        "subdomain": [
            "www.lanxin08.com"
        ],
        "type": "Domain"
    },
    {
        "cert": [
            "1155719eac3d2567d2d00602b93994d81401e8c26215c09e5cb74ef228bcd206"
        ],
        "dns_a": [
            "5.180.97.54"
        ],
        "name": "leivein.com",
        "subdomain": [
            "www.leivein.com"
        ],
        "type": "Domain"
    },
    {
        "cert": [
            "2a8cd6062e0ae1cbf435766d6ea0e4c269047ccc074c29a7499aa92790929d2c"
        ],
        "name": "liveinyq.com",
        "subdomain": [
            "www.liveinyq.com"
        ],
        "type": "Domain"
    },
    {
        "cert": [
            "2a8cd6062e0ae1cbf435766d6ea0e4c269047ccc074c29a7499aa92790929d2c"
        ],
        "name": "lpaxc.com",
        "subdomain": [
            "www.lpaxc.com"
        ],
        "type": "Domain"
    },
    {
        "cert": [
            "2a8cd6062e0ae1cbf435766d6ea0e4c269047ccc074c29a7499aa92790929d2c"
        ],
        "name": "lzxpc.com",
        "subdomain": [
            "www.lzxpc.com"
        ],
        "type": "Domain"
    },
    {
        "cert": [
            "2a8cd6062e0ae1cbf435766d6ea0e4c269047ccc074c29a7499aa92790929d2c"
        ],
        "name": "mainzszrhy.com",
        "type": "Domain"
    },
    {
        "cert": [
            "2a8cd6062e0ae1cbf435766d6ea0e4c269047ccc074c29a7499aa92790929d2c"
        ],
        "name": "nfcultrue.com",
        "subdomain": [
            "www.nfcultrue.com"
        ],
        "type": "Domain"
    },
    {
        "cert": [
            "1155719eac3d2567d2d00602b93994d81401e8c26215c09e5cb74ef228bcd206"
        ],
        "dns_a": [
            "5.180.97.54"
        ],
        "name": "nksgh.com",
        "subdomain": [
            "www.nksgh.com"
        ],
        "type": "Domain"
    },
    {
        "cert": [
            "2a8cd6062e0ae1cbf435766d6ea0e4c269047ccc074c29a7499aa92790929d2c"
        ],
        "name": "pengkoutea.com",
        "subdomain": [
            "www.pengkoutea.com"
        ],
        "type": "Domain"
    },
    {
        "cert": [
            "2a8cd6062e0ae1cbf435766d6ea0e4c269047ccc074c29a7499aa92790929d2c"
        ],
        "name": "pjsyssy.com",
        "subdomain": [
            "www.pjsyssy.com"
        ],
        "type": "Domain"
    },
    {
        "cert": [
            "2a8cd6062e0ae1cbf435766d6ea0e4c269047ccc074c29a7499aa92790929d2c"
        ],
        "name": "pjxhbaby.com",
        "subdomain": [
            "www.pjxhbaby.com"
        ],
        "type": "Domain"
    },
    {
        "cert": [
            "2a8cd6062e0ae1cbf435766d6ea0e4c269047ccc074c29a7499aa92790929d2c"
        ],
        "name": "qdaimeier.com",
        "subdomain": [
            "www.qdaimeier.com"
        ],
        "type": "Domain"
    },
    {
        "cert": [
            "2a8cd6062e0ae1cbf435766d6ea0e4c269047ccc074c29a7499aa92790929d2c"
        ],
        "name": "renaihk.com",
        "subdomain": [
            "www.renaihk.com"
        ],
        "type": "Domain"
    },
    {
        "cert": [
            "2a8cd6062e0ae1cbf435766d6ea0e4c269047ccc074c29a7499aa92790929d2c"
        ],
        "name": "rsjcsb.com",
        "subdomain": [
            "www.rsjcsb.com"
        ],
        "type": "Domain"
    },
    {
        "cert": [
            "2a8cd6062e0ae1cbf435766d6ea0e4c269047ccc074c29a7499aa92790929d2c"
        ],
        "name": "sd58tuan.com",
        "subdomain": [
            "www.sd58tuan.com"
        ],
        "type": "Domain"
    },
    {
        "cert": [
            "2a8cd6062e0ae1cbf435766d6ea0e4c269047ccc074c29a7499aa92790929d2c"
        ],
        "name": "sddhjssy.com",
        "subdomain": [
            "www.sddhjssy.com"
        ],
        "type": "Domain"
    },
    {
        "cert": [
            "2a8cd6062e0ae1cbf435766d6ea0e4c269047ccc074c29a7499aa92790929d2c"
        ],
        "name": "sheih-tai.com",
        "subdomain": [
            "www.sheih-tai.com"
        ],
        "type": "Domain"
    },
    {
        "cert": [
            "2a8cd6062e0ae1cbf435766d6ea0e4c269047ccc074c29a7499aa92790929d2c"
        ],
        "name": "shwcff.com",
        "subdomain": [
            "www.shwcff.com"
        ],
        "type": "Domain"
    },
    {
        "cert": [
            "1155719eac3d2567d2d00602b93994d81401e8c26215c09e5cb74ef228bcd206"
        ],
        "name": "sqswdq.com",
        "subdomain": [
            "www.sqswdq.com"
        ],
        "type": "Domain"
    },
    {
        "cert": [
            "2a8cd6062e0ae1cbf435766d6ea0e4c269047ccc074c29a7499aa92790929d2c"
        ],
        "name": "sxldtex.com",
        "subdomain": [
            "www.sxldtex.com"
        ],
        "type": "Domain"
    },
    {
        "cert": [
            "2a8cd6062e0ae1cbf435766d6ea0e4c269047ccc074c29a7499aa92790929d2c"
        ],
        "name": "szhs001.com",
        "subdomain": [
            "www.szhs001.com"
        ],
        "type": "Domain"
    },
    {
        "cert": [
            "1155719eac3d2567d2d00602b93994d81401e8c26215c09e5cb74ef228bcd206"
        ],
        "name": "szkuyaju.com",
        "subdomain": [
            "www.szkuyaju.com"
        ],
        "type": "Domain"
    },
    {
        "cert": [
            "2a8cd6062e0ae1cbf435766d6ea0e4c269047ccc074c29a7499aa92790929d2c"
        ],
        "name": "szsikin.com",
        "subdomain": [
            "www.szsikin.com"
        ],
        "type": "Domain"
    },
    {
        "cert": [
            "2a8cd6062e0ae1cbf435766d6ea0e4c269047ccc074c29a7499aa92790929d2c"
        ],
        "name": "tchtyx.com",
        "subdomain": [
            "www.tchtyx.com"
        ],
        "type": "Domain"
    },
    {
        "cert": [
            "2a8cd6062e0ae1cbf435766d6ea0e4c269047ccc074c29a7499aa92790929d2c"
        ],
        "name": "whanjiahe.com",
        "subdomain": [
            "www.whanjiahe.com"
        ],
        "type": "Domain"
    },
    {
        "cert": [
            "2a8cd6062e0ae1cbf435766d6ea0e4c269047ccc074c29a7499aa92790929d2c"
        ],
        "name": "whjmdq.com",
        "subdomain": [
            "www.whjmdq.com"
        ],
        "type": "Domain"
    },
    {
        "cert": [
            "1155719eac3d2567d2d00602b93994d81401e8c26215c09e5cb74ef228bcd206"
        ],
        "dns_a": [
            "5.180.97.54"
        ],
        "name": "www-toutiao.com",
        "subdomain": [
            "www.www-toutiao.com"
        ],
        "type": "Domain"
    },
    {
        "cert": [
            "1155719eac3d2567d2d00602b93994d81401e8c26215c09e5cb74ef228bcd206"
        ],
        "name": "www.3-zxmss.com",
        "type": "Domain"
    },
    {
        "cert": [
            "2a8cd6062e0ae1cbf435766d6ea0e4c269047ccc074c29a7499aa92790929d2c"
        ],
        "dns_a": [
            "5.180.97.54"
        ],
        "name": "www.6652258.com",
        "type": "Domain"
    },
    {
        "cert": [
            "2a8cd6062e0ae1cbf435766d6ea0e4c269047ccc074c29a7499aa92790929d2c"
        ],
        "name": "www.apruitai.com",
        "type": "Domain"
    },
    {
        "cert": [
            "2a8cd6062e0ae1cbf435766d6ea0e4c269047ccc074c29a7499aa92790929d2c"
        ],
        "name": "www.bolarzonix.com",
        "type": "Domain"
    },
    {
        "cert": [
            "1155719eac3d2567d2d00602b93994d81401e8c26215c09e5cb74ef228bcd206"
        ],
        "dns_a": [
            "5.180.97.54"
        ],
        "name": "www.cntradeca-lnsy.com",
        "type": "Domain"
    },
    {
        "cert": [
            "2a8cd6062e0ae1cbf435766d6ea0e4c269047ccc074c29a7499aa92790929d2c"
        ],
        "name": "www.cnyhsd.com",
        "type": "Domain"
    },
    {
        "cert": [
            "1155719eac3d2567d2d00602b93994d81401e8c26215c09e5cb74ef228bcd206"
        ],
        "dns_a": [
            "5.180.97.54"
        ],
        "name": "www.dlzhanpengcaiban.com",
        "type": "Domain"
    },
    {
        "cert": [
            "2a8cd6062e0ae1cbf435766d6ea0e4c269047ccc074c29a7499aa92790929d2c"
        ],
        "name": "www.ekroten.com",
        "type": "Domain"
    },
    {
        "cert": [
            "2a8cd6062e0ae1cbf435766d6ea0e4c269047ccc074c29a7499aa92790929d2c"
        ],
        "name": "www.fanbosong.com",
        "type": "Domain"
    },
    {
        "cert": [
            "2a8cd6062e0ae1cbf435766d6ea0e4c269047ccc074c29a7499aa92790929d2c"
        ],
        "name": "www.foshanheyi.com",
        "type": "Domain"
    },
    {
        "cert": [
            "2a8cd6062e0ae1cbf435766d6ea0e4c269047ccc074c29a7499aa92790929d2c"
        ],
        "name": "www.fuwutea.com",
        "type": "Domain"
    },
    {
        "cert": [
            "2a8cd6062e0ae1cbf435766d6ea0e4c269047ccc074c29a7499aa92790929d2c"
        ],
        "name": "www.gyqhpiano.com",
        "type": "Domain"
    },
    {
        "cert": [
            "1155719eac3d2567d2d00602b93994d81401e8c26215c09e5cb74ef228bcd206"
        ],
        "name": "www.gywuage.com",
        "type": "Domain"
    },
    {
        "cert": [
            "2a8cd6062e0ae1cbf435766d6ea0e4c269047ccc074c29a7499aa92790929d2c"
        ],
        "dns_a": [
            "5.180.97.54"
        ],
        "name": "www.haoxiezi123.com",
        "type": "Domain"
    },
    {
        "cert": [
            "2a8cd6062e0ae1cbf435766d6ea0e4c269047ccc074c29a7499aa92790929d2c"
        ],
        "name": "www.hongdabeef.com",
        "type": "Domain"
    },
    {
        "cert": [
            "2a8cd6062e0ae1cbf435766d6ea0e4c269047ccc074c29a7499aa92790929d2c"
        ],
        "name": "www.honglibearing.com",
        "type": "Domain"
    },
    {
        "cert": [
            "2a8cd6062e0ae1cbf435766d6ea0e4c269047ccc074c29a7499aa92790929d2c"
        ],
        "name": "www.hooopad.com",
        "type": "Domain"
    },
    {
        "cert": [
            "2a8cd6062e0ae1cbf435766d6ea0e4c269047ccc074c29a7499aa92790929d2c"
        ],
        "dns_a": [
            "5.180.97.54"
        ],
        "name": "www.jinyuanguolu.com",
        "type": "Domain"
    },
    {
        "cert": [
            "2a8cd6062e0ae1cbf435766d6ea0e4c269047ccc074c29a7499aa92790929d2c"
        ],
        "name": "www.jsgypfb.com",
        "type": "Domain"
    },
    {
        "cert": [
            "2a8cd6062e0ae1cbf435766d6ea0e4c269047ccc074c29a7499aa92790929d2c"
        ],
        "name": "www.kuyod.com",
        "type": "Domain"
    },
    {
        "cert": [
            "2a8cd6062e0ae1cbf435766d6ea0e4c269047ccc074c29a7499aa92790929d2c"
        ],
        "name": "www.lanxin08.com",
        "type": "Domain"
    },
    {
        "cert": [
            "1155719eac3d2567d2d00602b93994d81401e8c26215c09e5cb74ef228bcd206"
        ],
        "dns_a": [
            "5.180.97.54"
        ],
        "name": "www.leivein.com",
        "type": "Domain"
    },
    {
        "cert": [
            "2a8cd6062e0ae1cbf435766d6ea0e4c269047ccc074c29a7499aa92790929d2c"
        ],
        "name": "www.liveinyq.com",
        "type": "Domain"
    },
    {
        "cert": [
            "2a8cd6062e0ae1cbf435766d6ea0e4c269047ccc074c29a7499aa92790929d2c"
        ],
        "name": "www.lpaxc.com",
        "type": "Domain"
    },
    {
        "cert": [
            "2a8cd6062e0ae1cbf435766d6ea0e4c269047ccc074c29a7499aa92790929d2c"
        ],
        "name": "www.lzxpc.com",
        "type": "Domain"
    },
    {
        "cert": [
            "2a8cd6062e0ae1cbf435766d6ea0e4c269047ccc074c29a7499aa92790929d2c"
        ],
        "name": "www.mainzszrhy.com",
        "type": "Domain"
    },
    {
        "cert": [
            "2a8cd6062e0ae1cbf435766d6ea0e4c269047ccc074c29a7499aa92790929d2c"
        ],
        "name": "www.nfcultrue.com",
        "type": "Domain"
    },
    {
        "cert": [
            "1155719eac3d2567d2d00602b93994d81401e8c26215c09e5cb74ef228bcd206"
        ],
        "dns_a": [
            "5.180.97.54"
        ],
        "name": "www.nksgh.com",
        "type": "Domain"
    },
    {
        "cert": [
            "2a8cd6062e0ae1cbf435766d6ea0e4c269047ccc074c29a7499aa92790929d2c"
        ],
        "name": "www.pengkoutea.com",
        "type": "Domain"
    },
    {
        "cert": [
            "2a8cd6062e0ae1cbf435766d6ea0e4c269047ccc074c29a7499aa92790929d2c"
        ],
        "name": "www.pjsyssy.com",
        "type": "Domain"
    },
    {
        "cert": [
            "2a8cd6062e0ae1cbf435766d6ea0e4c269047ccc074c29a7499aa92790929d2c"
        ],
        "name": "www.pjxhbaby.com",
        "type": "Domain"
    },
    {
        "cert": [
            "2a8cd6062e0ae1cbf435766d6ea0e4c269047ccc074c29a7499aa92790929d2c"
        ],
        "name": "www.qdaimeier.com",
        "type": "Domain"
    },
    {
        "cert": [
            "2a8cd6062e0ae1cbf435766d6ea0e4c269047ccc074c29a7499aa92790929d2c"
        ],
        "name": "www.renaihk.com",
        "type": "Domain"
    },
    {
        "cert": [
            "2a8cd6062e0ae1cbf435766d6ea0e4c269047ccc074c29a7499aa92790929d2c"
        ],
        "name": "www.rsjcsb.com",
        "type": "Domain"
    },
    {
        "cert": [
            "2a8cd6062e0ae1cbf435766d6ea0e4c269047ccc074c29a7499aa92790929d2c"
        ],
        "name": "www.sd58tuan.com",
        "type": "Domain"
    },
    {
        "cert": [
            "2a8cd6062e0ae1cbf435766d6ea0e4c269047ccc074c29a7499aa92790929d2c"
        ],
        "name": "www.sddhjssy.com",
        "type": "Domain"
    },
    {
        "cert": [
            "2a8cd6062e0ae1cbf435766d6ea0e4c269047ccc074c29a7499aa92790929d2c"
        ],
        "name": "www.sheih-tai.com",
        "type": "Domain"
    },
    {
        "cert": [
            "2a8cd6062e0ae1cbf435766d6ea0e4c269047ccc074c29a7499aa92790929d2c"
        ],
        "name": "www.shwcff.com",
        "type": "Domain"
    },
    {
        "name": "www.sqswdq.com",
        "type": "Domain"
    },
    {
        "cert": [
            "2a8cd6062e0ae1cbf435766d6ea0e4c269047ccc074c29a7499aa92790929d2c"
        ],
        "name": "www.sxldtex.com",
        "type": "Domain"
    },
    {
        "cert": [
            "2a8cd6062e0ae1cbf435766d6ea0e4c269047ccc074c29a7499aa92790929d2c"
        ],
        "name": "www.szhs001.com",
        "type": "Domain"
    },
    {
        "cert": [
            "1155719eac3d2567d2d00602b93994d81401e8c26215c09e5cb74ef228bcd206"
        ],
        "name": "www.szkuyaju.com",
        "type": "Domain"
    },
    {
        "cert": [
            "2a8cd6062e0ae1cbf435766d6ea0e4c269047ccc074c29a7499aa92790929d2c"
        ],
        "name": "www.szsikin.com",
        "type": "Domain"
    },
    {
        "cert": [
            "2a8cd6062e0ae1cbf435766d6ea0e4c269047ccc074c29a7499aa92790929d2c"
        ],
        "name": "www.tchtyx.com",
        "type": "Domain"
    },
    {
        "cert": [
            "2a8cd6062e0ae1cbf435766d6ea0e4c269047ccc074c29a7499aa92790929d2c"
        ],
        "name": "www.whanjiahe.com",
        "type": "Domain"
    },
    {
        "name": "www.whjmdq.com",
        "type": "Domain"
    },
    {
        "cert": [
            "1155719eac3d2567d2d00602b93994d81401e8c26215c09e5cb74ef228bcd206"
        ],
        "dns_a": [
            "5.180.97.54"
        ],
        "name": "www.www-toutiao.com",
        "type": "Domain"
    },
    {
        "cert": [
            "2a8cd6062e0ae1cbf435766d6ea0e4c269047ccc074c29a7499aa92790929d2c"
        ],
        "name": "www.xlsddgg.com",
        "type": "Domain"
    },
    {
        "cert": [
            "2a8cd6062e0ae1cbf435766d6ea0e4c269047ccc074c29a7499aa92790929d2c"
        ],
        "name": "www.xweipuxin.com",
        "type": "Domain"
    },
    {
        "cert": [
            "2a8cd6062e0ae1cbf435766d6ea0e4c269047ccc074c29a7499aa92790929d2c"
        ],
        "name": "www.yonggangjiaju.com",
        "type": "Domain"
    },
    {
        "cert": [
            "2a8cd6062e0ae1cbf435766d6ea0e4c269047ccc074c29a7499aa92790929d2c"
        ],
        "name": "www.yyjml.com",
        "type": "Domain"
    },
    {
        "cert": [
            "2a8cd6062e0ae1cbf435766d6ea0e4c269047ccc074c29a7499aa92790929d2c"
        ],
        "name": "www.yzshdsg.com",
        "type": "Domain"
    },
    {
        "cert": [
            "2a8cd6062e0ae1cbf435766d6ea0e4c269047ccc074c29a7499aa92790929d2c"
        ],
        "name": "www.zbapples.com",
        "type": "Domain"
    },
    {
        "cert": [
            "2a8cd6062e0ae1cbf435766d6ea0e4c269047ccc074c29a7499aa92790929d2c"
        ],
        "name": "xlsddgg.com",
        "subdomain": [
            "www.xlsddgg.com"
        ],
        "type": "Domain"
    },
    {
        "name": "xweipuxin.com",
        "subdomain": [
            "www.xweipuxin.com"
        ],
        "type": "Domain"
    },
    {
        "cert": [
            "2a8cd6062e0ae1cbf435766d6ea0e4c269047ccc074c29a7499aa92790929d2c"
        ],
        "name": "yonggangjiaju.com",
        "subdomain": [
            "www.yonggangjiaju.com"
        ],
        "type": "Domain"
    },
    {
        "cert": [
            "2a8cd6062e0ae1cbf435766d6ea0e4c269047ccc074c29a7499aa92790929d2c"
        ],
        "name": "yyjml.com",
        "subdomain": [
            "www.yyjml.com"
        ],
        "type": "Domain"
    },
    {
        "cert": [
            "2a8cd6062e0ae1cbf435766d6ea0e4c269047ccc074c29a7499aa92790929d2c"
        ],
        "name": "yzshdsg.com",
        "subdomain": [
            "www.yzshdsg.com"
        ],
        "type": "Domain"
    },
    {
        "cert": [
            "2a8cd6062e0ae1cbf435766d6ea0e4c269047ccc074c29a7499aa92790929d2c"
        ],
        "name": "zbapples.com",
        "subdomain": [
            "www.zbapples.com"
        ],
        "type": "Domain"
    }
]