[
    {
        "cert": [
            "93a0d9cf3db4ca9ab5b4d8e4d3904e0c2edad84534041a370954400d73e876e2"
        ],
        "name": "026466.com",
        "subdomain": [
            "www.026466.com"
        ],
        "type": "Domain"
    },
    {
        "cert": [
            "93a0d9cf3db4ca9ab5b4d8e4d3904e0c2edad84534041a370954400d73e876e2"
        ],
        "name": "043266.com",
        "subdomain": [
            "www.043266.com"
        ],
        "type": "Domain"
    },
    {
        "cert": [
            "93a0d9cf3db4ca9ab5b4d8e4d3904e0c2edad84534041a370954400d73e876e2"
        ],
        "dns_a": [
            "103.211.126.133"
        ],
        "dns_cname": [
            "cp_500_p1.lxwaf.com"
        ],
        "name": "045866.com",
        "subdomain": [
            "www.045866.com"
        ],
        "type": "Domain"
    },
    {
        "cert": [
            "93a0d9cf3db4ca9ab5b4d8e4d3904e0c2edad84534041a370954400d73e876e2"
        ],
        "name": "056466.com",
        "subdomain": [
            "www.056466.com"
        ],
        "type": "Domain"
    },
    {
        "name": "103.211.126.133",
        "type": "IP"
    },
    {
        "cert": [
            "93a0d9cf3db4ca9ab5b4d8e4d3904e0c2edad84534041a370954400d73e876e2"
        ],
        "name": "1054999.com",
        "subdomain": [
            "www.1054999.com"
        ],
        "type": "Domain"
    },
    {
        "cert": [
            "93a0d9cf3db4ca9ab5b4d8e4d3904e0c2edad84534041a370954400d73e876e2"
        ],
        "dns_a": [
            "103.211.126.133"
        ],
        "name": "1084999.com",
        "subdomain": [
            "www.1084999.com"
        ],
        "type": "Domain"
    },
    {
        "cert": [
            "93a0d9cf3db4ca9ab5b4d8e4d3904e0c2edad84534041a370954400d73e876e2"
        ],
        "name": "1421999.com",
        "subdomain": [
            "www.1421999.com"
        ],
        "type": "Domain"
    },
    {
        "cert": [
            "93a0d9cf3db4ca9ab5b4d8e4d3904e0c2edad84534041a370954400d73e876e2"
        ],
        "name": "1427999.com",
        "subdomain": [
            "www.1427999.com"
        ],
        "type": "Domain"
    },
    {
        "cert": [
            "93a0d9cf3db4ca9ab5b4d8e4d3904e0c2edad84534041a370954400d73e876e2"
        ],
        "name": "1428999.com",
        "subdomain": [
            "www.1428999.com"
        ],
        "type": "Domain"
    },
    {
        "cert": [
            "93a0d9cf3db4ca9ab5b4d8e4d3904e0c2edad84534041a370954400d73e876e2"
        ],
        "name": "1431999.com",
        "subdomain": [
            "www.1431999.com"
        ],
        "type": "Domain"
    },
    {
        "cert": [
            "93a0d9cf3db4ca9ab5b4d8e4d3904e0c2edad84534041a370954400d73e876e2"
        ],
        "name": "1452999.com",
        "subdomain": [
            "www.1452999.com"
        ],
        "type": "Domain"
    },
    {
        "cert": [
            "93a0d9cf3db4ca9ab5b4d8e4d3904e0c2edad84534041a370954400d73e876e2"
        ],
        "name": "1453999.com",
        "subdomain": [
            "www.1453999.com"
        ],
        "type": "Domain"
    },
    {
        "dns_cname": [
            "cp_500_p1.lxwaf.com"
        ],
        "name": "1461999.com",
        "subdomain": [
            "www.1461999.com"
        ],
        "type": "Domain"
    },
    {
        "cert": [
            "93a0d9cf3db4ca9ab5b4d8e4d3904e0c2edad84534041a370954400d73e876e2"
        ],
        "name": "1462999.com",
        "subdomain": [
            "www.1462999.com"
        ],
        "type": "Domain"
    },
    {
        "dns_cname": [
            "cp_500_p1.lxwaf.com"
        ],
        "name": "1467999.com",
        "subdomain": [
            "www.1467999.com"
        ],
        "type": "Domain"
    },
    {
        "name": "156.233.67.243",
        "type": "IP"
    },
    {
        "cert": [
            "93a0d9cf3db4ca9ab5b4d8e4d3904e0c2edad84534041a370954400d73e876e2"
        ],
        "name": "178466.com",
        "subdomain": [
            "www.178466.com"
        ],
        "type": "Domain"
    },
    {
        "cert": [
            "93a0d9cf3db4ca9ab5b4d8e4d3904e0c2edad84534041a370954400d73e876e2"
        ],
        "name": "181274.com",
        "subdomain": [
            "www.181274.com"
        ],
        "type": "Domain"
    },
    {
        "cert": [
            "93a0d9cf3db4ca9ab5b4d8e4d3904e0c2edad84534041a370954400d73e876e2"
        ],
        "name": "182390.com",
        "subdomain": [
            "www.182390.com"
        ],
        "type": "Domain"
    },
    {
        "cert": [
            "93a0d9cf3db4ca9ab5b4d8e4d3904e0c2edad84534041a370954400d73e876e2"
        ],
        "name": "183250.com",
        "subdomain": [
            "www.183250.com"
        ],
        "type": "Domain"
    },
    {
        "cert": [
            "93a0d9cf3db4ca9ab5b4d8e4d3904e0c2edad84534041a370954400d73e876e2"
        ],
        "name": "184066.com",
        "subdomain": [
            "www.184066.com"
        ],
        "type": "Domain"
    },
    {
        "cert": [
            "93a0d9cf3db4ca9ab5b4d8e4d3904e0c2edad84534041a370954400d73e876e2"
        ],
        "name": "185320.com",
        "subdomain": [
            "www.185320.com"
        ],
        "type": "Domain"
    },
    {
        "name": "18.162.153.218",
        "type": "IP"
    },
    {
        "cert": [
            "93a0d9cf3db4ca9ab5b4d8e4d3904e0c2edad84534041a370954400d73e876e2"
        ],
        "name": "192230.com",
        "subdomain": [
            "www.192230.com"
        ],
        "type": "Domain"
    },
    {
        "cert": [
            "93a0d9cf3db4ca9ab5b4d8e4d3904e0c2edad84534041a370954400d73e876e2"
        ],
        "name": "203796.com",
        "subdomain": [
            "www.203796.com"
        ],
        "type": "Domain"
    },
    {
        "cert": [
            "93a0d9cf3db4ca9ab5b4d8e4d3904e0c2edad84534041a370954400d73e876e2"
        ],
        "dns_a": [
            "156.233.67.243"
        ],
        "name": "22222cpw.com",
        "subdomain": [
            "www.22222cpw.com"
        ],
        "type": "Domain"
    },
    {
        "cert": [
            "93a0d9cf3db4ca9ab5b4d8e4d3904e0c2edad84534041a370954400d73e876e2"
        ],
        "name": "2299500.com",
        "subdomain": [
            "www.2299500.com"
        ],
        "type": "Domain"
    },
    {
        "cert": [
            "93a0d9cf3db4ca9ab5b4d8e4d3904e0c2edad84534041a370954400d73e876e2"
        ],
        "dns_a": [
            "103.211.126.133"
        ],
        "dns_cname": [
            "cp_500_p1.lxwaf.com"
        ],
        "name": "230216.com",
        "subdomain": [
            "www.230216.com"
        ],
        "type": "Domain"
    },
    {
        "cert": [
            "93a0d9cf3db4ca9ab5b4d8e4d3904e0c2edad84534041a370954400d73e876e2"
        ],
        "name": "238794.com",
        "subdomain": [
            "www.238794.com"
        ],
        "type": "Domain"
    },
    {
        "cert": [
            "93a0d9cf3db4ca9ab5b4d8e4d3904e0c2edad84534041a370954400d73e876e2"
        ],
        "name": "252210.com",
        "subdomain": [
            "www.252210.com"
        ],
        "type": "Domain"
    },
    {
        "cert": [
            "93a0d9cf3db4ca9ab5b4d8e4d3904e0c2edad84534041a370954400d73e876e2"
        ],
        "name": "272210.com",
        "subdomain": [
            "www.272210.com"
        ],
        "type": "Domain"
    },
    {
        "cert": [
            "93a0d9cf3db4ca9ab5b4d8e4d3904e0c2edad84534041a370954400d73e876e2"
        ],
        "name": "276714.com",
        "subdomain": [
            "www.276714.com"
        ],
        "type": "Domain"
    },
    {
        "cert": [
            "93a0d9cf3db4ca9ab5b4d8e4d3904e0c2edad84534041a370954400d73e876e2"
        ],
        "name": "282270.com",
        "subdomain": [
            "www.282270.com"
        ],
        "type": "Domain"
    },
    {
        "cert": [
            "93a0d9cf3db4ca9ab5b4d8e4d3904e0c2edad84534041a370954400d73e876e2"
        ],
        "name": "28500c.com",
        "subdomain": [
            "www.28500c.com"
        ],
        "type": "Domain"
    },
    {
        "cert": [
            "93a0d9cf3db4ca9ab5b4d8e4d3904e0c2edad84534041a370954400d73e876e2"
        ],
        "name": "28500d.com",
        "subdomain": [
            "www.28500d.com"
        ],
        "type": "Domain"
    },
    {
        "cert": [
            "93a0d9cf3db4ca9ab5b4d8e4d3904e0c2edad84534041a370954400d73e876e2"
        ],
        "name": "28500e.com",
        "subdomain": [
            "www.28500e.com"
        ],
        "type": "Domain"
    },
    {
        "cert": [
            "93a0d9cf3db4ca9ab5b4d8e4d3904e0c2edad84534041a370954400d73e876e2"
        ],
        "name": "28500f.com",
        "subdomain": [
            "www.28500f.com"
        ],
        "type": "Domain"
    },
    {
        "name": "28500g.com",
        "subdomain": [
            "www.28500g.com"
        ],
        "type": "Domain"
    },
    {
        "cert": [
            "93a0d9cf3db4ca9ab5b4d8e4d3904e0c2edad84534041a370954400d73e876e2"
        ],
        "dns_a": [
            "103.211.126.133"
        ],
        "dns_cname": [
            "cp_500_p1.lxwaf.com"
        ],
        "name": "28500h.com",
        "subdomain": [
            "www.28500h.com"
        ],
        "type": "Domain"
    },
    {
        "cert": [
            "93a0d9cf3db4ca9ab5b4d8e4d3904e0c2edad84534041a370954400d73e876e2"
        ],
        "name": "28500i.com",
        "subdomain": [
            "www.28500i.com"
        ],
        "type": "Domain"
    },
    {
        "cert": [
            "93a0d9cf3db4ca9ab5b4d8e4d3904e0c2edad84534041a370954400d73e876e2"
        ],
        "dns_a": [
            "103.211.126.133"
        ],
        "name": "28500j.com",
        "subdomain": [
            "www.28500j.com"
        ],
        "type": "Domain"
    },
    {
        "cert": [
            "93a0d9cf3db4ca9ab5b4d8e4d3904e0c2edad84534041a370954400d73e876e2"
        ],
        "name": "28500k.com",
        "subdomain": [
            "www.28500k.com"
        ],
        "type": "Domain"
    },
    {
        "cert": [
            "93a0d9cf3db4ca9ab5b4d8e4d3904e0c2edad84534041a370954400d73e876e2"
        ],
        "name": "28500l.com",
        "subdomain": [
            "www.28500l.com"
        ],
        "type": "Domain"
    },
    {
        "cert": [
            "93a0d9cf3db4ca9ab5b4d8e4d3904e0c2edad84534041a370954400d73e876e2"
        ],
        "name": "28500m.com",
        "subdomain": [
            "www.28500m.com"
        ],
        "type": "Domain"
    },
    {
        "cert": [
            "93a0d9cf3db4ca9ab5b4d8e4d3904e0c2edad84534041a370954400d73e876e2"
        ],
        "name": "28500o.com",
        "subdomain": [
            "www.28500o.com"
        ],
        "type": "Domain"
    },
    {
        "cert": [
            "93a0d9cf3db4ca9ab5b4d8e4d3904e0c2edad84534041a370954400d73e876e2"
        ],
        "name": "28500p.com",
        "subdomain": [
            "www.28500p.com"
        ],
        "type": "Domain"
    },
    {
        "cert": [
            "93a0d9cf3db4ca9ab5b4d8e4d3904e0c2edad84534041a370954400d73e876e2"
        ],
        "name": "28500q.com",
        "subdomain": [
            "www.28500q.com"
        ],
        "type": "Domain"
    },
    {
        "cert": [
            "93a0d9cf3db4ca9ab5b4d8e4d3904e0c2edad84534041a370954400d73e876e2"
        ],
        "name": "28500s.com",
        "subdomain": [
            "www.28500s.com"
        ],
        "type": "Domain"
    },
    {
        "cert": [
            "93a0d9cf3db4ca9ab5b4d8e4d3904e0c2edad84534041a370954400d73e876e2"
        ],
        "name": "28500u.com",
        "subdomain": [
            "www.28500u.com"
        ],
        "type": "Domain"
    },
    {
        "cert": [
            "93a0d9cf3db4ca9ab5b4d8e4d3904e0c2edad84534041a370954400d73e876e2"
        ],
        "name": "28500w.com",
        "subdomain": [
            "www.28500w.com"
        ],
        "type": "Domain"
    },
    {
        "cert": [
            "93a0d9cf3db4ca9ab5b4d8e4d3904e0c2edad84534041a370954400d73e876e2"
        ],
        "name": "28500x.com",
        "subdomain": [
            "www.28500x.com"
        ],
        "type": "Domain"
    },
    {
        "cert": [
            "93a0d9cf3db4ca9ab5b4d8e4d3904e0c2edad84534041a370954400d73e876e2"
        ],
        "name": "28500y.com",
        "subdomain": [
            "www.28500y.com"
        ],
        "type": "Domain"
    },
    {
        "cert": [
            "93a0d9cf3db4ca9ab5b4d8e4d3904e0c2edad84534041a370954400d73e876e2"
        ],
        "name": "293502.com",
        "subdomain": [
            "www.293502.com"
        ],
        "type": "Domain"
    },
    {
        "cert": [
            "93a0d9cf3db4ca9ab5b4d8e4d3904e0c2edad84534041a370954400d73e876e2"
        ],
        "name": "3311500.com",
        "subdomain": [
            "www.3311500.com"
        ],
        "type": "Domain"
    },
    {
        "cert": [
            "93a0d9cf3db4ca9ab5b4d8e4d3904e0c2edad84534041a370954400d73e876e2"
        ],
        "name": "332701.com",
        "subdomain": [
            "www.332701.com"
        ],
        "type": "Domain"
    },
    {
        "cert": [
            "93a0d9cf3db4ca9ab5b4d8e4d3904e0c2edad84534041a370954400d73e876e2"
        ],
        "name": "33333cpw.com",
        "subdomain": [
            "www.33333cpw.com"
        ],
        "type": "Domain"
    },
    {
        "cert": [
            "cd34100058969069f6d009adffb28c1fa81611de65fd449b5b63ba8963c12c59"
        ],
        "name": "3417999.com",
        "subdomain": [
            "www.3417999.com"
        ],
        "type": "Domain"
    },
    {
        "cert": [
            "cd34100058969069f6d009adffb28c1fa81611de65fd449b5b63ba8963c12c59"
        ],
        "dns_a": [
            "103.211.126.133"
        ],
        "name": "3421999.com",
        "subdomain": [
            "www.3421999.com"
        ],
        "type": "Domain"
    },
    {
        "cert": [
            "cd34100058969069f6d009adffb28c1fa81611de65fd449b5b63ba8963c12c59"
        ],
        "name": "3423999.com",
        "subdomain": [
            "www.3423999.com"
        ],
        "type": "Domain"
    },
    {
        "cert": [
            "cd34100058969069f6d009adffb28c1fa81611de65fd449b5b63ba8963c12c59"
        ],
        "name": "3424999.com",
        "subdomain": [
            "www.3424999.com"
        ],
        "type": "Domain"
    },
    {
        "cert": [
            "cd34100058969069f6d009adffb28c1fa81611de65fd449b5b63ba8963c12c59"
        ],
        "dns_a": [
            "103.211.126.133"
        ],
        "name": "3425999.com",
        "subdomain": [
            "www.3425999.com"
        ],
        "type": "Domain"
    },
    {
        "cert": [
            "cd34100058969069f6d009adffb28c1fa81611de65fd449b5b63ba8963c12c59"
        ],
        "dns_a": [
            "103.211.126.133"
        ],
        "name": "3427999.com",
        "subdomain": [
            "www.3427999.com"
        ],
        "type": "Domain"
    },
    {
        "cert": [
            "cd34100058969069f6d009adffb28c1fa81611de65fd449b5b63ba8963c12c59"
        ],
        "name": "3428999.com",
        "subdomain": [
            "www.3428999.com"
        ],
        "type": "Domain"
    },
    {
        "cert": [
            "cd34100058969069f6d009adffb28c1fa81611de65fd449b5b63ba8963c12c59"
        ],
        "name": "3460999.com",
        "subdomain": [
            "www.3460999.com"
        ],
        "type": "Domain"
    },
    {
        "cert": [
            "cd34100058969069f6d009adffb28c1fa81611de65fd449b5b63ba8963c12c59"
        ],
        "name": "3461999.com",
        "subdomain": [
            "www.3461999.com"
        ],
        "type": "Domain"
    },
    {
        "cert": [
            "cd34100058969069f6d009adffb28c1fa81611de65fd449b5b63ba8963c12c59"
        ],
        "dns_a": [
            "103.211.126.133"
        ],
        "name": "3462999.com",
        "type": "Domain"
    },
    {
        "cert": [
            "cd34100058969069f6d009adffb28c1fa81611de65fd449b5b63ba8963c12c59"
        ],
        "name": "3463999.com",
        "subdomain": [
            "www.3463999.com"
        ],
        "type": "Domain"
    },
    {
        "cert": [
            "cd34100058969069f6d009adffb28c1fa81611de65fd449b5b63ba8963c12c59"
        ],
        "name": "3464999.com",
        "subdomain": [
            "www.3464999.com"
        ],
        "type": "Domain"
    },
    {
        "cert": [
            "cd34100058969069f6d009adffb28c1fa81611de65fd449b5b63ba8963c12c59"
        ],
        "name": "3465999.com",
        "subdomain": [
            "www.3465999.com"
        ],
        "type": "Domain"
    },
    {
        "cert": [
            "cd34100058969069f6d009adffb28c1fa81611de65fd449b5b63ba8963c12c59"
        ],
        "name": "3470999.com",
        "subdomain": [
            "www.3470999.com"
        ],
        "type": "Domain"
    },
    {
        "cert": [
            "3993badff28ec458e7b06fcca3a9f51e38f28e1536a53c9110d27fde4a0ba872"
        ],
        "name": "3472999.com",
        "subdomain": [
            "www.3472999.com"
        ],
        "type": "Domain"
    },
    {
        "cert": [
            "3993badff28ec458e7b06fcca3a9f51e38f28e1536a53c9110d27fde4a0ba872"
        ],
        "dns_a": [
            "103.211.126.133"
        ],
        "name": "3473999.com",
        "subdomain": [
            "www.3473999.com"
        ],
        "type": "Domain"
    },
    {
        "cert": [
            "3993badff28ec458e7b06fcca3a9f51e38f28e1536a53c9110d27fde4a0ba872"
        ],
        "name": "3474999.com",
        "subdomain": [
            "www.3474999.com"
        ],
        "type": "Domain"
    },
    {
        "cert": [
            "3993badff28ec458e7b06fcca3a9f51e38f28e1536a53c9110d27fde4a0ba872"
        ],
        "name": "3475999.com",
        "subdomain": [
            "www.3475999.com"
        ],
        "type": "Domain"
    },
    {
        "cert": [
            "3993badff28ec458e7b06fcca3a9f51e38f28e1536a53c9110d27fde4a0ba872"
        ],
        "name": "3492999.com",
        "subdomain": [
            "www.3492999.com"
        ],
        "type": "Domain"
    },
    {
        "cert": [
            "3993badff28ec458e7b06fcca3a9f51e38f28e1536a53c9110d27fde4a0ba872"
        ],
        "name": "3497999.com",
        "subdomain": [
            "www.3497999.com"
        ],
        "type": "Domain"
    },
    {
        "cert": [
            "3993badff28ec458e7b06fcca3a9f51e38f28e1536a53c9110d27fde4a0ba872"
        ],
        "name": "3498999.com",
        "subdomain": [
            "www.3498999.com"
        ],
        "type": "Domain"
    },
    {
        "dns_cname": [
            "cp_500_p1.lxwaf.com"
        ],
        "name": "350156.com",
        "type": "Domain"
    },
    {
        "cert": [
            "3993badff28ec458e7b06fcca3a9f51e38f28e1536a53c9110d27fde4a0ba872"
        ],
        "dns_a": [
            "103.211.126.133"
        ],
        "name": "3504999.com",
        "subdomain": [
            "www.3504999.com"
        ],
        "type": "Domain"
    },
    {
        "cert": [
            "93a0d9cf3db4ca9ab5b4d8e4d3904e0c2edad84534041a370954400d73e876e2"
        ],
        "name": "350796.com",
        "subdomain": [
            "www.350796.com"
        ],
        "type": "Domain"
    },
    {
        "cert": [
            "3993badff28ec458e7b06fcca3a9f51e38f28e1536a53c9110d27fde4a0ba872"
        ],
        "name": "3514999.com",
        "subdomain": [
            "www.3514999.com"
        ],
        "type": "Domain"
    },
    {
        "cert": [
            "93a0d9cf3db4ca9ab5b4d8e4d3904e0c2edad84534041a370954400d73e876e2"
        ],
        "name": "352096.com",
        "subdomain": [
            "www.352096.com"
        ],
        "type": "Domain"
    },
    {
        "cert": [
            "3993badff28ec458e7b06fcca3a9f51e38f28e1536a53c9110d27fde4a0ba872"
        ],
        "dns_a": [
            "103.211.126.133"
        ],
        "name": "3524999.com",
        "subdomain": [
            "www.3524999.com"
        ],
        "type": "Domain"
    },
    {
        "cert": [
            "3993badff28ec458e7b06fcca3a9f51e38f28e1536a53c9110d27fde4a0ba872"
        ],
        "name": "3540999.com",
        "subdomain": [
            "www.3540999.com"
        ],
        "type": "Domain"
    },
    {
        "cert": [
            "3993badff28ec458e7b06fcca3a9f51e38f28e1536a53c9110d27fde4a0ba872"
        ],
        "name": "3541999.com",
        "subdomain": [
            "www.3541999.com"
        ],
        "type": "Domain"
    },
    {
        "cert": [
            "3993badff28ec458e7b06fcca3a9f51e38f28e1536a53c9110d27fde4a0ba872"
        ],
        "dns_a": [
            "103.211.126.133"
        ],
        "dns_cname": [
            "cp_500_p1.lxwaf.com"
        ],
        "name": "3542999.com",
        "subdomain": [
            "www.3542999.com"
        ],
        "type": "Domain"
    },
    {
        "cert": [
            "3993badff28ec458e7b06fcca3a9f51e38f28e1536a53c9110d27fde4a0ba872"
        ],
        "dns_a": [
            "103.211.126.133"
        ],
        "name": "3547999.com",
        "subdomain": [
            "www.3547999.com"
        ],
        "type": "Domain"
    },
    {
        "cert": [
            "93a0d9cf3db4ca9ab5b4d8e4d3904e0c2edad84534041a370954400d73e876e2"
        ],
        "name": "357710.com",
        "subdomain": [
            "www.357710.com"
        ],
        "type": "Domain"
    },
    {
        "cert": [
            "899b642b163589602efc9b2fbdb61e83c01e2dd018f4f2d38f99db5ed6c28379"
        ],
        "name": "3714999.com",
        "type": "Domain"
    },
    {
        "cert": [
            "899b642b163589602efc9b2fbdb61e83c01e2dd018f4f2d38f99db5ed6c28379"
        ],
        "dns_a": [
            "103.211.126.133"
        ],
        "name": "3740999.com",
        "subdomain": [
            "www.3740999.com"
        ],
        "type": "Domain"
    },
    {
        "cert": [
            "899b642b163589602efc9b2fbdb61e83c01e2dd018f4f2d38f99db5ed6c28379"
        ],
        "dns_a": [
            "103.211.126.133"
        ],
        "name": "3741999.com",
        "subdomain": [
            "www.3741999.com"
        ],
        "type": "Domain"
    },
    {
        "cert": [
            "899b642b163589602efc9b2fbdb61e83c01e2dd018f4f2d38f99db5ed6c28379"
        ],
        "name": "3742999.com",
        "subdomain": [
            "www.3742999.com"
        ],
        "type": "Domain"
    },
    {
        "cert": [
            "899b642b163589602efc9b2fbdb61e83c01e2dd018f4f2d38f99db5ed6c28379"
        ],
        "name": "3743999.com",
        "subdomain": [
            "www.3743999.com"
        ],
        "type": "Domain"
    },
    {
        "cert": [
            "899b642b163589602efc9b2fbdb61e83c01e2dd018f4f2d38f99db5ed6c28379"
        ],
        "dns_a": [
            "103.211.126.133"
        ],
        "name": "3794999.com",
        "subdomain": [
            "www.3794999.com"
        ],
        "type": "Domain"
    },
    {
        "cert": [
            "899b642b163589602efc9b2fbdb61e83c01e2dd018f4f2d38f99db5ed6c28379"
        ],
        "name": "3840999.com",
        "subdomain": [
            "www.3840999.com"
        ],
        "type": "Domain"
    },
    {
        "cert": [
            "899b642b163589602efc9b2fbdb61e83c01e2dd018f4f2d38f99db5ed6c28379"
        ],
        "dns_a": [
            "103.211.126.133"
        ],
        "name": "3841999.com",
        "subdomain": [
            "www.3841999.com"
        ],
        "type": "Domain"
    },
    {
        "cert": [
            "ae453294ce1ac95759cee6147b6d4ef93cb5efe2ba7ddb42242c7cf44a660bc2"
        ],
        "dns_a": [
            "103.211.126.133"
        ],
        "name": "3843999.com",
        "subdomain": [
            "www.3843999.com"
        ],
        "type": "Domain"
    },
    {
        "cert": [
            "ae453294ce1ac95759cee6147b6d4ef93cb5efe2ba7ddb42242c7cf44a660bc2"
        ],
        "dns_a": [
            "103.211.126.133"
        ],
        "name": "3845999.com",
        "subdomain": [
            "www.3845999.com"
        ],
        "type": "Domain"
    },
    {
        "cert": [
            "93a0d9cf3db4ca9ab5b4d8e4d3904e0c2edad84534041a370954400d73e876e2"
        ],
        "name": "384966.com",
        "subdomain": [
            "www.384966.com"
        ],
        "type": "Domain"
    },
    {
        "cert": [
            "ae453294ce1ac95759cee6147b6d4ef93cb5efe2ba7ddb42242c7cf44a660bc2"
        ],
        "dns_a": [
            "103.211.126.133"
        ],
        "name": "3864999.com",
        "subdomain": [
            "www.3864999.com"
        ],
        "type": "Domain"
    },
    {
        "cert": [
            "ae453294ce1ac95759cee6147b6d4ef93cb5efe2ba7ddb42242c7cf44a660bc2"
        ],
        "dns_a": [
            "103.211.126.133"
        ],
        "name": "3874999.com",
        "subdomain": [
            "www.3874999.com"
        ],
        "type": "Domain"
    },
    {
        "cert": [
            "ae453294ce1ac95759cee6147b6d4ef93cb5efe2ba7ddb42242c7cf44a660bc2"
        ],
        "dns_a": [
            "18.162.153.218"
        ],
        "name": "3894999.com",
        "type": "Domain"
    },
    {
        "cert": [
            "93a0d9cf3db4ca9ab5b4d8e4d3904e0c2edad84534041a370954400d73e876e2"
        ],
        "name": "398960.com",
        "type": "Domain"
    },
    {
        "name": "3993badff28ec458e7b06fcca3a9f51e38f28e1536a53c9110d27fde4a0ba872",
        "type": "Cert_SHA256"
    },
    {
        "cert": [
            "93a0d9cf3db4ca9ab5b4d8e4d3904e0c2edad84534041a370954400d73e876e2"
        ],
        "name": "4422500.com",
        "subdomain": [
            "www.4422500.com"
        ],
        "type": "Domain"
    },
    {
        "cert": [
            "93a0d9cf3db4ca9ab5b4d8e4d3904e0c2edad84534041a370954400d73e876e2"
        ],
        "name": "44444cpw.com",
        "subdomain": [
            "www.44444cpw.com"
        ],
        "type": "Domain"
    },
    {
        "cert": [
            "93a0d9cf3db4ca9ab5b4d8e4d3904e0c2edad84534041a370954400d73e876e2"
        ],
        "dns_a": [
            "103.211.126.133"
        ],
        "name": "511790.com",
        "subdomain": [
            "www.511790.com"
        ],
        "type": "Domain"
    },
    {
        "cert": [
            "93a0d9cf3db4ca9ab5b4d8e4d3904e0c2edad84534041a370954400d73e876e2"
        ],
        "name": "519206.com",
        "subdomain": [
            "www.519206.com"
        ],
        "type": "Domain"
    },
    {
        "cert": [
            "93a0d9cf3db4ca9ab5b4d8e4d3904e0c2edad84534041a370954400d73e876e2"
        ],
        "name": "531160.com",
        "subdomain": [
            "www.531160.com"
        ],
        "type": "Domain"
    },
    {
        "cert": [
            "93a0d9cf3db4ca9ab5b4d8e4d3904e0c2edad84534041a370954400d73e876e2"
        ],
        "name": "537710.com",
        "subdomain": [
            "www.537710.com"
        ],
        "type": "Domain"
    },
    {
        "cert": [
            "93a0d9cf3db4ca9ab5b4d8e4d3904e0c2edad84534041a370954400d73e876e2"
        ],
        "name": "5533500.com",
        "subdomain": [
            "www.5533500.com"
        ],
        "type": "Domain"
    },
    {
        "cert": [
            "93a0d9cf3db4ca9ab5b4d8e4d3904e0c2edad84534041a370954400d73e876e2"
        ],
        "dns_a": [
            "103.211.126.133"
        ],
        "name": "5544500.com",
        "subdomain": [
            "www.5544500.com"
        ],
        "type": "Domain"
    },
    {
        "cert": [
            "93a0d9cf3db4ca9ab5b4d8e4d3904e0c2edad84534041a370954400d73e876e2"
        ],
        "name": "5577500.com",
        "subdomain": [
            "www.5577500.com"
        ],
        "type": "Domain"
    },
    {
        "dns_cname": [
            "cp_500_p1.lxwaf.com"
        ],
        "name": "561160.com",
        "type": "Domain"
    },
    {
        "cert": [
            "93a0d9cf3db4ca9ab5b4d8e4d3904e0c2edad84534041a370954400d73e876e2"
        ],
        "name": "5684999.com",
        "subdomain": [
            "www.5684999.com"
        ],
        "type": "Domain"
    },
    {
        "cert": [
            "93a0d9cf3db4ca9ab5b4d8e4d3904e0c2edad84534041a370954400d73e876e2"
        ],
        "name": "571150.com",
        "subdomain": [
            "www.571150.com"
        ],
        "type": "Domain"
    },
    {
        "cert": [
            "93a0d9cf3db4ca9ab5b4d8e4d3904e0c2edad84534041a370954400d73e876e2"
        ],
        "name": "592260.com",
        "subdomain": [
            "www.592260.com"
        ],
        "type": "Domain"
    },
    {
        "cert": [
            "93a0d9cf3db4ca9ab5b4d8e4d3904e0c2edad84534041a370954400d73e876e2"
        ],
        "name": "597220.com",
        "subdomain": [
            "www.597220.com"
        ],
        "type": "Domain"
    },
    {
        "cert": [
            "93a0d9cf3db4ca9ab5b4d8e4d3904e0c2edad84534041a370954400d73e876e2"
        ],
        "name": "612240.com",
        "subdomain": [
            "www.612240.com"
        ],
        "type": "Domain"
    },
    {
        "cert": [
            "93a0d9cf3db4ca9ab5b4d8e4d3904e0c2edad84534041a370954400d73e876e2"
        ],
        "name": "612270.com",
        "subdomain": [
            "www.612270.com"
        ],
        "type": "Domain"
    },
    {
        "cert": [
            "93a0d9cf3db4ca9ab5b4d8e4d3904e0c2edad84534041a370954400d73e876e2"
        ],
        "name": "6611500.com",
        "subdomain": [
            "www.6611500.com"
        ],
        "type": "Domain"
    },
    {
        "cert": [
            "93a0d9cf3db4ca9ab5b4d8e4d3904e0c2edad84534041a370954400d73e876e2"
        ],
        "name": "6622500.com",
        "subdomain": [
            "www.6622500.com"
        ],
        "type": "Domain"
    },
    {
        "cert": [
            "93a0d9cf3db4ca9ab5b4d8e4d3904e0c2edad84534041a370954400d73e876e2"
        ],
        "name": "6633500.com",
        "subdomain": [
            "www.6633500.com"
        ],
        "type": "Domain"
    },
    {
        "cert": [
            "93a0d9cf3db4ca9ab5b4d8e4d3904e0c2edad84534041a370954400d73e876e2"
        ],
        "name": "6699500.com",
        "subdomain": [
            "www.6699500.com"
        ],
        "type": "Domain"
    },
    {
        "cert": [
            "93a0d9cf3db4ca9ab5b4d8e4d3904e0c2edad84534041a370954400d73e876e2"
        ],
        "name": "671706.com",
        "subdomain": [
            "www.671706.com"
        ],
        "type": "Domain"
    },
    {
        "cert": [
            "93a0d9cf3db4ca9ab5b4d8e4d3904e0c2edad84534041a370954400d73e876e2"
        ],
        "name": "672056.com",
        "subdomain": [
            "www.672056.com"
        ],
        "type": "Domain"
    },
    {
        "cert": [
            "93a0d9cf3db4ca9ab5b4d8e4d3904e0c2edad84534041a370954400d73e876e2"
        ],
        "name": "675076.com",
        "subdomain": [
            "www.675076.com"
        ],
        "type": "Domain"
    },
    {
        "cert": [
            "93a0d9cf3db4ca9ab5b4d8e4d3904e0c2edad84534041a370954400d73e876e2"
        ],
        "name": "701396.com",
        "subdomain": [
            "www.701396.com"
        ],
        "type": "Domain"
    },
    {
        "dns_cname": [
            "cp_500_p1.lxwaf.com"
        ],
        "name": "701796.com",
        "subdomain": [
            "www.701796.com"
        ],
        "type": "Domain"
    },
    {
        "cert": [
            "93a0d9cf3db4ca9ab5b4d8e4d3904e0c2edad84534041a370954400d73e876e2"
        ],
        "name": "705196.com",
        "subdomain": [
            "www.705196.com"
        ],
        "type": "Domain"
    },
    {
        "cert": [
            "93a0d9cf3db4ca9ab5b4d8e4d3904e0c2edad84534041a370954400d73e876e2"
        ],
        "name": "705626.com",
        "subdomain": [
            "www.705626.com"
        ],
        "type": "Domain"
    },
    {
        "name": "708c1477f5e2b2ae402ba1020a696cdd0051d44859a7e1423c900826d09053f4",
        "type": "Cert_SHA256"
    },
    {
        "cert": [
            "93a0d9cf3db4ca9ab5b4d8e4d3904e0c2edad84534041a370954400d73e876e2"
        ],
        "dns_a": [
            "103.211.126.133"
        ],
        "dns_cname": [
            "cp_500_p1.lxwaf.com"
        ],
        "name": "721016.com",
        "subdomain": [
            "www.721016.com"
        ],
        "type": "Domain"
    },
    {
        "cert": [
            "93a0d9cf3db4ca9ab5b4d8e4d3904e0c2edad84534041a370954400d73e876e2"
        ],
        "dns_a": [
            "103.211.126.133"
        ],
        "name": "747446.com",
        "subdomain": [
            "www.747446.com"
        ],
        "type": "Domain"
    },
    {
        "cert": [
            "93a0d9cf3db4ca9ab5b4d8e4d3904e0c2edad84534041a370954400d73e876e2"
        ],
        "name": "7722500.com",
        "subdomain": [
            "www.7722500.com"
        ],
        "type": "Domain"
    },
    {
        "cert": [
            "93a0d9cf3db4ca9ab5b4d8e4d3904e0c2edad84534041a370954400d73e876e2"
        ],
        "dns_a": [
            "103.211.126.133"
        ],
        "name": "7744500.com",
        "subdomain": [
            "www.7744500.com"
        ],
        "type": "Domain"
    },
    {
        "cert": [
            "93a0d9cf3db4ca9ab5b4d8e4d3904e0c2edad84534041a370954400d73e876e2"
        ],
        "dns_a": [
            "103.211.126.133"
        ],
        "name": "7766500.com",
        "subdomain": [
            "www.7766500.com"
        ],
        "type": "Domain"
    },
    {
        "cert": [
            "93a0d9cf3db4ca9ab5b4d8e4d3904e0c2edad84534041a370954400d73e876e2"
        ],
        "dns_a": [
            "103.211.126.133"
        ],
        "dns_cname": [
            "cp_500_p1.lxwaf.com"
        ],
        "name": "810803.com",
        "subdomain": [
            "www.810803.com"
        ],
        "type": "Domain"
    },
    {
        "cert": [
            "93a0d9cf3db4ca9ab5b4d8e4d3904e0c2edad84534041a370954400d73e876e2"
        ],
        "name": "822443.com",
        "subdomain": [
            "www.822443.com"
        ],
        "type": "Domain"
    },
    {
        "cert": [
            "93a0d9cf3db4ca9ab5b4d8e4d3904e0c2edad84534041a370954400d73e876e2"
        ],
        "dns_a": [
            "103.211.126.133"
        ],
        "name": "829770.com",
        "type": "Domain"
    },
    {
        "cert": [
            "93a0d9cf3db4ca9ab5b4d8e4d3904e0c2edad84534041a370954400d73e876e2"
        ],
        "name": "8446999.com",
        "subdomain": [
            "www.8446999.com"
        ],
        "type": "Domain"
    },
    {
        "cert": [
            "93a0d9cf3db4ca9ab5b4d8e4d3904e0c2edad84534041a370954400d73e876e2"
        ],
        "dns_a": [
            "103.211.126.133"
        ],
        "dns_cname": [
            "cp_500_p1.lxwaf.com"
        ],
        "name": "8496999.com",
        "subdomain": [
            "www.8496999.com"
        ],
        "type": "Domain"
    },
    {
        "cert": [
            "93a0d9cf3db4ca9ab5b4d8e4d3904e0c2edad84534041a370954400d73e876e2"
        ],
        "name": "8548999.com",
        "subdomain": [
            "www.8548999.com"
        ],
        "type": "Domain"
    },
    {
        "certchain": [
            "708c1477f5e2b2ae402ba1020a696cdd0051d44859a7e1423c900826d09053f4"
        ],
        "name": "899b642b163589602efc9b2fbdb61e83c01e2dd018f4f2d38f99db5ed6c28379",
        "type": "Cert_SHA256"
    },
    {
        "cert": [
            "93a0d9cf3db4ca9ab5b4d8e4d3904e0c2edad84534041a370954400d73e876e2"
        ],
        "name": "913850.com",
        "subdomain": [
            "www.913850.com"
        ],
        "type": "Domain"
    },
    {
        "name": "93a0d9cf3db4ca9ab5b4d8e4d3904e0c2edad84534041a370954400d73e876e2",
        "type": "Cert_SHA256"
    },
    {
        "cert": [
            "93a0d9cf3db4ca9ab5b4d8e4d3904e0c2edad84534041a370954400d73e876e2"
        ],
        "name": "9922500.com",
        "subdomain": [
            "www.9922500.com"
        ],
        "type": "Domain"
    },
    {
        "certchain": [
            "708c1477f5e2b2ae402ba1020a696cdd0051d44859a7e1423c900826d09053f4"
        ],
        "name": "ae453294ce1ac95759cee6147b6d4ef93cb5efe2ba7ddb42242c7cf44a660bc2",
        "type": "Cert_SHA256"
    },
    {
        "certchain": [
            "708c1477f5e2b2ae402ba1020a696cdd0051d44859a7e1423c900826d09053f4"
        ],
        "name": "cd34100058969069f6d009adffb28c1fa81611de65fd449b5b63ba8963c12c59",
        "type": "Cert_SHA256"
    },
    {
        "cert": [
            "93a0d9cf3db4ca9ab5b4d8e4d3904e0c2edad84534041a370954400d73e876e2"
        ],
        "name": "cp53500.com",
        "subdomain": [
            "www.cp53500.com"
        ],
        "type": "Domain"
    },
    {
        "cert": [
            "93a0d9cf3db4ca9ab5b4d8e4d3904e0c2edad84534041a370954400d73e876e2"
        ],
        "name": "cp54500.com",
        "subdomain": [
            "www.cp54500.com"
        ],
        "type": "Domain"
    },
    {
        "cert": [
            "93a0d9cf3db4ca9ab5b4d8e4d3904e0c2edad84534041a370954400d73e876e2"
        ],
        "name": "cp56500.com",
        "subdomain": [
            "www.cp56500.com"
        ],
        "type": "Domain"
    },
    {
        "cert": [
            "93a0d9cf3db4ca9ab5b4d8e4d3904e0c2edad84534041a370954400d73e876e2"
        ],
        "name": "cp_500_p1.lxwaf.com",
        "type": "Domain"
    },
    {
        "cert": [
            "3993badff28ec458e7b06fcca3a9f51e38f28e1536a53c9110d27fde4a0ba872"
        ],
        "dns_a": [
            "18.162.153.218"
        ],
        "name": "cp_500x023_m1.lxwaf.com",
        "type": "Domain"
    },
    {
        "cert": [
            "3993badff28ec458e7b06fcca3a9f51e38f28e1536a53c9110d27fde4a0ba872"
        ],
        "dns_a": [
            "18.162.153.218"
        ],
        "name": "cp_500x023_p1.lxwaf.com",
        "type": "Domain"
    },
    {
        "name": "localhost",
        "type": "Domain"
    },
    {
        "name": "lxwaf.com",
        "subdomain": [
            "cp_500_p1.lxwaf.com",
            "cp_500x023_m1.lxwaf.com",
            "cp_500x023_p1.lxwaf.com"
        ],
        "type": "Domain"
    },
    {
        "cert": [
            "93a0d9cf3db4ca9ab5b4d8e4d3904e0c2edad84534041a370954400d73e876e2"
        ],
        "name": "www.026466.com",
        "type": "Domain"
    },
    {
        "cert": [
            "93a0d9cf3db4ca9ab5b4d8e4d3904e0c2edad84534041a370954400d73e876e2"
        ],
        "name": "www.043266.com",
        "type": "Domain"
    },
    {
        "cert": [
            "93a0d9cf3db4ca9ab5b4d8e4d3904e0c2edad84534041a370954400d73e876e2"
        ],
        "dns_a": [
            "103.211.126.133"
        ],
        "dns_cname": [
            "cp_500_p1.lxwaf.com"
        ],
        "name": "www.045866.com",
        "type": "Domain"
    },
    {
        "cert": [
            "93a0d9cf3db4ca9ab5b4d8e4d3904e0c2edad84534041a370954400d73e876e2"
        ],
        "name": "www.056466.com",
        "type": "Domain"
    },
    {
        "cert": [
            "3993badff28ec458e7b06fcca3a9f51e38f28e1536a53c9110d27fde4a0ba872"
        ],
        "name": "www.1054999.com",
        "type": "Domain"
    },
    {
        "cert": [
            "3993badff28ec458e7b06fcca3a9f51e38f28e1536a53c9110d27fde4a0ba872"
        ],
        "name": "www.1084999.com",
        "type": "Domain"
    },
    {
        "cert": [
            "3993badff28ec458e7b06fcca3a9f51e38f28e1536a53c9110d27fde4a0ba872"
        ],
        "name": "www.1421999.com",
        "type": "Domain"
    },
    {
        "cert": [
            "3993badff28ec458e7b06fcca3a9f51e38f28e1536a53c9110d27fde4a0ba872"
        ],
        "name": "www.1427999.com",
        "type": "Domain"
    },
    {
        "cert": [
            "3993badff28ec458e7b06fcca3a9f51e38f28e1536a53c9110d27fde4a0ba872"
        ],
        "name": "www.1428999.com",
        "type": "Domain"
    },
    {
        "cert": [
            "3993badff28ec458e7b06fcca3a9f51e38f28e1536a53c9110d27fde4a0ba872"
        ],
        "name": "www.1431999.com",
        "request_jump": [
            "localhost"
        ],
        "type": "Domain"
    },
    {
        "cert": [
            "3993badff28ec458e7b06fcca3a9f51e38f28e1536a53c9110d27fde4a0ba872"
        ],
        "name": "www.1452999.com",
        "type": "Domain"
    },
    {
        "cert": [
            "3993badff28ec458e7b06fcca3a9f51e38f28e1536a53c9110d27fde4a0ba872"
        ],
        "name": "www.1453999.com",
        "type": "Domain"
    },
    {
        "cert": [
            "3993badff28ec458e7b06fcca3a9f51e38f28e1536a53c9110d27fde4a0ba872"
        ],
        "dns_a": [
            "18.162.153.218"
        ],
        "dns_cname": [
            "cp_500x023_p1.lxwaf.com"
        ],
        "name": "www.1461999.com",
        "type": "Domain"
    },
    {
        "cert": [
            "3993badff28ec458e7b06fcca3a9f51e38f28e1536a53c9110d27fde4a0ba872"
        ],
        "name": "www.1462999.com",
        "type": "Domain"
    },
    {
        "cert": [
            "3993badff28ec458e7b06fcca3a9f51e38f28e1536a53c9110d27fde4a0ba872"
        ],
        "name": "www.1463999.com",
        "type": "Domain"
    },
    {
        "cert": [
            "3993badff28ec458e7b06fcca3a9f51e38f28e1536a53c9110d27fde4a0ba872"
        ],
        "dns_a": [
            "18.162.153.218"
        ],
        "dns_cname": [
            "cp_500x023_p1.lxwaf.com"
        ],
        "name": "www.1467999.com",
        "type": "Domain"
    },
    {
        "cert": [
            "93a0d9cf3db4ca9ab5b4d8e4d3904e0c2edad84534041a370954400d73e876e2"
        ],
        "name": "www.178466.com",
        "type": "Domain"
    },
    {
        "cert": [
            "93a0d9cf3db4ca9ab5b4d8e4d3904e0c2edad84534041a370954400d73e876e2"
        ],
        "name": "www.181274.com",
        "type": "Domain"
    },
    {
        "cert": [
            "93a0d9cf3db4ca9ab5b4d8e4d3904e0c2edad84534041a370954400d73e876e2"
        ],
        "name": "www.182390.com",
        "type": "Domain"
    },
    {
        "cert": [
            "93a0d9cf3db4ca9ab5b4d8e4d3904e0c2edad84534041a370954400d73e876e2"
        ],
        "name": "www.183250.com",
        "type": "Domain"
    },
    {
        "cert": [
            "93a0d9cf3db4ca9ab5b4d8e4d3904e0c2edad84534041a370954400d73e876e2"
        ],
        "name": "www.184066.com",
        "type": "Domain"
    },
    {
        "cert": [
            "93a0d9cf3db4ca9ab5b4d8e4d3904e0c2edad84534041a370954400d73e876e2"
        ],
        "name": "www.185320.com",
        "type": "Domain"
    },
    {
        "cert": [
            "93a0d9cf3db4ca9ab5b4d8e4d3904e0c2edad84534041a370954400d73e876e2"
        ],
        "name": "www.192230.com",
        "type": "Domain"
    },
    {
        "cert": [
            "93a0d9cf3db4ca9ab5b4d8e4d3904e0c2edad84534041a370954400d73e876e2"
        ],
        "name": "www.203506.com",
        "type": "Domain"
    },
    {
        "cert": [
            "93a0d9cf3db4ca9ab5b4d8e4d3904e0c2edad84534041a370954400d73e876e2"
        ],
        "name": "www.203796.com",
        "type": "Domain"
    },
    {
        "name": "www.22222cpw.com",
        "type": "Domain"
    },
    {
        "cert": [
            "93a0d9cf3db4ca9ab5b4d8e4d3904e0c2edad84534041a370954400d73e876e2"
        ],
        "name": "www.2299500.com",
        "type": "Domain"
    },
    {
        "cert": [
            "93a0d9cf3db4ca9ab5b4d8e4d3904e0c2edad84534041a370954400d73e876e2"
        ],
        "dns_a": [
            "103.211.126.133"
        ],
        "dns_cname": [
            "cp_500_p1.lxwaf.com"
        ],
        "name": "www.230216.com",
        "type": "Domain"
    },
    {
        "name": "www.238794.com",
        "type": "Domain"
    },
    {
        "cert": [
            "93a0d9cf3db4ca9ab5b4d8e4d3904e0c2edad84534041a370954400d73e876e2"
        ],
        "name": "www.252210.com",
        "type": "Domain"
    },
    {
        "cert": [
            "93a0d9cf3db4ca9ab5b4d8e4d3904e0c2edad84534041a370954400d73e876e2"
        ],
        "name": "www.272210.com",
        "type": "Domain"
    },
    {
        "cert": [
            "93a0d9cf3db4ca9ab5b4d8e4d3904e0c2edad84534041a370954400d73e876e2"
        ],
        "name": "www.276714.com",
        "type": "Domain"
    },
    {
        "cert": [
            "93a0d9cf3db4ca9ab5b4d8e4d3904e0c2edad84534041a370954400d73e876e2"
        ],
        "name": "www.282270.com",
        "type": "Domain"
    },
    {
        "cert": [
            "3993badff28ec458e7b06fcca3a9f51e38f28e1536a53c9110d27fde4a0ba872"
        ],
        "name": "www.28500c.com",
        "type": "Domain"
    },
    {
        "cert": [
            "3993badff28ec458e7b06fcca3a9f51e38f28e1536a53c9110d27fde4a0ba872"
        ],
        "name": "www.28500d.com",
        "type": "Domain"
    },
    {
        "cert": [
            "3993badff28ec458e7b06fcca3a9f51e38f28e1536a53c9110d27fde4a0ba872"
        ],
        "name": "www.28500e.com",
        "request_jump": [
            "localhost"
        ],
        "type": "Domain"
    },
    {
        "cert": [
            "3993badff28ec458e7b06fcca3a9f51e38f28e1536a53c9110d27fde4a0ba872"
        ],
        "name": "www.28500f.com",
        "type": "Domain"
    },
    {
        "cert": [
            "3993badff28ec458e7b06fcca3a9f51e38f28e1536a53c9110d27fde4a0ba872"
        ],
        "name": "www.28500g.com",
        "type": "Domain"
    },
    {
        "cert": [
            "3993badff28ec458e7b06fcca3a9f51e38f28e1536a53c9110d27fde4a0ba872"
        ],
        "dns_a": [
            "18.162.153.218"
        ],
        "dns_cname": [
            "cp_500x023_p1.lxwaf.com"
        ],
        "name": "www.28500h.com",
        "type": "Domain"
    },
    {
        "cert": [
            "3993badff28ec458e7b06fcca3a9f51e38f28e1536a53c9110d27fde4a0ba872"
        ],
        "name": "www.28500i.com",
        "type": "Domain"
    },
    {
        "cert": [
            "3993badff28ec458e7b06fcca3a9f51e38f28e1536a53c9110d27fde4a0ba872"
        ],
        "name": "www.28500j.com",
        "type": "Domain"
    },
    {
        "cert": [
            "3993badff28ec458e7b06fcca3a9f51e38f28e1536a53c9110d27fde4a0ba872"
        ],
        "name": "www.28500k.com",
        "request_jump": [
            "localhost"
        ],
        "type": "Domain"
    },
    {
        "cert": [
            "3993badff28ec458e7b06fcca3a9f51e38f28e1536a53c9110d27fde4a0ba872"
        ],
        "name": "www.28500l.com",
        "type": "Domain"
    },
    {
        "cert": [
            "3993badff28ec458e7b06fcca3a9f51e38f28e1536a53c9110d27fde4a0ba872"
        ],
        "name": "www.28500m.com",
        "type": "Domain"
    },
    {
        "cert": [
            "3993badff28ec458e7b06fcca3a9f51e38f28e1536a53c9110d27fde4a0ba872"
        ],
        "name": "www.28500o.com",
        "type": "Domain"
    },
    {
        "cert": [
            "3993badff28ec458e7b06fcca3a9f51e38f28e1536a53c9110d27fde4a0ba872"
        ],
        "name": "www.28500p.com",
        "request_jump": [
            "localhost"
        ],
        "type": "Domain"
    },
    {
        "cert": [
            "3993badff28ec458e7b06fcca3a9f51e38f28e1536a53c9110d27fde4a0ba872"
        ],
        "name": "www.28500q.com",
        "type": "Domain"
    },
    {
        "cert": [
            "3993badff28ec458e7b06fcca3a9f51e38f28e1536a53c9110d27fde4a0ba872"
        ],
        "name": "www.28500r.com",
        "type": "Domain"
    },
    {
        "cert": [
            "3993badff28ec458e7b06fcca3a9f51e38f28e1536a53c9110d27fde4a0ba872"
        ],
        "name": "www.28500s.com",
        "type": "Domain"
    },
    {
        "cert": [
            "3993badff28ec458e7b06fcca3a9f51e38f28e1536a53c9110d27fde4a0ba872"
        ],
        "name": "www.28500t.com",
        "type": "Domain"
    },
    {
        "cert": [
            "3993badff28ec458e7b06fcca3a9f51e38f28e1536a53c9110d27fde4a0ba872"
        ],
        "name": "www.28500u.com",
        "type": "Domain"
    },
    {
        "cert": [
            "3993badff28ec458e7b06fcca3a9f51e38f28e1536a53c9110d27fde4a0ba872"
        ],
        "name": "www.28500w.com",
        "type": "Domain"
    },
    {
        "cert": [
            "3993badff28ec458e7b06fcca3a9f51e38f28e1536a53c9110d27fde4a0ba872"
        ],
        "name": "www.28500x.com",
        "type": "Domain"
    },
    {
        "cert": [
            "3993badff28ec458e7b06fcca3a9f51e38f28e1536a53c9110d27fde4a0ba872"
        ],
        "name": "www.28500y.com",
        "type": "Domain"
    },
    {
        "cert": [
            "93a0d9cf3db4ca9ab5b4d8e4d3904e0c2edad84534041a370954400d73e876e2"
        ],
        "name": "www.293502.com",
        "type": "Domain"
    },
    {
        "cert": [
            "93a0d9cf3db4ca9ab5b4d8e4d3904e0c2edad84534041a370954400d73e876e2"
        ],
        "name": "www.3311500.com",
        "type": "Domain"
    },
    {
        "cert": [
            "3993badff28ec458e7b06fcca3a9f51e38f28e1536a53c9110d27fde4a0ba872"
        ],
        "name": "www.332701.com",
        "type": "Domain"
    },
    {
        "cert": [
            "93a0d9cf3db4ca9ab5b4d8e4d3904e0c2edad84534041a370954400d73e876e2"
        ],
        "name": "www.33333cpw.com",
        "type": "Domain"
    },
    {
        "cert": [
            "93a0d9cf3db4ca9ab5b4d8e4d3904e0c2edad84534041a370954400d73e876e2"
        ],
        "name": "www.3417999.com",
        "type": "Domain"
    },
    {
        "name": "www.3421999.com",
        "type": "Domain"
    },
    {
        "name": "www.3423999.com",
        "type": "Domain"
    },
    {
        "name": "www.3424999.com",
        "type": "Domain"
    },
    {
        "name": "www.3425999.com",
        "type": "Domain"
    },
    {
        "cert": [
            "93a0d9cf3db4ca9ab5b4d8e4d3904e0c2edad84534041a370954400d73e876e2"
        ],
        "name": "www.3427999.com",
        "type": "Domain"
    },
    {
        "cert": [
            "93a0d9cf3db4ca9ab5b4d8e4d3904e0c2edad84534041a370954400d73e876e2"
        ],
        "name": "www.3428999.com",
        "type": "Domain"
    },
    {
        "cert": [
            "93a0d9cf3db4ca9ab5b4d8e4d3904e0c2edad84534041a370954400d73e876e2"
        ],
        "name": "www.3460999.com",
        "type": "Domain"
    },
    {
        "cert": [
            "93a0d9cf3db4ca9ab5b4d8e4d3904e0c2edad84534041a370954400d73e876e2"
        ],
        "name": "www.3461999.com",
        "type": "Domain"
    },
    {
        "cert": [
            "93a0d9cf3db4ca9ab5b4d8e4d3904e0c2edad84534041a370954400d73e876e2"
        ],
        "name": "www.3463999.com",
        "type": "Domain"
    },
    {
        "name": "www.3464999.com",
        "type": "Domain"
    },
    {
        "name": "www.3465999.com",
        "type": "Domain"
    },
    {
        "name": "www.3470999.com",
        "type": "Domain"
    },
    {
        "cert": [
            "93a0d9cf3db4ca9ab5b4d8e4d3904e0c2edad84534041a370954400d73e876e2"
        ],
        "name": "www.3472999.com",
        "type": "Domain"
    },
    {
        "name": "www.3473999.com",
        "type": "Domain"
    },
    {
        "cert": [
            "93a0d9cf3db4ca9ab5b4d8e4d3904e0c2edad84534041a370954400d73e876e2"
        ],
        "name": "www.3474999.com",
        "type": "Domain"
    },
    {
        "cert": [
            "93a0d9cf3db4ca9ab5b4d8e4d3904e0c2edad84534041a370954400d73e876e2"
        ],
        "name": "www.3475999.com",
        "type": "Domain"
    },
    {
        "cert": [
            "93a0d9cf3db4ca9ab5b4d8e4d3904e0c2edad84534041a370954400d73e876e2"
        ],
        "name": "www.3492999.com",
        "type": "Domain"
    },
    {
        "cert": [
            "93a0d9cf3db4ca9ab5b4d8e4d3904e0c2edad84534041a370954400d73e876e2"
        ],
        "name": "www.3497999.com",
        "type": "Domain"
    },
    {
        "cert": [
            "93a0d9cf3db4ca9ab5b4d8e4d3904e0c2edad84534041a370954400d73e876e2"
        ],
        "name": "www.3498999.com",
        "type": "Domain"
    },
    {
        "dns_cname": [
            "cp_500_p1.lxwaf.com"
        ],
        "name": "www.350156.com",
        "type": "Domain"
    },
    {
        "cert": [
            "93a0d9cf3db4ca9ab5b4d8e4d3904e0c2edad84534041a370954400d73e876e2"
        ],
        "name": "www.3504999.com",
        "type": "Domain"
    },
    {
        "cert": [
            "93a0d9cf3db4ca9ab5b4d8e4d3904e0c2edad84534041a370954400d73e876e2"
        ],
        "name": "www.350796.com",
        "type": "Domain"
    },
    {
        "cert": [
            "93a0d9cf3db4ca9ab5b4d8e4d3904e0c2edad84534041a370954400d73e876e2"
        ],
        "name": "www.3514999.com",
        "type": "Domain"
    },
    {
        "cert": [
            "93a0d9cf3db4ca9ab5b4d8e4d3904e0c2edad84534041a370954400d73e876e2"
        ],
        "name": "www.352096.com",
        "type": "Domain"
    },
    {
        "cert": [
            "93a0d9cf3db4ca9ab5b4d8e4d3904e0c2edad84534041a370954400d73e876e2"
        ],
        "name": "www.3524999.com",
        "type": "Domain"
    },
    {
        "cert": [
            "93a0d9cf3db4ca9ab5b4d8e4d3904e0c2edad84534041a370954400d73e876e2"
        ],
        "name": "www.3540999.com",
        "type": "Domain"
    },
    {
        "cert": [
            "93a0d9cf3db4ca9ab5b4d8e4d3904e0c2edad84534041a370954400d73e876e2"
        ],
        "name": "www.3541999.com",
        "type": "Domain"
    },
    {
        "cert": [
            "93a0d9cf3db4ca9ab5b4d8e4d3904e0c2edad84534041a370954400d73e876e2"
        ],
        "dns_a": [
            "103.211.126.133"
        ],
        "dns_cname": [
            "cp_500_p1.lxwaf.com"
        ],
        "name": "www.3542999.com",
        "type": "Domain"
    },
    {
        "cert": [
            "93a0d9cf3db4ca9ab5b4d8e4d3904e0c2edad84534041a370954400d73e876e2"
        ],
        "name": "www.3547999.com",
        "type": "Domain"
    },
    {
        "cert": [
            "93a0d9cf3db4ca9ab5b4d8e4d3904e0c2edad84534041a370954400d73e876e2"
        ],
        "name": "www.357710.com",
        "type": "Domain"
    },
    {
        "cert": [
            "93a0d9cf3db4ca9ab5b4d8e4d3904e0c2edad84534041a370954400d73e876e2"
        ],
        "name": "www.3740999.com",
        "type": "Domain"
    },
    {
        "cert": [
            "93a0d9cf3db4ca9ab5b4d8e4d3904e0c2edad84534041a370954400d73e876e2"
        ],
        "name": "www.3741999.com",
        "type": "Domain"
    },
    {
        "cert": [
            "93a0d9cf3db4ca9ab5b4d8e4d3904e0c2edad84534041a370954400d73e876e2"
        ],
        "name": "www.3742999.com",
        "type": "Domain"
    },
    {
        "cert": [
            "93a0d9cf3db4ca9ab5b4d8e4d3904e0c2edad84534041a370954400d73e876e2"
        ],
        "name": "www.3743999.com",
        "type": "Domain"
    },
    {
        "cert": [
            "93a0d9cf3db4ca9ab5b4d8e4d3904e0c2edad84534041a370954400d73e876e2"
        ],
        "name": "www.3794999.com",
        "type": "Domain"
    },
    {
        "cert": [
            "93a0d9cf3db4ca9ab5b4d8e4d3904e0c2edad84534041a370954400d73e876e2"
        ],
        "name": "www.3840999.com",
        "type": "Domain"
    },
    {
        "name": "www.3841999.com",
        "type": "Domain"
    },
    {
        "cert": [
            "ae453294ce1ac95759cee6147b6d4ef93cb5efe2ba7ddb42242c7cf44a660bc2"
        ],
        "name": "www.3843999.com",
        "type": "Domain"
    },
    {
        "cert": [
            "93a0d9cf3db4ca9ab5b4d8e4d3904e0c2edad84534041a370954400d73e876e2"
        ],
        "name": "www.3845999.com",
        "type": "Domain"
    },
    {
        "cert": [
            "93a0d9cf3db4ca9ab5b4d8e4d3904e0c2edad84534041a370954400d73e876e2"
        ],
        "name": "www.384966.com",
        "type": "Domain"
    },
    {
        "cert": [
            "93a0d9cf3db4ca9ab5b4d8e4d3904e0c2edad84534041a370954400d73e876e2"
        ],
        "name": "www.3864999.com",
        "type": "Domain"
    },
    {
        "cert": [
            "93a0d9cf3db4ca9ab5b4d8e4d3904e0c2edad84534041a370954400d73e876e2"
        ],
        "name": "www.3874999.com",
        "type": "Domain"
    },
    {
        "cert": [
            "93a0d9cf3db4ca9ab5b4d8e4d3904e0c2edad84534041a370954400d73e876e2"
        ],
        "name": "www.4422500.com",
        "type": "Domain"
    },
    {
        "cert": [
            "93a0d9cf3db4ca9ab5b4d8e4d3904e0c2edad84534041a370954400d73e876e2"
        ],
        "name": "www.44444cpw.com",
        "type": "Domain"
    },
    {
        "cert": [
            "93a0d9cf3db4ca9ab5b4d8e4d3904e0c2edad84534041a370954400d73e876e2"
        ],
        "name": "www.511790.com",
        "type": "Domain"
    },
    {
        "cert": [
            "93a0d9cf3db4ca9ab5b4d8e4d3904e0c2edad84534041a370954400d73e876e2"
        ],
        "name": "www.519206.com",
        "type": "Domain"
    },
    {
        "cert": [
            "93a0d9cf3db4ca9ab5b4d8e4d3904e0c2edad84534041a370954400d73e876e2"
        ],
        "name": "www.531160.com",
        "type": "Domain"
    },
    {
        "cert": [
            "93a0d9cf3db4ca9ab5b4d8e4d3904e0c2edad84534041a370954400d73e876e2"
        ],
        "name": "www.537710.com",
        "type": "Domain"
    },
    {
        "cert": [
            "93a0d9cf3db4ca9ab5b4d8e4d3904e0c2edad84534041a370954400d73e876e2"
        ],
        "name": "www.5533500.com",
        "type": "Domain"
    },
    {
        "cert": [
            "3993badff28ec458e7b06fcca3a9f51e38f28e1536a53c9110d27fde4a0ba872"
        ],
        "name": "www.5544500.com",
        "type": "Domain"
    },
    {
        "cert": [
            "3993badff28ec458e7b06fcca3a9f51e38f28e1536a53c9110d27fde4a0ba872"
        ],
        "name": "www.5577500.com",
        "type": "Domain"
    },
    {
        "cert": [
            "3993badff28ec458e7b06fcca3a9f51e38f28e1536a53c9110d27fde4a0ba872"
        ],
        "name": "www.5599500.com",
        "type": "Domain"
    },
    {
        "cert": [
            "3993badff28ec458e7b06fcca3a9f51e38f28e1536a53c9110d27fde4a0ba872"
        ],
        "name": "www.5684999.com",
        "type": "Domain"
    },
    {
        "cert": [
            "93a0d9cf3db4ca9ab5b4d8e4d3904e0c2edad84534041a370954400d73e876e2"
        ],
        "name": "www.571150.com",
        "type": "Domain"
    },
    {
        "cert": [
            "93a0d9cf3db4ca9ab5b4d8e4d3904e0c2edad84534041a370954400d73e876e2"
        ],
        "name": "www.592260.com",
        "type": "Domain"
    },
    {
        "cert": [
            "93a0d9cf3db4ca9ab5b4d8e4d3904e0c2edad84534041a370954400d73e876e2"
        ],
        "name": "www.597220.com",
        "type": "Domain"
    },
    {
        "cert": [
            "93a0d9cf3db4ca9ab5b4d8e4d3904e0c2edad84534041a370954400d73e876e2"
        ],
        "name": "www.612240.com",
        "type": "Domain"
    },
    {
        "name": "www.612270.com",
        "type": "Domain"
    },
    {
        "cert": [
            "3993badff28ec458e7b06fcca3a9f51e38f28e1536a53c9110d27fde4a0ba872"
        ],
        "name": "www.6611500.com",
        "type": "Domain"
    },
    {
        "cert": [
            "3993badff28ec458e7b06fcca3a9f51e38f28e1536a53c9110d27fde4a0ba872"
        ],
        "name": "www.6622500.com",
        "type": "Domain"
    },
    {
        "cert": [
            "3993badff28ec458e7b06fcca3a9f51e38f28e1536a53c9110d27fde4a0ba872"
        ],
        "name": "www.6633500.com",
        "type": "Domain"
    },
    {
        "cert": [
            "3993badff28ec458e7b06fcca3a9f51e38f28e1536a53c9110d27fde4a0ba872"
        ],
        "name": "www.6699500.com",
        "type": "Domain"
    },
    {
        "cert": [
            "93a0d9cf3db4ca9ab5b4d8e4d3904e0c2edad84534041a370954400d73e876e2"
        ],
        "name": "www.671706.com",
        "type": "Domain"
    },
    {
        "cert": [
            "93a0d9cf3db4ca9ab5b4d8e4d3904e0c2edad84534041a370954400d73e876e2"
        ],
        "name": "www.672056.com",
        "type": "Domain"
    },
    {
        "cert": [
            "93a0d9cf3db4ca9ab5b4d8e4d3904e0c2edad84534041a370954400d73e876e2"
        ],
        "name": "www.675076.com",
        "type": "Domain"
    },
    {
        "cert": [
            "93a0d9cf3db4ca9ab5b4d8e4d3904e0c2edad84534041a370954400d73e876e2"
        ],
        "name": "www.701396.com",
        "type": "Domain"
    },
    {
        "cert": [
            "93a0d9cf3db4ca9ab5b4d8e4d3904e0c2edad84534041a370954400d73e876e2"
        ],
        "name": "www.701796.com",
        "type": "Domain"
    },
    {
        "cert": [
            "93a0d9cf3db4ca9ab5b4d8e4d3904e0c2edad84534041a370954400d73e876e2"
        ],
        "name": "www.705196.com",
        "type": "Domain"
    },
    {
        "cert": [
            "93a0d9cf3db4ca9ab5b4d8e4d3904e0c2edad84534041a370954400d73e876e2"
        ],
        "name": "www.705626.com",
        "type": "Domain"
    },
    {
        "cert": [
            "93a0d9cf3db4ca9ab5b4d8e4d3904e0c2edad84534041a370954400d73e876e2"
        ],
        "dns_a": [
            "103.211.126.133"
        ],
        "dns_cname": [
            "cp_500_p1.lxwaf.com"
        ],
        "name": "www.721016.com",
        "type": "Domain"
    },
    {
        "cert": [
            "93a0d9cf3db4ca9ab5b4d8e4d3904e0c2edad84534041a370954400d73e876e2"
        ],
        "name": "www.747446.com",
        "type": "Domain"
    },
    {
        "cert": [
            "3993badff28ec458e7b06fcca3a9f51e38f28e1536a53c9110d27fde4a0ba872"
        ],
        "name": "www.7722500.com",
        "type": "Domain"
    },
    {
        "cert": [
            "3993badff28ec458e7b06fcca3a9f51e38f28e1536a53c9110d27fde4a0ba872"
        ],
        "name": "www.7744500.com",
        "type": "Domain"
    },
    {
        "cert": [
            "3993badff28ec458e7b06fcca3a9f51e38f28e1536a53c9110d27fde4a0ba872"
        ],
        "name": "www.7766500.com",
        "type": "Domain"
    },
    {
        "dns_cname": [
            "cp_500_p1.lxwaf.com"
        ],
        "name": "www.810803.com",
        "type": "Domain"
    },
    {
        "cert": [
            "93a0d9cf3db4ca9ab5b4d8e4d3904e0c2edad84534041a370954400d73e876e2"
        ],
        "name": "www.822443.com",
        "type": "Domain"
    },
    {
        "cert": [
            "93a0d9cf3db4ca9ab5b4d8e4d3904e0c2edad84534041a370954400d73e876e2"
        ],
        "name": "www.8446999.com",
        "type": "Domain"
    },
    {
        "dns_cname": [
            "cp_500_p1.lxwaf.com"
        ],
        "name": "www.8496999.com",
        "type": "Domain"
    },
    {
        "cert": [
            "3993badff28ec458e7b06fcca3a9f51e38f28e1536a53c9110d27fde4a0ba872"
        ],
        "name": "www.8548999.com",
        "type": "Domain"
    },
    {
        "cert": [
            "93a0d9cf3db4ca9ab5b4d8e4d3904e0c2edad84534041a370954400d73e876e2"
        ],
        "name": "www.913850.com",
        "type": "Domain"
    },
    {
        "cert": [
            "93a0d9cf3db4ca9ab5b4d8e4d3904e0c2edad84534041a370954400d73e876e2"
        ],
        "name": "www.9922500.com",
        "type": "Domain"
    },
    {
        "cert": [
            "3993badff28ec458e7b06fcca3a9f51e38f28e1536a53c9110d27fde4a0ba872"
        ],
        "name": "www.cp53500.com",
        "type": "Domain"
    },
    {
        "cert": [
            "3993badff28ec458e7b06fcca3a9f51e38f28e1536a53c9110d27fde4a0ba872"
        ],
        "name": "www.cp54500.com",
        "type": "Domain"
    },
    {
        "cert": [
            "3993badff28ec458e7b06fcca3a9f51e38f28e1536a53c9110d27fde4a0ba872"
        ],
        "name": "www.cp56500.com",
        "type": "Domain"
    }
]