[
    {
        "dns_a": [
            "154.93.170.80"
        ],
        "name": "0-1bb.com",
        "subdomain": [
            "www.0-1bb.com"
        ],
        "type": "Domain"
    },
    {
        "dns_cname": [
            "expired.namebright.com"
        ],
        "name": "0312ok.com",
        "type": "Domain"
    },
    {
        "dns_cname": [
            "expired.namebright.com"
        ],
        "name": "070926.com",
        "type": "Domain"
    },
    {
        "dns_cname": [
            "expired.namebright.com"
        ],
        "name": "070976.com",
        "type": "Domain"
    },
    {
        "name": "0733f8592aecacf9fd9698396f6de2be82fb6099b046ac90a73957a9013a4457",
        "type": "Cert_SHA256"
    },
    {
        "dns_cname": [
            "expired.namebright.com"
        ],
        "name": "0791ic.com",
        "type": "Domain"
    },
    {
        "dns_cname": [
            "expired.namebright.com"
        ],
        "name": "0817zxw.com",
        "type": "Domain"
    },
    {
        "dns_cname": [
            "expired.namebright.com"
        ],
        "name": "0x0q.com",
        "type": "Domain"
    },
    {
        "dns_cname": [
            "expired.namebright.com"
        ],
        "name": "100soso.net",
        "type": "Domain"
    },
    {
        "name": "102.164.51.175",
        "type": "IP"
    },
    {
        "name": "104.164.199.48",
        "type": "IP"
    },
    {
        "name": "104.164.199.49",
        "type": "IP"
    },
    {
        "name": "104.164.199.7",
        "type": "IP"
    },
    {
        "dns_cname": [
            "expired.namebright.com"
        ],
        "name": "114pic.com",
        "type": "Domain"
    },
    {
        "asn": [
            "AS133201"
        ],
        "cidr": [
            "154.209.173.0/24"
        ],
        "name": "154.209.173.244",
        "type": "IP"
    },
    {
        "asn": [
            "AS133201"
        ],
        "cidr": [
            "154.210.109.0/24"
        ],
        "name": "154.210.109.14",
        "type": "IP"
    },
    {
        "asn": [
            "AS134548"
        ],
        "cidr": [
            "154.84.73.0/24"
        ],
        "name": "154.84.73.13",
        "type": "IP"
    },
    {
        "asn": [
            "AS133201"
        ],
        "cidr": [
            "154.91.23.0/24"
        ],
        "name": "154.91.23.240",
        "type": "IP"
    },
    {
        "asn": [
            "AS133201"
        ],
        "cidr": [
            "154.92.232.0/24"
        ],
        "name": "154.92.232.163",
        "type": "IP"
    },
    {
        "asn": [
            "AS133201"
        ],
        "cidr": [
            "154.92.238.0/24"
        ],
        "name": "154.92.238.46",
        "type": "IP"
    },
    {
        "asn": [
            "AS133201"
        ],
        "cidr": [
            "154.92.239.0/24"
        ],
        "name": "154.92.239.75",
        "type": "IP"
    },
    {
        "name": "154.92.239.78",
        "type": "IP"
    },
    {
        "asn": [
            "AS133201"
        ],
        "cidr": [
            "154.92.241.0/24"
        ],
        "name": "154.92.241.158",
        "type": "IP"
    },
    {
        "asn": [
            "AS134548"
        ],
        "cidr": [
            "154.93.170.0/24"
        ],
        "name": "154.93.170.80",
        "type": "IP"
    },
    {
        "name": "156.234.2.117",
        "type": "IP"
    },
    {
        "name": "156.234.2.9",
        "type": "IP"
    },
    {
        "name": "156.235.215.82",
        "type": "IP"
    },
    {
        "name": "156.237.169.184",
        "type": "IP"
    },
    {
        "asn": [
            "AS133201"
        ],
        "cidr": [
            "156.238.46.0/24"
        ],
        "name": "156.238.46.110",
        "type": "IP"
    },
    {
        "asn": [
            "AS133201"
        ],
        "cidr": [
            "156.238.46.0/24"
        ],
        "name": "156.238.46.111",
        "type": "IP"
    },
    {
        "name": "172.255.113.143",
        "type": "IP"
    },
    {
        "cert": [
            "830172a93519c3b561ca1d673d6e0ddfbc04e5a389fd1aa0933d6f20167a02d7"
        ],
        "dns_a": [
            "104.164.199.49"
        ],
        "name": "174zx.com",
        "request_jump": [
            "www.aixiangju.com"
        ],
        "subdomain": [
            "www.174zx.com"
        ],
        "type": "Domain",
        "whois_email": [
            "admin@juming.com"
        ],
        "whois_name": [
            "jianfeng wu"
        ],
        "whois_phone": [
            "+86.4009972996"
        ]
    },
    {
        "asn": [
            "AS134548"
        ],
        "cidr": [
            "175.29.240.0/24"
        ],
        "name": "175.29.240.25",
        "type": "IP"
    },
    {
        "asn": [
            "AS134548"
        ],
        "cidr": [
            "175.29.240.0/24"
        ],
        "name": "175.29.240.57",
        "type": "IP"
    },
    {
        "dns_cname": [
            "expired.namebright.com"
        ],
        "name": "17la8.com",
        "type": "Domain"
    },
    {
        "dns_cname": [
            "expired.namebright.com"
        ],
        "name": "18-34.com",
        "type": "Domain"
    },
    {
        "name": "23.80.64.79",
        "type": "IP"
    },
    {
        "name": "3.234.181.234",
        "type": "IP"
    },
    {
        "asn": [
            "AS133201"
        ],
        "cidr": [
            "45.197.140.0/24"
        ],
        "name": "45.197.140.152",
        "type": "IP"
    },
    {
        "asn": [
            "AS133201"
        ],
        "cidr": [
            "45.197.141.0/24"
        ],
        "name": "45.197.141.168",
        "type": "IP"
    },
    {
        "asn": [
            "AS133201"
        ],
        "cidr": [
            "45.197.141.0/24"
        ],
        "name": "45.197.141.176",
        "type": "IP"
    },
    {
        "name": "45.43.236.172",
        "type": "IP"
    },
    {
        "name": "63ca94f82ef04817ca711d632ce4f4bec92fcd10ec573d3452d4e96345a86841",
        "type": "Cert_SHA256"
    },
    {
        "name": "830172a93519c3b561ca1d673d6e0ddfbc04e5a389fd1aa0933d6f20167a02d7",
        "type": "Cert_SHA256"
    },
    {
        "cert": [
            "830172a93519c3b561ca1d673d6e0ddfbc04e5a389fd1aa0933d6f20167a02d7"
        ],
        "dns_a": [
            "104.164.199.48"
        ],
        "name": "86fair.net",
        "request_jump": [
            "www.aixiangju.com"
        ],
        "subdomain": [
            "www.86fair.net"
        ],
        "type": "Domain",
        "whois_email": [
            "admin@juming.com"
        ],
        "whois_name": [
            "jianfeng wu"
        ],
        "whois_phone": [
            "+86.4009972996"
        ]
    },
    {
        "dns_a": [
            "154.91.23.240"
        ],
        "name": "acbkl.com",
        "subdomain": [
            "www.acbkl.com"
        ],
        "type": "Domain"
    },
    {
        "cert": [
            "63ca94f82ef04817ca711d632ce4f4bec92fcd10ec573d3452d4e96345a86841"
        ],
        "dns_a": [
            "104.164.199.7"
        ],
        "name": "aixiangju.com",
        "type": "Domain"
    },
    {
        "dns_a": [
            "45.197.140.152"
        ],
        "name": "angelsanzo.com",
        "subdomain": [
            "www.angelsanzo.com"
        ],
        "type": "Domain",
        "whois_email": [
            "admin@juming.com",
            "laosiji1909@outlook.com"
        ],
        "whois_name": [
            "jian mao",
            "jianfeng wu"
        ],
        "whois_phone": [
            "+86.4009972996",
            "+86.45465836824"
        ]
    },
    {
        "name": "b84fa881a303ae50f2e8748dd74da7768c08d26cc8e94abd8e6b6ac721a3274c",
        "type": "Cert_SHA256"
    },
    {
        "dns_a": [
            "154.84.73.13"
        ],
        "name": "barracuda-nice.com",
        "subdomain": [
            "www.barracuda-nice.com"
        ],
        "type": "Domain"
    },
    {
        "dns_cname": [
            "expired.namebright.com"
        ],
        "name": "bjmssc.com",
        "subdomain": [
            "www.bjmssc.com"
        ],
        "type": "Domain",
        "whois_email": [
            "admin@juming.com",
            "ename12345@qq.com"
        ],
        "whois_name": [
            "jianfeng wu",
            "min lan zhong"
        ],
        "whois_phone": [
            "+86.13111234112",
            "+86.4009972996"
        ]
    },
    {
        "dns_a": [
            "102.164.51.175"
        ],
        "name": "bn114.com",
        "subdomain": [
            "www.bn114.com"
        ],
        "type": "Domain",
        "whois_email": [
            "admin@juming.com"
        ],
        "whois_name": [
            "jianfeng wu"
        ],
        "whois_phone": [
            "+86.4009972996"
        ]
    },
    {
        "dns_a": [
            "23.80.64.79"
        ],
        "name": "bresciabelowknee.com",
        "subdomain": [
            "www.bresciabelowknee.com"
        ],
        "type": "Domain",
        "whois_email": [
            "2019888dffdfdf@gmail.com",
            "admin@juming.com"
        ],
        "whois_name": [
            "bai chen meng",
            "jianfeng wu"
        ],
        "whois_phone": [
            "+86.13229941380",
            "+86.4009972996"
        ]
    },
    {
        "dns_a": [
            "156.234.2.9"
        ],
        "name": "bunmoo.com",
        "subdomain": [
            "www.bunmoo.com"
        ],
        "type": "Domain",
        "whois_email": [
            "admin@juming.com",
            "gd222www@gmail.com"
        ],
        "whois_name": [
            "jianfeng wu",
            "yan ma"
        ],
        "whois_phone": [
            "+86.13150794219",
            "+86.4009972996"
        ]
    },
    {
        "dns_a": [
            "154.92.239.78"
        ],
        "name": "egvabogados.com",
        "subdomain": [
            "www.egvabogados.com"
        ],
        "type": "Domain",
        "whois_email": [
            "admin@juming.com",
            "laosiji1909@outlook.com"
        ],
        "whois_name": [
            "jian mao",
            "jianfeng wu"
        ],
        "whois_phone": [
            "+86.4009972996",
            "+86.45465836824"
        ]
    },
    {
        "dns_cname": [
            "nbparking-lb1-e8979d80a94bc16b.elb.us-east-1.amazonaws.com"
        ],
        "name": "expired.namebright.com",
        "type": "Domain"
    },
    {
        "dns_a": [
            "154.92.239.75"
        ],
        "name": "fu360ykt.com",
        "subdomain": [
            "www.fu360ykt.com"
        ],
        "type": "Domain",
        "whois_name": [
            "REDACTED FOR PRIVACY"
        ]
    },
    {
        "dns_a": [
            "45.43.236.172"
        ],
        "name": "gdbelief.com",
        "subdomain": [
            "www.gdbelief.com"
        ],
        "type": "Domain",
        "whois_email": [
            "admin@juming.com"
        ],
        "whois_name": [
            "jianfeng wu"
        ],
        "whois_phone": [
            "+86.4009972996"
        ]
    },
    {
        "dns_a": [
            "154.92.241.158"
        ],
        "name": "hkfangle.com",
        "subdomain": [
            "www.hkfangle.com"
        ],
        "type": "Domain",
        "whois_email": [
            "laosiji1909@outlook.com"
        ],
        "whois_name": [
            "jian mao"
        ],
        "whois_phone": [
            "+86.045465836824"
        ]
    },
    {
        "cert": [
            "830172a93519c3b561ca1d673d6e0ddfbc04e5a389fd1aa0933d6f20167a02d7"
        ],
        "name": "hnhzjqc.com",
        "request_jump": [
            "www.aixiangju.com"
        ],
        "subdomain": [
            "www.hnhzjqc.com"
        ],
        "type": "Domain"
    },
    {
        "dns_a": [
            "154.92.239.75"
        ],
        "name": "hopedresses.com",
        "subdomain": [
            "www.hopedresses.com"
        ],
        "type": "Domain",
        "whois_email": [
            "laosiji1909@outlook.com"
        ],
        "whois_name": [
            "jian mao"
        ],
        "whois_phone": [
            "+86.045465836824"
        ]
    },
    {
        "dns_a": [
            "154.84.73.13"
        ],
        "name": "hqtjd5209.com",
        "subdomain": [
            "www.hqtjd5209.com"
        ],
        "type": "Domain",
        "whois_email": [
            "dotmedia3@dotmedia.com"
        ],
        "whois_name": [
            "Domain Administrator"
        ],
        "whois_phone": [
            "+86.5925990220"
        ]
    },
    {
        "dns_a": [
            "154.210.109.14"
        ],
        "name": "hxrsl.com",
        "subdomain": [
            "www.hxrsl.com"
        ],
        "type": "Domain",
        "whois_email": [
            "laosiji1909@outlook.com"
        ],
        "whois_name": [
            "jian mao"
        ],
        "whois_phone": [
            "+86.45465836824"
        ]
    },
    {
        "name": "jielianzhibo.com",
        "subdomain": [
            "www.jielianzhibo.com"
        ],
        "type": "Domain"
    },
    {
        "dns_a": [
            "154.91.23.240"
        ],
        "name": "jllzxy.com",
        "subdomain": [
            "www.jllzxy.com"
        ],
        "type": "Domain",
        "whois_email": [
            "dotmedia3@dotmedia.com"
        ],
        "whois_name": [
            "Domain Administrator"
        ],
        "whois_phone": [
            "+86.5925990220"
        ]
    },
    {
        "dns_a": [
            "156.235.215.82"
        ],
        "name": "jsfyqy.com",
        "subdomain": [
            "www.jsfyqy.com"
        ],
        "type": "Domain",
        "whois_email": [
            "admin@juming.com"
        ],
        "whois_name": [
            "jianfeng wu"
        ],
        "whois_phone": [
            "+86.4009972996"
        ]
    },
    {
        "cert": [
            "830172a93519c3b561ca1d673d6e0ddfbc04e5a389fd1aa0933d6f20167a02d7"
        ],
        "name": "kebaojc.com",
        "request_jump": [
            "www.aixiangju.com"
        ],
        "subdomain": [
            "www.kebaojc.com"
        ],
        "type": "Domain"
    },
    {
        "name": "kuaigaoding.com",
        "request_jump": [
            "www.aixiangju.com"
        ],
        "type": "Domain"
    },
    {
        "dns_a": [
            "154.91.23.240"
        ],
        "name": "likeball.net",
        "subdomain": [
            "www.likeball.net"
        ],
        "type": "Domain",
        "whois_email": [
            "laosiji1909@outlook.com"
        ],
        "whois_name": [
            "jian mao"
        ],
        "whois_phone": [
            "+86.45465836824"
        ]
    },
    {
        "name": "livetv13.com",
        "request_jump": [
            "www.aixiangju.com"
        ],
        "type": "Domain"
    },
    {
        "name": "livetv14.com",
        "request_jump": [
            "www.aixiangju.com"
        ],
        "type": "Domain"
    },
    {
        "name": "livetv16.com",
        "request_jump": [
            "www.aixiangju.com"
        ],
        "type": "Domain"
    },
    {
        "name": "livetv17.com",
        "request_jump": [
            "www.aixiangju.com"
        ],
        "type": "Domain"
    },
    {
        "name": "livetv19.com",
        "request_jump": [
            "www.aixiangju.com"
        ],
        "type": "Domain"
    },
    {
        "name": "livetv20.com",
        "request_jump": [
            "www.aixiangju.com"
        ],
        "type": "Domain"
    },
    {
        "name": "livetv21.com",
        "request_jump": [
            "www.aixiangju.com"
        ],
        "type": "Domain"
    },
    {
        "name": "livetv23.com",
        "request_jump": [
            "www.aixiangju.com"
        ],
        "type": "Domain"
    },
    {
        "name": "livetv28.com",
        "request_jump": [
            "www.aixiangju.com"
        ],
        "type": "Domain"
    },
    {
        "name": "livetv30.com",
        "request_jump": [
            "www.aixiangju.com"
        ],
        "type": "Domain"
    },
    {
        "name": "livetv31.com",
        "request_jump": [
            "www.aixiangju.com"
        ],
        "type": "Domain"
    },
    {
        "name": "livetv33.com",
        "request_jump": [
            "www.aixiangju.com"
        ],
        "type": "Domain"
    },
    {
        "name": "livetv34.com",
        "request_jump": [
            "www.aixiangju.com"
        ],
        "type": "Domain"
    },
    {
        "name": "livetv35.com",
        "request_jump": [
            "www.aixiangju.com"
        ],
        "type": "Domain"
    },
    {
        "name": "livetv36.com",
        "request_jump": [
            "www.aixiangju.com"
        ],
        "type": "Domain"
    },
    {
        "name": "livetv37.com",
        "request_jump": [
            "www.aixiangju.com"
        ],
        "type": "Domain"
    },
    {
        "name": "livetv38.com",
        "request_jump": [
            "www.aixiangju.com"
        ],
        "type": "Domain"
    },
    {
        "name": "livetv39.com",
        "request_jump": [
            "www.aixiangju.com"
        ],
        "type": "Domain"
    },
    {
        "name": "namebright.com",
        "subdomain": [
            "expired.namebright.com"
        ],
        "type": "Domain"
    },
    {
        "name": "nbparking-lb1-e8979d80a94bc16b.elb.us-east-1.amazonaws.com",
        "type": "Domain"
    },
    {
        "dns_a": [
            "45.197.141.168"
        ],
        "name": "pembemerdane.com",
        "subdomain": [
            "www.pembemerdane.com"
        ],
        "type": "Domain",
        "whois_email": [
            "laosiji1909@outlook.com"
        ],
        "whois_name": [
            "jian mao"
        ],
        "whois_phone": [
            "+86.45465836824"
        ]
    },
    {
        "dns_a": [
            "154.91.23.240"
        ],
        "name": "qianzi8.com",
        "subdomain": [
            "www.qianzi8.com"
        ],
        "type": "Domain",
        "whois_email": [
            "laosiji1909@outlook.com"
        ],
        "whois_name": [
            "jian mao"
        ],
        "whois_phone": [
            "+86.45465836824"
        ]
    },
    {
        "dns_a": [
            "154.210.109.14"
        ],
        "name": "sekongkong.com",
        "subdomain": [
            "www.sekongkong.com"
        ],
        "type": "Domain"
    },
    {
        "cert": [
            "830172a93519c3b561ca1d673d6e0ddfbc04e5a389fd1aa0933d6f20167a02d7"
        ],
        "name": "sxhylr.com",
        "request_jump": [
            "www.aixiangju.com"
        ],
        "subdomain": [
            "www.sxhylr.com"
        ],
        "type": "Domain"
    },
    {
        "dns_a": [
            "45.197.141.176"
        ],
        "name": "sysy777.com",
        "subdomain": [
            "www.sysy777.com"
        ],
        "type": "Domain",
        "whois_email": [
            "laosiji1909@outlook.com"
        ],
        "whois_name": [
            "jian mao"
        ],
        "whois_phone": [
            "+86.045465836824"
        ]
    },
    {
        "dns_a": [
            "175.29.240.25"
        ],
        "name": "szfydpcj.com",
        "subdomain": [
            "www.szfydpcj.com"
        ],
        "type": "Domain",
        "whois_email": [
            "laosiji1909@outlook.com"
        ],
        "whois_name": [
            "jian mao"
        ],
        "whois_phone": [
            "+86.45465836824"
        ]
    },
    {
        "dns_a": [
            "154.84.73.13"
        ],
        "name": "tg0755.com",
        "subdomain": [
            "www.tg0755.com"
        ],
        "type": "Domain",
        "whois_email": [
            "laosiji1909@outlook.com"
        ],
        "whois_name": [
            "jian mao"
        ],
        "whois_phone": [
            "+86.45465836824"
        ]
    },
    {
        "dns_a": [
            "156.234.2.117"
        ],
        "name": "tippto.com",
        "subdomain": [
            "www.tippto.com"
        ],
        "type": "Domain",
        "whois_email": [
            "admin@juming.com",
            "gd222www@gmail.com"
        ],
        "whois_name": [
            "jianfeng wu",
            "yan ma"
        ],
        "whois_phone": [
            "+86.13150794219",
            "+86.4009972996"
        ]
    },
    {
        "dns_a": [
            "154.92.238.46"
        ],
        "name": "tokai-china.com",
        "subdomain": [
            "www.tokai-china.com"
        ],
        "type": "Domain",
        "whois_email": [
            "admin@juming.com",
            "laosiji1909@outlook.com"
        ],
        "whois_name": [
            "jian mao",
            "jianfeng wu"
        ],
        "whois_phone": [
            "+86.4009972996",
            "+86.45465836824"
        ]
    },
    {
        "dns_a": [
            "156.238.46.110"
        ],
        "name": "trioadagio.com",
        "subdomain": [
            "www.trioadagio.com"
        ],
        "type": "Domain",
        "whois_email": [
            "laosiji1909@outlook.com"
        ],
        "whois_name": [
            "jian mao"
        ],
        "whois_phone": [
            "+86.45465836824"
        ]
    },
    {
        "dns_a": [
            "154.93.170.80"
        ],
        "name": "www.0-1bb.com",
        "type": "Domain"
    },
    {
        "dns_cname": [
            "expired.namebright.com"
        ],
        "name": "www.070926.com",
        "type": "Domain"
    },
    {
        "dns_cname": [
            "expired.namebright.com"
        ],
        "name": "www.070976.com",
        "type": "Domain"
    },
    {
        "dns_cname": [
            "expired.namebright.com"
        ],
        "name": "www.0791ic.com",
        "type": "Domain"
    },
    {
        "dns_cname": [
            "expired.namebright.com"
        ],
        "name": "www.0817zxw.com",
        "type": "Domain"
    },
    {
        "dns_cname": [
            "expired.namebright.com"
        ],
        "name": "www.0x0q.com",
        "type": "Domain"
    },
    {
        "dns_cname": [
            "expired.namebright.com"
        ],
        "name": "www.114pic.com",
        "type": "Domain"
    },
    {
        "dns_cname": [
            "174zx.com"
        ],
        "name": "www.174zx.com",
        "type": "Domain"
    },
    {
        "dns_cname": [
            "expired.namebright.com"
        ],
        "name": "www.17la8.com",
        "type": "Domain"
    },
    {
        "dns_cname": [
            "expired.namebright.com"
        ],
        "name": "www.18-34.com",
        "type": "Domain"
    },
    {
        "cert": [
            "0733f8592aecacf9fd9698396f6de2be82fb6099b046ac90a73957a9013a4457"
        ],
        "dns_a": [
            "104.164.199.48"
        ],
        "dns_cname": [
            "86fair.net"
        ],
        "name": "www.86fair.net",
        "type": "Domain",
        "whois_email": [
            "admin@juming.com"
        ],
        "whois_name": [
            "jianfeng wu"
        ],
        "whois_phone": [
            "+86.4009972996"
        ]
    },
    {
        "dns_a": [
            "154.91.23.240"
        ],
        "name": "www.acbkl.com",
        "type": "Domain"
    },
    {
        "dns_a": [
            "104.164.199.7"
        ],
        "name": "www.aixiangju.com",
        "subdomain": [
            "aixiangju.com"
        ],
        "type": "Domain"
    },
    {
        "dns_a": [
            "45.197.140.152"
        ],
        "name": "www.angelsanzo.com",
        "type": "Domain",
        "whois_email": [
            "admin@juming.com",
            "laosiji1909@outlook.com"
        ],
        "whois_name": [
            "jian mao",
            "jianfeng wu"
        ],
        "whois_phone": [
            "+86.4009972996",
            "+86.45465836824"
        ]
    },
    {
        "dns_a": [
            "154.84.73.13"
        ],
        "name": "www.barracuda-nice.com",
        "type": "Domain"
    },
    {
        "dns_a": [
            "3.234.181.234"
        ],
        "dns_cname": [
            "expired.namebright.com"
        ],
        "name": "www.bjmssc.com",
        "type": "Domain",
        "whois_email": [
            "admin@juming.com",
            "ename12345@qq.com"
        ],
        "whois_name": [
            "jianfeng wu",
            "min lan zhong"
        ],
        "whois_phone": [
            "+86.13111234112",
            "+86.4009972996"
        ]
    },
    {
        "dns_a": [
            "102.164.51.175"
        ],
        "name": "www.bn114.com",
        "type": "Domain",
        "whois_email": [
            "admin@juming.com"
        ],
        "whois_name": [
            "jianfeng wu"
        ],
        "whois_phone": [
            "+86.4009972996"
        ]
    },
    {
        "dns_a": [
            "23.80.64.79"
        ],
        "name": "www.bresciabelowknee.com",
        "type": "Domain",
        "whois_email": [
            "2019888dffdfdf@gmail.com",
            "admin@juming.com"
        ],
        "whois_name": [
            "bai chen meng",
            "jianfeng wu"
        ],
        "whois_phone": [
            "+86.13229941380",
            "+86.4009972996"
        ]
    },
    {
        "dns_a": [
            "156.234.2.9"
        ],
        "name": "www.bunmoo.com",
        "type": "Domain",
        "whois_email": [
            "admin@juming.com",
            "gd222www@gmail.com"
        ],
        "whois_name": [
            "jianfeng wu",
            "yan ma"
        ],
        "whois_phone": [
            "+86.13150794219",
            "+86.4009972996"
        ]
    },
    {
        "dns_a": [
            "154.92.239.78"
        ],
        "name": "www.egvabogados.com",
        "type": "Domain",
        "whois_email": [
            "admin@juming.com",
            "laosiji1909@outlook.com"
        ],
        "whois_name": [
            "jian mao",
            "jianfeng wu"
        ],
        "whois_phone": [
            "+86.4009972996",
            "+86.45465836824"
        ]
    },
    {
        "dns_a": [
            "154.92.239.75"
        ],
        "name": "www.fu360ykt.com",
        "type": "Domain",
        "whois_name": [
            "REDACTED FOR PRIVACY"
        ]
    },
    {
        "dns_a": [
            "45.43.236.172"
        ],
        "name": "www.gdbelief.com",
        "type": "Domain",
        "whois_email": [
            "admin@juming.com"
        ],
        "whois_name": [
            "jianfeng wu"
        ],
        "whois_phone": [
            "+86.4009972996"
        ]
    },
    {
        "name": "www.gyrhwl.com",
        "request_jump": [
            "www.aixiangju.com"
        ],
        "type": "Domain"
    },
    {
        "dns_a": [
            "154.92.241.158"
        ],
        "name": "www.hkfangle.com",
        "type": "Domain",
        "whois_email": [
            "laosiji1909@outlook.com"
        ],
        "whois_name": [
            "jian mao"
        ],
        "whois_phone": [
            "+86.045465836824"
        ]
    },
    {
        "name": "www.hnhzjqc.com",
        "type": "Domain"
    },
    {
        "dns_a": [
            "154.92.239.75"
        ],
        "name": "www.hopedresses.com",
        "type": "Domain",
        "whois_email": [
            "laosiji1909@outlook.com"
        ],
        "whois_name": [
            "jian mao"
        ],
        "whois_phone": [
            "+86.045465836824"
        ]
    },
    {
        "dns_a": [
            "154.84.73.13"
        ],
        "name": "www.hqtjd5209.com",
        "type": "Domain",
        "whois_email": [
            "dotmedia3@dotmedia.com"
        ],
        "whois_name": [
            "Domain Administrator"
        ],
        "whois_phone": [
            "+86.5925990220"
        ]
    },
    {
        "dns_a": [
            "154.210.109.14"
        ],
        "name": "www.hxrsl.com",
        "type": "Domain",
        "whois_email": [
            "laosiji1909@outlook.com"
        ],
        "whois_name": [
            "jian mao"
        ],
        "whois_phone": [
            "+86.45465836824"
        ]
    },
    {
        "cert": [
            "830172a93519c3b561ca1d673d6e0ddfbc04e5a389fd1aa0933d6f20167a02d7"
        ],
        "name": "www.jielianzhibo.com",
        "request_jump": [
            "www.aixiangju.com"
        ],
        "type": "Domain"
    },
    {
        "dns_a": [
            "154.91.23.240"
        ],
        "name": "www.jllzxy.com",
        "type": "Domain",
        "whois_email": [
            "dotmedia3@dotmedia.com"
        ],
        "whois_name": [
            "Domain Administrator"
        ],
        "whois_phone": [
            "+86.5925990220"
        ]
    },
    {
        "dns_a": [
            "156.235.215.82"
        ],
        "name": "www.jsfyqy.com",
        "type": "Domain",
        "whois_email": [
            "admin@juming.com"
        ],
        "whois_name": [
            "jianfeng wu"
        ],
        "whois_phone": [
            "+86.4009972996"
        ]
    },
    {
        "name": "www.kebaojc.com",
        "type": "Domain"
    },
    {
        "dns_a": [
            "154.91.23.240"
        ],
        "name": "www.likeball.net",
        "type": "Domain",
        "whois_email": [
            "laosiji1909@outlook.com"
        ],
        "whois_name": [
            "jian mao"
        ],
        "whois_phone": [
            "+86.45465836824"
        ]
    },
    {
        "name": "www.livetv13.com",
        "request_jump": [
            "www.aixiangju.com"
        ],
        "type": "Domain"
    },
    {
        "name": "www.livetv15.com",
        "request_jump": [
            "www.aixiangju.com"
        ],
        "type": "Domain"
    },
    {
        "name": "www.livetv17.com",
        "request_jump": [
            "www.aixiangju.com"
        ],
        "type": "Domain"
    },
    {
        "name": "www.livetv19.com",
        "request_jump": [
            "www.aixiangju.com"
        ],
        "type": "Domain"
    },
    {
        "name": "www.livetv20.com",
        "request_jump": [
            "www.aixiangju.com"
        ],
        "type": "Domain"
    },
    {
        "name": "www.livetv25.com",
        "request_jump": [
            "www.aixiangju.com"
        ],
        "type": "Domain"
    },
    {
        "name": "www.livetv30.com",
        "request_jump": [
            "www.aixiangju.com"
        ],
        "type": "Domain"
    },
    {
        "name": "www.livetv31.com",
        "request_jump": [
            "www.aixiangju.com"
        ],
        "type": "Domain"
    },
    {
        "name": "www.livetv36.com",
        "request_jump": [
            "www.aixiangju.com"
        ],
        "type": "Domain"
    },
    {
        "name": "www.livetv37.com",
        "request_jump": [
            "www.aixiangju.com"
        ],
        "type": "Domain"
    },
    {
        "dns_a": [
            "45.197.141.168"
        ],
        "name": "www.pembemerdane.com",
        "type": "Domain",
        "whois_email": [
            "laosiji1909@outlook.com"
        ],
        "whois_name": [
            "jian mao"
        ],
        "whois_phone": [
            "+86.45465836824"
        ]
    },
    {
        "dns_a": [
            "154.91.23.240"
        ],
        "name": "www.qianzi8.com",
        "type": "Domain",
        "whois_email": [
            "laosiji1909@outlook.com"
        ],
        "whois_name": [
            "jian mao"
        ],
        "whois_phone": [
            "+86.45465836824"
        ]
    },
    {
        "dns_a": [
            "154.210.109.14"
        ],
        "name": "www.sekongkong.com",
        "type": "Domain"
    },
    {
        "name": "www.sxhylr.com",
        "type": "Domain"
    },
    {
        "dns_a": [
            "45.197.141.176"
        ],
        "name": "www.sysy777.com",
        "type": "Domain",
        "whois_email": [
            "laosiji1909@outlook.com"
        ],
        "whois_name": [
            "jian mao"
        ],
        "whois_phone": [
            "+86.045465836824"
        ]
    },
    {
        "dns_a": [
            "175.29.240.25"
        ],
        "name": "www.szfydpcj.com",
        "type": "Domain",
        "whois_email": [
            "laosiji1909@outlook.com"
        ],
        "whois_name": [
            "jian mao"
        ],
        "whois_phone": [
            "+86.45465836824"
        ]
    },
    {
        "dns_a": [
            "154.84.73.13"
        ],
        "name": "www.tg0755.com",
        "type": "Domain",
        "whois_email": [
            "laosiji1909@outlook.com"
        ],
        "whois_name": [
            "jian mao"
        ],
        "whois_phone": [
            "+86.45465836824"
        ]
    },
    {
        "dns_a": [
            "156.234.2.117"
        ],
        "name": "www.tippto.com",
        "type": "Domain",
        "whois_email": [
            "admin@juming.com",
            "gd222www@gmail.com"
        ],
        "whois_name": [
            "jianfeng wu",
            "yan ma"
        ],
        "whois_phone": [
            "+86.13150794219",
            "+86.4009972996"
        ]
    },
    {
        "dns_a": [
            "154.92.238.46"
        ],
        "name": "www.tokai-china.com",
        "type": "Domain",
        "whois_email": [
            "admin@juming.com",
            "laosiji1909@outlook.com"
        ],
        "whois_name": [
            "jian mao",
            "jianfeng wu"
        ],
        "whois_phone": [
            "+86.4009972996",
            "+86.45465836824"
        ]
    },
    {
        "dns_a": [
            "156.238.46.110"
        ],
        "name": "www.trioadagio.com",
        "type": "Domain",
        "whois_email": [
            "laosiji1909@outlook.com"
        ],
        "whois_name": [
            "jian mao"
        ],
        "whois_phone": [
            "+86.45465836824"
        ]
    },
    {
        "dns_a": [
            "154.93.170.80"
        ],
        "name": "www.xdlnews.com",
        "type": "Domain",
        "whois_email": [
            "laosiji1909@outlook.com"
        ],
        "whois_name": [
            "jian mao"
        ],
        "whois_phone": [
            "+86.045465836824"
        ]
    },
    {
        "dns_a": [
            "156.237.169.184"
        ],
        "name": "www.xinyuzyz.com",
        "type": "Domain",
        "whois_email": [
            "3185794516@qq.com",
            "admin@juming.com"
        ],
        "whois_name": [
            "jianfeng wu",
            "zhi yong zhang"
        ],
        "whois_phone": [
            "+86.15824999965",
            "+86.4009972996"
        ]
    },
    {
        "cert": [
            "b84fa881a303ae50f2e8748dd74da7768c08d26cc8e94abd8e6b6ac721a3274c"
        ],
        "dns_a": [
            "154.209.173.244"
        ],
        "name": "www.xsdayp.com",
        "type": "Domain",
        "whois_email": [
            "laosiji1909@outlook.com"
        ],
        "whois_name": [
            "jian mao"
        ],
        "whois_phone": [
            "+86.045465836824"
        ]
    },
    {
        "dns_a": [
            "154.92.232.163"
        ],
        "name": "www.xydztc.com",
        "type": "Domain",
        "whois_email": [
            "laosiji1909@outlook.com"
        ],
        "whois_name": [
            "jian mao"
        ],
        "whois_phone": [
            "+86.45465836824"
        ]
    },
    {
        "dns_a": [
            "172.255.113.143"
        ],
        "name": "www.yipeida.com",
        "type": "Domain",
        "whois_email": [
            "admin@juming.com",
            "xh5577775@163.com"
        ],
        "whois_name": [
            "jianfeng wu",
            "xue lian lu"
        ],
        "whois_phone": [
            "+86.13285049137",
            "+86.4009972996"
        ]
    },
    {
        "dns_a": [
            "156.238.46.111"
        ],
        "name": "www.yuji-ic.com",
        "type": "Domain",
        "whois_email": [
            "admin@juming.com",
            "laosiji1909@outlook.com"
        ],
        "whois_name": [
            "jian mao",
            "jianfeng wu"
        ],
        "whois_phone": [
            "+86.4009972996",
            "+86.45465836824"
        ]
    },
    {
        "dns_a": [
            "175.29.240.57"
        ],
        "name": "www.zhenghexieye.com",
        "type": "Domain",
        "whois_email": [
            "laosiji1909@outlook.com"
        ],
        "whois_name": [
            "jian mao"
        ],
        "whois_phone": [
            "+86.45465836824"
        ]
    },
    {
        "dns_a": [
            "154.93.170.80"
        ],
        "name": "xdlnews.com",
        "subdomain": [
            "www.xdlnews.com"
        ],
        "type": "Domain",
        "whois_email": [
            "laosiji1909@outlook.com"
        ],
        "whois_name": [
            "jian mao"
        ],
        "whois_phone": [
            "+86.045465836824"
        ]
    },
    {
        "dns_a": [
            "156.237.169.184"
        ],
        "name": "xinyuzyz.com",
        "subdomain": [
            "www.xinyuzyz.com"
        ],
        "type": "Domain",
        "whois_email": [
            "3185794516@qq.com",
            "admin@juming.com"
        ],
        "whois_name": [
            "jianfeng wu",
            "zhi yong zhang"
        ],
        "whois_phone": [
            "+86.15824999965",
            "+86.4009972996"
        ]
    },
    {
        "cert": [
            "b84fa881a303ae50f2e8748dd74da7768c08d26cc8e94abd8e6b6ac721a3274c"
        ],
        "dns_a": [
            "154.209.173.244"
        ],
        "name": "xsdayp.com",
        "subdomain": [
            "www.xsdayp.com"
        ],
        "type": "Domain",
        "whois_email": [
            "laosiji1909@outlook.com"
        ],
        "whois_name": [
            "jian mao"
        ],
        "whois_phone": [
            "+86.045465836824"
        ]
    },
    {
        "dns_a": [
            "154.92.232.163"
        ],
        "name": "xydztc.com",
        "subdomain": [
            "www.xydztc.com"
        ],
        "type": "Domain",
        "whois_email": [
            "laosiji1909@outlook.com"
        ],
        "whois_name": [
            "jian mao"
        ],
        "whois_phone": [
            "+86.45465836824"
        ]
    },
    {
        "dns_a": [
            "172.255.113.143"
        ],
        "name": "yipeida.com",
        "subdomain": [
            "www.yipeida.com"
        ],
        "type": "Domain",
        "whois_email": [
            "admin@juming.com",
            "xh5577775@163.com"
        ],
        "whois_name": [
            "jianfeng wu",
            "xue lian lu"
        ],
        "whois_phone": [
            "+86.13285049137",
            "+86.4009972996"
        ]
    },
    {
        "dns_a": [
            "156.238.46.111"
        ],
        "name": "yuji-ic.com",
        "subdomain": [
            "www.yuji-ic.com"
        ],
        "type": "Domain",
        "whois_email": [
            "admin@juming.com",
            "laosiji1909@outlook.com"
        ],
        "whois_name": [
            "jian mao",
            "jianfeng wu"
        ],
        "whois_phone": [
            "+86.4009972996",
            "+86.45465836824"
        ]
    },
    {
        "dns_a": [
            "175.29.240.57"
        ],
        "name": "zhenghexieye.com",
        "subdomain": [
            "www.zhenghexieye.com"
        ],
        "type": "Domain",
        "whois_email": [
            "laosiji1909@outlook.com"
        ],
        "whois_name": [
            "jian mao"
        ],
        "whois_phone": [
            "+86.45465836824"
        ]
    }
]