{
	"nodes": {
		"6652258_com": {
			"id": "6652258_com",
			"name": "6652258.com",
			"type": "Domain",
			"graph_name": "6652258.com_金融类_涉黄_涉枪_涉赌",
			"page": -1,
			"title": "山东省郯城县汇友银杏园艺;;北京法制观察_弘扬法治精神,创建法制文明的和谐社会",
			"industry": "金融类_涉黄_涉枪_涉赌",
			"is_alive": true,
			"has_chinese": true,
			"is_geo_chinese": true,
			"is_geo_chinese_mainland": false
		},
		"5_180_97_54": {
			"id": "5_180_97_54",
			"name": "5.180.97.54",
			"type": "IP",
			"graph_name": "5.180.97.54",
			"is_cdn": false,
			"page": -1,
			"country": "中国",
			"province": "香港",
			"city": "",
			"isp": "runidc.com"
		},
		"www_6652258_com": {
			"id": "www_6652258_com",
			"name": "www.6652258.com",
			"type": "Domain",
			"graph_name": "www.6652258.com",
			"page": -1
		},
		"2a8cd6062e0ae1cbf435766d6ea0e4c269047ccc074c29a7499aa92790929d2c": {
			"id": "2a8cd6062e0ae1cbf435766d6ea0e4c269047ccc074c29a7499aa92790929d2c",
			"name": "2a8cd6062e0ae1cbf435766d6ea0e4c269047ccc074c29a7499aa92790929d2c",
			"type": "Cert_SHA256",
			"graph_name": "2a8cd6062e0ae1cbf435766d6ea0e4c269047ccc074c29a7499aa92790929d2c",
			"page": -1
		},
		"www_cntradeca-lnsy_com": {
			"id": "www_cntradeca-lnsy_com",
			"name": "www.cntradeca-lnsy.com",
			"type": "Domain",
			"graph_name": "www.cntradeca-lnsy.com",
			"page": -1
		},
		"cntradeca-lnsy_com": {
			"id": "cntradeca-lnsy_com",
			"name": "cntradeca-lnsy.com",
			"type": "Domain",
			"graph_name": "cntradeca-lnsy.com_金融类_涉黄_涉枪_涉赌",
			"page": -1,
			"title": "青岛跃港叉车设备有限公司;;中舆快讯_传递正能量的新闻资讯平台",
			"industry": "金融类_涉黄_涉枪_涉赌",
			"is_alive": true,
			"has_chinese": true,
			"is_geo_chinese": true,
			"is_geo_chinese_mainland": false
		},
		"jinyuanguolu_com": {
			"id": "jinyuanguolu_com",
			"name": "jinyuanguolu.com",
			"type": "Domain",
			"graph_name": "jinyuanguolu.com",
			"page": -1
		},
		"www_www-toutiao_com": {
			"id": "www_www-toutiao_com",
			"name": "www.www-toutiao.com",
			"type": "Domain",
			"graph_name": "www.www-toutiao.com",
			"page": -1
		},
		"www-toutiao_com": {
			"id": "www-toutiao_com",
			"name": "www-toutiao.com",
			"type": "Domain",
			"graph_name": "www-toutiao.com",
			"page": -1
		},
		"www_dlzhanpengcaiban_com": {
			"id": "www_dlzhanpengcaiban_com",
			"name": "www.dlzhanpengcaiban.com",
			"type": "Domain",
			"graph_name": "www.dlzhanpengcaiban.com",
			"page": -1
		},
		"dlzhanpengcaiban_com": {
			"id": "dlzhanpengcaiban_com",
			"name": "dlzhanpengcaiban.com",
			"type": "Domain",
			"graph_name": "dlzhanpengcaiban.com_金融类_涉黄_涉枪_涉赌",
			"page": -1,
			"title": "广州跃铝果蔬贸易有限公司-首页;;中舆快讯_传递正能量的新闻资讯平台",
			"industry": "金融类_涉黄_涉枪_涉赌",
			"is_alive": true,
			"has_chinese": true,
			"is_geo_chinese": true,
			"is_geo_chinese_mainland": false
		},
		"nksgh_com": {
			"id": "nksgh_com",
			"name": "nksgh.com",
			"type": "Domain",
			"graph_name": "nksgh.com",
			"page": -1
		},
		"www_nksgh_com": {
			"id": "www_nksgh_com",
			"name": "www.nksgh.com",
			"type": "Domain",
			"graph_name": "www.nksgh.com",
			"page": -1
		},
		"www_leivein_com": {
			"id": "www_leivein_com",
			"name": "www.leivein.com",
			"type": "Domain",
			"graph_name": "www.leivein.com",
			"page": -1
		},
		"leivein_com": {
			"id": "leivein_com",
			"name": "leivein.com",
			"type": "Domain",
			"graph_name": "leivein.com",
			"page": -1
		},
		"www_haoxiezi123_com": {
			"id": "www_haoxiezi123_com",
			"name": "www.haoxiezi123.com",
			"type": "Domain",
			"graph_name": "www.haoxiezi123.com",
			"page": -1
		},
		"www_jinyuanguolu_com": {
			"id": "www_jinyuanguolu_com",
			"name": "www.jinyuanguolu.com",
			"type": "Domain",
			"graph_name": "www.jinyuanguolu.com",
			"page": -1
		},
		"haoxiezi123_com": {
			"id": "haoxiezi123_com",
			"name": "haoxiezi123.com",
			"type": "Domain",
			"graph_name": "haoxiezi123.com_金融类_涉黄_涉枪_涉赌",
			"page": -1,
			"title": ";;北京法制观察_弘扬法治精神,创建法制文明的和谐社会",
			"industry": "金融类_涉黄_涉枪_涉赌",
			"is_alive": true,
			"has_chinese": true,
			"is_geo_chinese": false,
			"is_geo_chinese_mainland": false
		},
		"164_155_177_189": {
			"id": "164_155_177_189",
			"name": "164.155.177.189",
			"type": "IP",
			"graph_name": "164.155.177.189",
			"is_cdn": false,
			"page": -1,
			"country": "美国",
			"province": "加利福尼亚州",
			"city": "圣何塞",
			"isp": ""
		},
		"AS55933": {
			"id": "AS55933",
			"name": "AS55933",
			"type": "ASN",
			"graph_name": "AS55933",
			"page": 0
		},
		"1155719eac3d2567d2d00602b93994d81401e8c26215c09e5cb74ef228bcd206": {
			"id": "1155719eac3d2567d2d00602b93994d81401e8c26215c09e5cb74ef228bcd206",
			"name": "1155719eac3d2567d2d00602b93994d81401e8c26215c09e5cb74ef228bcd206",
			"type": "Cert_SHA256",
			"graph_name": "1155719eac3d2567d2d00602b93994d81401e8c26215c09e5cb74ef228bcd206",
			"page": -1
		},
		"sheih-tai_com": {
			"id": "sheih-tai_com",
			"name": "sheih-tai.com",
			"type": "Domain",
			"graph_name": "sheih-tai.com",
			"page": -1
		},
		"foshanheyi_com": {
			"id": "foshanheyi_com",
			"name": "foshanheyi.com",
			"type": "Domain",
			"graph_name": "foshanheyi.com_金融类_涉黄_涉枪_涉赌",
			"page": -1,
			"title": "佛山市南海区禾溢塑料制品有限公司;;北京法制观察_弘扬法治精神,创建法制文明的和谐社会",
			"industry": "金融类_涉黄_涉枪_涉赌",
			"is_alive": true,
			"has_chinese": true,
			"is_geo_chinese": true,
			"is_geo_chinese_mainland": false
		},
		"shwcff_com": {
			"id": "shwcff_com",
			"name": "shwcff.com",
			"type": "Domain",
			"graph_name": "shwcff.com",
			"page": -1
		},
		"www_shwcff_com": {
			"id": "www_shwcff_com",
			"name": "www.shwcff.com",
			"type": "Domain",
			"graph_name": "www.shwcff.com",
			"page": -1
		},
		"lzxpc_com": {
			"id": "lzxpc_com",
			"name": "lzxpc.com",
			"type": "Domain",
			"graph_name": "lzxpc.com",
			"page": -1
		},
		"yonggangjiaju_com": {
			"id": "yonggangjiaju_com",
			"name": "yonggangjiaju.com",
			"type": "Domain",
			"graph_name": "yonggangjiaju.com",
			"page": -1
		},
		"yzshdsg_com": {
			"id": "yzshdsg_com",
			"name": "yzshdsg.com",
			"type": "Domain",
			"graph_name": "yzshdsg.com",
			"page": -1
		},
		"www_lzxpc_com": {
			"id": "www_lzxpc_com",
			"name": "www.lzxpc.com",
			"type": "Domain",
			"graph_name": "www.lzxpc.com",
			"page": -1
		},
		"www_yzshdsg_com": {
			"id": "www_yzshdsg_com",
			"name": "www.yzshdsg.com",
			"type": "Domain",
			"graph_name": "www.yzshdsg.com",
			"page": -1
		},
		"www_bolarzonix_com": {
			"id": "www_bolarzonix_com",
			"name": "www.bolarzonix.com",
			"type": "Domain",
			"graph_name": "www.bolarzonix.com",
			"page": -1
		},
		"pengkoutea_com": {
			"id": "pengkoutea_com",
			"name": "pengkoutea.com",
			"type": "Domain",
			"graph_name": "pengkoutea.com",
			"page": -1
		},
		"liveinyq_com": {
			"id": "liveinyq_com",
			"name": "liveinyq.com",
			"type": "Domain",
			"graph_name": "liveinyq.com",
			"page": -1
		},
		"www_liveinyq_com": {
			"id": "www_liveinyq_com",
			"name": "www.liveinyq.com",
			"type": "Domain",
			"graph_name": "www.liveinyq.com",
			"page": -1
		},
		"kuyod_com": {
			"id": "kuyod_com",
			"name": "kuyod.com",
			"type": "Domain",
			"graph_name": "kuyod.com",
			"page": -1
		},
		"www_kuyod_com": {
			"id": "www_kuyod_com",
			"name": "www.kuyod.com",
			"type": "Domain",
			"graph_name": "www.kuyod.com",
			"page": -1
		},
		"whjmdq_com": {
			"id": "whjmdq_com",
			"name": "whjmdq.com",
			"type": "Domain",
			"graph_name": "whjmdq.com",
			"page": -1
		},
		"www_renaihk_com": {
			"id": "www_renaihk_com",
			"name": "www.renaihk.com",
			"type": "Domain",
			"graph_name": "www.renaihk.com",
			"page": -1
		},
		"tchtyx_com": {
			"id": "tchtyx_com",
			"name": "tchtyx.com",
			"type": "Domain",
			"graph_name": "tchtyx.com",
			"page": -1
		},
		"www_3-zxmss_com": {
			"id": "www_3-zxmss_com",
			"name": "www.3-zxmss.com",
			"type": "Domain",
			"graph_name": "www.3-zxmss.com",
			"page": -1
		},
		"sqswdq_com": {
			"id": "sqswdq_com",
			"name": "sqswdq.com",
			"type": "Domain",
			"graph_name": "sqswdq.com",
			"page": -1
		},
		"www_gywuage_com": {
			"id": "www_gywuage_com",
			"name": "www.gywuage.com",
			"type": "Domain",
			"graph_name": "www.gywuage.com",
			"page": -1
		},
		"gywuage_com": {
			"id": "gywuage_com",
			"name": "gywuage.com",
			"type": "Domain",
			"graph_name": "gywuage.com_金融类_涉黄_涉枪_涉赌",
			"page": -1,
			"title": ";;中舆快讯_传递正能量的新闻资讯平台",
			"industry": "金融类_涉黄_涉枪_涉赌",
			"is_alive": true,
			"has_chinese": true,
			"is_geo_chinese": false,
			"is_geo_chinese_mainland": false
		},
		"172_255_124_232": {
			"id": "172_255_124_232",
			"name": "172.255.124.232",
			"type": "IP",
			"graph_name": "172.255.124.232",
			"is_cdn": false,
			"page": -1,
			"country": "美国",
			"province": "加利福尼亚州",
			"city": "圣何塞",
			"isp": "leaseweb.com"
		},
		"szkuyaju_com": {
			"id": "szkuyaju_com",
			"name": "szkuyaju.com",
			"type": "Domain",
			"graph_name": "szkuyaju.com",
			"page": -1
		},
		"3-zxmss_com": {
			"id": "3-zxmss_com",
			"name": "3-zxmss.com",
			"type": "Domain",
			"graph_name": "3-zxmss.com_金融类_涉黄_涉枪_涉赌",
			"page": -1,
			"title": "宁波优莱降阻材料有限公司;;中舆快讯_传递正能量的新闻资讯平台",
			"industry": "金融类_涉黄_涉枪_涉赌",
			"is_alive": true,
			"has_chinese": true,
			"is_geo_chinese": false,
			"is_geo_chinese_mainland": false
		},
		"154_219_216_176": {
			"id": "154_219_216_176",
			"name": "154.219.216.176",
			"type": "IP",
			"graph_name": "154.219.216.176",
			"is_cdn": false,
			"page": -1,
			"country": "美国",
			"province": "加利福尼亚州",
			"city": "圣何塞",
			"isp": "cloudinnovation.org"
		},
		"www_szkuyaju_com": {
			"id": "www_szkuyaju_com",
			"name": "www.szkuyaju.com",
			"type": "Domain",
			"graph_name": "www.szkuyaju.com",
			"page": -1
		},
		"7fc8c5263f0826b13eed1639957cef03f65964464e5b666b3eb3505696bbc73e": {
			"id": "7fc8c5263f0826b13eed1639957cef03f65964464e5b666b3eb3505696bbc73e",
			"name": "7fc8c5263f0826b13eed1639957cef03f65964464e5b666b3eb3505696bbc73e",
			"type": "Cert_SHA256",
			"graph_name": "7fc8c5263f0826b13eed1639957cef03f65964464e5b666b3eb3505696bbc73e",
			"page": 0
		},
		"www_sheih-tai_com": {
			"id": "www_sheih-tai_com",
			"name": "www.sheih-tai.com",
			"type": "Domain",
			"graph_name": "www.sheih-tai.com",
			"page": -1
		},
		"www_foshanheyi_com": {
			"id": "www_foshanheyi_com",
			"name": "www.foshanheyi.com",
			"type": "Domain",
			"graph_name": "www.foshanheyi.com",
			"page": -1
		},
		"www_yonggangjiaju_com": {
			"id": "www_yonggangjiaju_com",
			"name": "www.yonggangjiaju.com",
			"type": "Domain",
			"graph_name": "www.yonggangjiaju.com",
			"page": -1
		},
		"bolarzonix_com": {
			"id": "bolarzonix_com",
			"name": "bolarzonix.com",
			"type": "Domain",
			"graph_name": "bolarzonix.com_金融类_涉黄_涉枪_涉赌",
			"page": -1,
			"title": "北京博朗中讯科技有限公司;;北京法制观察_弘扬法治精神,创建法制文明的和谐社会",
			"industry": "金融类_涉黄_涉枪_涉赌",
			"is_alive": true,
			"has_chinese": true,
			"is_geo_chinese": true,
			"is_geo_chinese_mainland": false
		},
		"www_pengkoutea_com": {
			"id": "www_pengkoutea_com",
			"name": "www.pengkoutea.com",
			"type": "Domain",
			"graph_name": "www.pengkoutea.com",
			"page": -1
		},
		"www_whjmdq_com": {
			"id": "www_whjmdq_com",
			"name": "www.whjmdq.com",
			"type": "Domain",
			"graph_name": "www.whjmdq.com",
			"page": -1
		},
		"renaihk_com": {
			"id": "renaihk_com",
			"name": "renaihk.com",
			"type": "Domain",
			"graph_name": "renaihk.com",
			"page": -1
		},
		"www_tchtyx_com": {
			"id": "www_tchtyx_com",
			"name": "www.tchtyx.com",
			"type": "Domain",
			"graph_name": "www.tchtyx.com",
			"page": -1
		},
		"www_sqswdq_com": {
			"id": "www_sqswdq_com",
			"name": "www.sqswdq.com",
			"type": "Domain",
			"graph_name": "www.sqswdq.com",
			"page": -1
		},
		"pjxhbaby_com": {
			"id": "pjxhbaby_com",
			"name": "pjxhbaby.com",
			"type": "Domain",
			"graph_name": "pjxhbaby.com",
			"page": -1
		},
		"fanbosong_com": {
			"id": "fanbosong_com",
			"name": "fanbosong.com",
			"type": "Domain",
			"graph_name": "fanbosong.com_金融类_涉黄_涉枪_涉赌",
			"page": -1,
			"title": ";北京范伯松律师事务所;北京法制观察_弘扬法治精神,创建法制文明的和谐社会",
			"industry": "金融类_涉黄_涉枪_涉赌",
			"is_alive": true,
			"has_chinese": true,
			"is_geo_chinese": true,
			"is_geo_chinese_mainland": false
		},
		"www_xweipuxin_com": {
			"id": "www_xweipuxin_com",
			"name": "www.xweipuxin.com",
			"type": "Domain",
			"graph_name": "www.xweipuxin.com",
			"page": -1
		},
		"qdaimeier_com": {
			"id": "qdaimeier_com",
			"name": "qdaimeier.com",
			"type": "Domain",
			"graph_name": "qdaimeier.com",
			"page": -1
		},
		"szsikin_com": {
			"id": "szsikin_com",
			"name": "szsikin.com",
			"type": "Domain",
			"graph_name": "szsikin.com",
			"page": -1
		},
		"rsjcsb_com": {
			"id": "rsjcsb_com",
			"name": "rsjcsb.com",
			"type": "Domain",
			"graph_name": "rsjcsb.com",
			"page": -1
		},
		"www_rsjcsb_com": {
			"id": "www_rsjcsb_com",
			"name": "www.rsjcsb.com",
			"type": "Domain",
			"graph_name": "www.rsjcsb.com",
			"page": -1
		},
		"www_fanbosong_com": {
			"id": "www_fanbosong_com",
			"name": "www.fanbosong.com",
			"type": "Domain",
			"graph_name": "www.fanbosong.com",
			"page": -1
		},
		"www_pjsyssy_com": {
			"id": "www_pjsyssy_com",
			"name": "www.pjsyssy.com",
			"type": "Domain",
			"graph_name": "www.pjsyssy.com",
			"page": -1
		},
		"www_gyqhpiano_com": {
			"id": "www_gyqhpiano_com",
			"name": "www.gyqhpiano.com",
			"type": "Domain",
			"graph_name": "www.gyqhpiano.com",
			"page": -1
		},
		"gyqhpiano_com": {
			"id": "gyqhpiano_com",
			"name": "gyqhpiano.com",
			"type": "Domain",
			"graph_name": "gyqhpiano.com_金融类_涉黄_涉枪_涉赌",
			"page": -1,
			"title": ";北京法制观察_弘扬法治精神,创建法制文明的和谐社会;国乐琴行欢迎您",
			"industry": "金融类_涉黄_涉枪_涉赌",
			"is_alive": true,
			"has_chinese": true,
			"is_geo_chinese": true,
			"is_geo_chinese_mainland": false
		},
		"ekroten_com": {
			"id": "ekroten_com",
			"name": "ekroten.com",
			"type": "Domain",
			"graph_name": "ekroten.com_金融类_涉黄_涉枪_涉赌",
			"page": -1,
			"title": ";波派中国商城;北京法制观察_弘扬法治精神,创建法制文明的和谐社会",
			"industry": "金融类_涉黄_涉枪_涉赌",
			"is_alive": true,
			"has_chinese": true,
			"is_geo_chinese": true,
			"is_geo_chinese_mainland": false
		},
		"zbapples_com": {
			"id": "zbapples_com",
			"name": "zbapples.com",
			"type": "Domain",
			"graph_name": "zbapples.com",
			"page": -1
		},
		"www_sd58tuan_com": {
			"id": "www_sd58tuan_com",
			"name": "www.sd58tuan.com",
			"type": "Domain",
			"graph_name": "www.sd58tuan.com",
			"page": -1
		},
		"sd58tuan_com": {
			"id": "sd58tuan_com",
			"name": "sd58tuan.com",
			"type": "Domain",
			"graph_name": "sd58tuan.com",
			"page": -1
		},
		"jsgypfb_com": {
			"id": "jsgypfb_com",
			"name": "jsgypfb.com",
			"type": "Domain",
			"graph_name": "jsgypfb.com",
			"page": -1
		},
		"www_jsgypfb_com": {
			"id": "www_jsgypfb_com",
			"name": "www.jsgypfb.com",
			"type": "Domain",
			"graph_name": "www.jsgypfb.com",
			"page": -1
		},
		"hongdabeef_com": {
			"id": "hongdabeef_com",
			"name": "hongdabeef.com",
			"type": "Domain",
			"graph_name": "hongdabeef.com_金融类_涉黄_涉枪_涉赌",
			"page": -1,
			"title": "北京弘达忠信冻品行|牛肉系列|羊肉系列|海产品及其它;;北京法制观察_弘扬法治精神,创建法制文明的和谐社会",
			"industry": "金融类_涉黄_涉枪_涉赌",
			"is_alive": true,
			"has_chinese": true,
			"is_geo_chinese": true,
			"is_geo_chinese_mainland": false
		},
		"www_hongdabeef_com": {
			"id": "www_hongdabeef_com",
			"name": "www.hongdabeef.com",
			"type": "Domain",
			"graph_name": "www.hongdabeef.com",
			"page": -1
		},
		"www_fuwutea_com": {
			"id": "www_fuwutea_com",
			"name": "www.fuwutea.com",
			"type": "Domain",
			"graph_name": "www.fuwutea.com",
			"page": -1
		},
		"www_pjxhbaby_com": {
			"id": "www_pjxhbaby_com",
			"name": "www.pjxhbaby.com",
			"type": "Domain",
			"graph_name": "www.pjxhbaby.com",
			"page": -1
		},
		"xweipuxin_com": {
			"id": "xweipuxin_com",
			"name": "xweipuxin.com",
			"type": "Domain",
			"graph_name": "xweipuxin.com",
			"page": -1
		},
		"www_qdaimeier_com": {
			"id": "www_qdaimeier_com",
			"name": "www.qdaimeier.com",
			"type": "Domain",
			"graph_name": "www.qdaimeier.com",
			"page": -1
		},
		"www_szsikin_com": {
			"id": "www_szsikin_com",
			"name": "www.szsikin.com",
			"type": "Domain",
			"graph_name": "www.szsikin.com",
			"page": -1
		},
		"pjsyssy_com": {
			"id": "pjsyssy_com",
			"name": "pjsyssy.com",
			"type": "Domain",
			"graph_name": "pjsyssy.com",
			"page": -1
		},
		"www_ekroten_com": {
			"id": "www_ekroten_com",
			"name": "www.ekroten.com",
			"type": "Domain",
			"graph_name": "www.ekroten.com",
			"page": -1
		},
		"www_zbapples_com": {
			"id": "www_zbapples_com",
			"name": "www.zbapples.com",
			"type": "Domain",
			"graph_name": "www.zbapples.com",
			"page": -1
		},
		"fuwutea_com": {
			"id": "fuwutea_com",
			"name": "fuwutea.com",
			"type": "Domain",
			"graph_name": "fuwutea.com_金融类_涉黄_涉枪_涉赌",
			"page": -1,
			"title": "福吴铁观音制茶世家;;北京法制观察_弘扬法治精神,创建法制文明的和谐社会",
			"industry": "金融类_涉黄_涉枪_涉赌",
			"is_alive": true,
			"has_chinese": true,
			"is_geo_chinese": true,
			"is_geo_chinese_mainland": false
		},
		"sddhjssy_com": {
			"id": "sddhjssy_com",
			"name": "sddhjssy.com",
			"type": "Domain",
			"graph_name": "sddhjssy.com",
			"page": -1
		},
		"lpaxc_com": {
			"id": "lpaxc_com",
			"name": "lpaxc.com",
			"type": "Domain",
			"graph_name": "lpaxc.com",
			"page": -1
		},
		"www_lpaxc_com": {
			"id": "www_lpaxc_com",
			"name": "www.lpaxc.com",
			"type": "Domain",
			"graph_name": "www.lpaxc.com",
			"page": -1
		},
		"www_sxldtex_com": {
			"id": "www_sxldtex_com",
			"name": "www.sxldtex.com",
			"type": "Domain",
			"graph_name": "www.sxldtex.com",
			"page": -1
		},
		"honglibearing_com": {
			"id": "honglibearing_com",
			"name": "honglibearing.com",
			"type": "Domain",
			"graph_name": "honglibearing.com_金融类_涉黄_涉枪_涉赌",
			"page": -1,
			"title": ";新昌县红利机械有限公司;北京法制观察_弘扬法治精神,创建法制文明的和谐社会",
			"industry": "金融类_涉黄_涉枪_涉赌",
			"is_alive": true,
			"has_chinese": true,
			"is_geo_chinese": true,
			"is_geo_chinese_mainland": false
		},
		"www_honglibearing_com": {
			"id": "www_honglibearing_com",
			"name": "www.honglibearing.com",
			"type": "Domain",
			"graph_name": "www.honglibearing.com",
			"page": -1
		},
		"www_yyjml_com": {
			"id": "www_yyjml_com",
			"name": "www.yyjml.com",
			"type": "Domain",
			"graph_name": "www.yyjml.com",
			"page": -1
		},
		"yyjml_com": {
			"id": "yyjml_com",
			"name": "yyjml.com",
			"type": "Domain",
			"graph_name": "yyjml.com",
			"page": -1
		},
		"mainzszrhy_com": {
			"id": "mainzszrhy_com",
			"name": "mainzszrhy.com",
			"type": "Domain",
			"graph_name": "mainzszrhy.com",
			"page": -1
		},
		"hooopad_com": {
			"id": "hooopad_com",
			"name": "hooopad.com",
			"type": "Domain",
			"graph_name": "hooopad.com_金融类_涉黄_涉枪_涉赌",
			"page": -1,
			"title": ";鸿普广告策划;北京法制观察_弘扬法治精神,创建法制文明的和谐社会",
			"industry": "金融类_涉黄_涉枪_涉赌",
			"is_alive": true,
			"has_chinese": true,
			"is_geo_chinese": true,
			"is_geo_chinese_mainland": false
		},
		"lanxin08_com": {
			"id": "lanxin08_com",
			"name": "lanxin08.com",
			"type": "Domain",
			"graph_name": "lanxin08.com",
			"page": -1
		},
		"www_hooopad_com": {
			"id": "www_hooopad_com",
			"name": "www.hooopad.com",
			"type": "Domain",
			"graph_name": "www.hooopad.com",
			"page": -1
		},
		"www_sddhjssy_com": {
			"id": "www_sddhjssy_com",
			"name": "www.sddhjssy.com",
			"type": "Domain",
			"graph_name": "www.sddhjssy.com",
			"page": -1
		},
		"sxldtex_com": {
			"id": "sxldtex_com",
			"name": "sxldtex.com",
			"type": "Domain",
			"graph_name": "sxldtex.com",
			"page": -1
		},
		"www_lanxin08_com": {
			"id": "www_lanxin08_com",
			"name": "www.lanxin08.com",
			"type": "Domain",
			"graph_name": "www.lanxin08.com",
			"page": -1
		},
		"whanjiahe_com": {
			"id": "whanjiahe_com",
			"name": "whanjiahe.com",
			"type": "Domain",
			"graph_name": "whanjiahe.com",
			"page": -1
		},
		"www_whanjiahe_com": {
			"id": "www_whanjiahe_com",
			"name": "www.whanjiahe.com",
			"type": "Domain",
			"graph_name": "www.whanjiahe.com",
			"page": -1
		},
		"cnyhsd_com": {
			"id": "cnyhsd_com",
			"name": "cnyhsd.com",
			"type": "Domain",
			"graph_name": "cnyhsd.com_金融类_涉黄_涉枪_涉赌",
			"page": -1,
			"title": ";北京法制观察_弘扬法治精神,创建法制文明的和谐社会;宁波易汇水电基础工程有限公司",
			"industry": "金融类_涉黄_涉枪_涉赌",
			"is_alive": true,
			"has_chinese": true,
			"is_geo_chinese": true,
			"is_geo_chinese_mainland": false
		},
		"nfcultrue_com": {
			"id": "nfcultrue_com",
			"name": "nfcultrue.com",
			"type": "Domain",
			"graph_name": "nfcultrue.com",
			"page": -1
		},
		"apruitai_com": {
			"id": "apruitai_com",
			"name": "apruitai.com",
			"type": "Domain",
			"graph_name": "apruitai.com_金融类_涉黄_涉枪_涉赌",
			"page": -1,
			"title": "安平县瑞泰金属制品有限公司;;北京法制观察_弘扬法治精神,创建法制文明的和谐社会",
			"industry": "金融类_涉黄_涉枪_涉赌",
			"is_alive": true,
			"has_chinese": true,
			"is_geo_chinese": true,
			"is_geo_chinese_mainland": false
		},
		"www_nfcultrue_com": {
			"id": "www_nfcultrue_com",
			"name": "www.nfcultrue.com",
			"type": "Domain",
			"graph_name": "www.nfcultrue.com",
			"page": -1
		},
		"xlsddgg_com": {
			"id": "xlsddgg_com",
			"name": "xlsddgg.com",
			"type": "Domain",
			"graph_name": "xlsddgg.com",
			"page": -1
		},
		"www_xlsddgg_com": {
			"id": "www_xlsddgg_com",
			"name": "www.xlsddgg.com",
			"type": "Domain",
			"graph_name": "www.xlsddgg.com",
			"page": -1
		},
		"www_szhs001_com": {
			"id": "www_szhs001_com",
			"name": "www.szhs001.com",
			"type": "Domain",
			"graph_name": "www.szhs001.com",
			"page": -1
		},
		"szhs001_com": {
			"id": "szhs001_com",
			"name": "szhs001.com",
			"type": "Domain",
			"graph_name": "szhs001.com",
			"page": -1
		},
		"www_cnyhsd_com": {
			"id": "www_cnyhsd_com",
			"name": "www.cnyhsd.com",
			"type": "Domain",
			"graph_name": "www.cnyhsd.com",
			"page": -1
		},
		"www_apruitai_com": {
			"id": "www_apruitai_com",
			"name": "www.apruitai.com",
			"type": "Domain",
			"graph_name": "www.apruitai.com",
			"page": -1
		},
		"www_mainzszrhy_com": {
			"id": "www_mainzszrhy_com",
			"name": "www.mainzszrhy.com",
			"type": "Domain",
			"graph_name": "www.mainzszrhy.com",
			"page": -1
		}
	},
	"links": {
		"6652258.com_www.6652258.com": {
			"id": "6652258.com_www.6652258.com",
			"relation": "r_subdomain",
			"source": "6652258.com",
			"target": "www.6652258.com"
		},
		"6652258.com_5.180.97.54": {
			"id": "6652258.com_5.180.97.54",
			"relation": "r_dns_a",
			"source": "6652258.com",
			"target": "5.180.97.54"
		},
		"6652258.com_2a8cd6062e0ae1cbf435766d6ea0e4c269047ccc074c29a7499aa92790929d2c": {
			"id": "6652258.com_2a8cd6062e0ae1cbf435766d6ea0e4c269047ccc074c29a7499aa92790929d2c",
			"relation": "r_cert",
			"source": "6652258.com",
			"target": "2a8cd6062e0ae1cbf435766d6ea0e4c269047ccc074c29a7499aa92790929d2c"
		},
		"6652258.com_5_180_97_54": {
			"id": "6652258.com_5_180_97_54",
			"relation": "r_dns_a",
			"source": "6652258.com",
			"target": "5.180.97.54"
		},
		"www.6652258.com_5.180.97.54": {
			"id": "www.6652258.com_5.180.97.54",
			"relation": "r_dns_a",
			"source": "www.6652258.com",
			"target": "5.180.97.54"
		},
		"www.6652258.com_2a8cd6062e0ae1cbf435766d6ea0e4c269047ccc074c29a7499aa92790929d2c": {
			"id": "www.6652258.com_2a8cd6062e0ae1cbf435766d6ea0e4c269047ccc074c29a7499aa92790929d2c",
			"relation": "r_cert",
			"source": "www.6652258.com",
			"target": "2a8cd6062e0ae1cbf435766d6ea0e4c269047ccc074c29a7499aa92790929d2c"
		},
		"www.cntradeca-lnsy.com_5.180.97.54": {
			"id": "www.cntradeca-lnsy.com_5.180.97.54",
			"relation": "r_dns_a",
			"source": "www.cntradeca-lnsy.com",
			"target": "5.180.97.54"
		},
		"cntradeca-lnsy.com_5.180.97.54": {
			"id": "cntradeca-lnsy.com_5.180.97.54",
			"relation": "r_dns_a",
			"source": "cntradeca-lnsy.com",
			"target": "5.180.97.54"
		},
		"jinyuanguolu.com_5.180.97.54": {
			"id": "jinyuanguolu.com_5.180.97.54",
			"relation": "r_dns_a",
			"source": "jinyuanguolu.com",
			"target": "5.180.97.54"
		},
		"www.www-toutiao.com_5.180.97.54": {
			"id": "www.www-toutiao.com_5.180.97.54",
			"relation": "r_dns_a",
			"source": "www.www-toutiao.com",
			"target": "5.180.97.54"
		},
		"www-toutiao.com_5.180.97.54": {
			"id": "www-toutiao.com_5.180.97.54",
			"relation": "r_dns_a",
			"source": "www-toutiao.com",
			"target": "5.180.97.54"
		},
		"www.dlzhanpengcaiban.com_5.180.97.54": {
			"id": "www.dlzhanpengcaiban.com_5.180.97.54",
			"relation": "r_dns_a",
			"source": "www.dlzhanpengcaiban.com",
			"target": "5.180.97.54"
		},
		"dlzhanpengcaiban.com_5.180.97.54": {
			"id": "dlzhanpengcaiban.com_5.180.97.54",
			"relation": "r_dns_a",
			"source": "dlzhanpengcaiban.com",
			"target": "5.180.97.54"
		},
		"nksgh.com_5.180.97.54": {
			"id": "nksgh.com_5.180.97.54",
			"relation": "r_dns_a",
			"source": "nksgh.com",
			"target": "5.180.97.54"
		},
		"www.nksgh.com_5.180.97.54": {
			"id": "www.nksgh.com_5.180.97.54",
			"relation": "r_dns_a",
			"source": "www.nksgh.com",
			"target": "5.180.97.54"
		},
		"www.leivein.com_5.180.97.54": {
			"id": "www.leivein.com_5.180.97.54",
			"relation": "r_dns_a",
			"source": "www.leivein.com",
			"target": "5.180.97.54"
		},
		"leivein.com_5.180.97.54": {
			"id": "leivein.com_5.180.97.54",
			"relation": "r_dns_a",
			"source": "leivein.com",
			"target": "5.180.97.54"
		},
		"www.haoxiezi123.com_5.180.97.54": {
			"id": "www.haoxiezi123.com_5.180.97.54",
			"relation": "r_dns_a",
			"source": "www.haoxiezi123.com",
			"target": "5.180.97.54"
		},
		"www.jinyuanguolu.com_5.180.97.54": {
			"id": "www.jinyuanguolu.com_5.180.97.54",
			"relation": "r_dns_a",
			"source": "www.jinyuanguolu.com",
			"target": "5.180.97.54"
		},
		"haoxiezi123.com_5.180.97.54": {
			"id": "haoxiezi123.com_5.180.97.54",
			"relation": "r_dns_a",
			"source": "haoxiezi123.com",
			"target": "5.180.97.54"
		},
		"5.180.97.54_AS55933": {
			"id": "5.180.97.54_AS55933",
			"relation": "r_asn",
			"source": "5.180.97.54",
			"target": "AS55933"
		},
		"haoxiezi123.com_164_155_177_189": {
			"id": "haoxiezi123.com_164_155_177_189",
			"relation": "r_dns_a",
			"source": "haoxiezi123.com",
			"target": "164.155.177.189"
		},
		"cntradeca-lnsy.com_www.cntradeca-lnsy.com": {
			"id": "cntradeca-lnsy.com_www.cntradeca-lnsy.com",
			"relation": "r_subdomain",
			"source": "cntradeca-lnsy.com",
			"target": "www.cntradeca-lnsy.com"
		},
		"www.cntradeca-lnsy.com_1155719eac3d2567d2d00602b93994d81401e8c26215c09e5cb74ef228bcd206": {
			"id": "www.cntradeca-lnsy.com_1155719eac3d2567d2d00602b93994d81401e8c26215c09e5cb74ef228bcd206",
			"relation": "r_cert",
			"source": "www.cntradeca-lnsy.com",
			"target": "1155719eac3d2567d2d00602b93994d81401e8c26215c09e5cb74ef228bcd206"
		},
		"cntradeca-lnsy.com_1155719eac3d2567d2d00602b93994d81401e8c26215c09e5cb74ef228bcd206": {
			"id": "cntradeca-lnsy.com_1155719eac3d2567d2d00602b93994d81401e8c26215c09e5cb74ef228bcd206",
			"relation": "r_cert",
			"source": "cntradeca-lnsy.com",
			"target": "1155719eac3d2567d2d00602b93994d81401e8c26215c09e5cb74ef228bcd206"
		},
		"jinyuanguolu.com_www.jinyuanguolu.com": {
			"id": "jinyuanguolu.com_www.jinyuanguolu.com",
			"relation": "r_subdomain",
			"source": "jinyuanguolu.com",
			"target": "www.jinyuanguolu.com"
		},
		"jinyuanguolu.com_2a8cd6062e0ae1cbf435766d6ea0e4c269047ccc074c29a7499aa92790929d2c": {
			"id": "jinyuanguolu.com_2a8cd6062e0ae1cbf435766d6ea0e4c269047ccc074c29a7499aa92790929d2c",
			"relation": "r_cert",
			"source": "jinyuanguolu.com",
			"target": "2a8cd6062e0ae1cbf435766d6ea0e4c269047ccc074c29a7499aa92790929d2c"
		},
		"www-toutiao.com_www.www-toutiao.com": {
			"id": "www-toutiao.com_www.www-toutiao.com",
			"relation": "r_subdomain",
			"source": "www-toutiao.com",
			"target": "www.www-toutiao.com"
		},
		"www.www-toutiao.com_1155719eac3d2567d2d00602b93994d81401e8c26215c09e5cb74ef228bcd206": {
			"id": "www.www-toutiao.com_1155719eac3d2567d2d00602b93994d81401e8c26215c09e5cb74ef228bcd206",
			"relation": "r_cert",
			"source": "www.www-toutiao.com",
			"target": "1155719eac3d2567d2d00602b93994d81401e8c26215c09e5cb74ef228bcd206"
		},
		"www-toutiao.com_1155719eac3d2567d2d00602b93994d81401e8c26215c09e5cb74ef228bcd206": {
			"id": "www-toutiao.com_1155719eac3d2567d2d00602b93994d81401e8c26215c09e5cb74ef228bcd206",
			"relation": "r_cert",
			"source": "www-toutiao.com",
			"target": "1155719eac3d2567d2d00602b93994d81401e8c26215c09e5cb74ef228bcd206"
		},
		"dlzhanpengcaiban.com_www.dlzhanpengcaiban.com": {
			"id": "dlzhanpengcaiban.com_www.dlzhanpengcaiban.com",
			"relation": "r_subdomain",
			"source": "dlzhanpengcaiban.com",
			"target": "www.dlzhanpengcaiban.com"
		},
		"www.dlzhanpengcaiban.com_1155719eac3d2567d2d00602b93994d81401e8c26215c09e5cb74ef228bcd206": {
			"id": "www.dlzhanpengcaiban.com_1155719eac3d2567d2d00602b93994d81401e8c26215c09e5cb74ef228bcd206",
			"relation": "r_cert",
			"source": "www.dlzhanpengcaiban.com",
			"target": "1155719eac3d2567d2d00602b93994d81401e8c26215c09e5cb74ef228bcd206"
		},
		"dlzhanpengcaiban.com_1155719eac3d2567d2d00602b93994d81401e8c26215c09e5cb74ef228bcd206": {
			"id": "dlzhanpengcaiban.com_1155719eac3d2567d2d00602b93994d81401e8c26215c09e5cb74ef228bcd206",
			"relation": "r_cert",
			"source": "dlzhanpengcaiban.com",
			"target": "1155719eac3d2567d2d00602b93994d81401e8c26215c09e5cb74ef228bcd206"
		},
		"nksgh.com_www.nksgh.com": {
			"id": "nksgh.com_www.nksgh.com",
			"relation": "r_subdomain",
			"source": "nksgh.com",
			"target": "www.nksgh.com"
		},
		"nksgh.com_1155719eac3d2567d2d00602b93994d81401e8c26215c09e5cb74ef228bcd206": {
			"id": "nksgh.com_1155719eac3d2567d2d00602b93994d81401e8c26215c09e5cb74ef228bcd206",
			"relation": "r_cert",
			"source": "nksgh.com",
			"target": "1155719eac3d2567d2d00602b93994d81401e8c26215c09e5cb74ef228bcd206"
		},
		"www.nksgh.com_1155719eac3d2567d2d00602b93994d81401e8c26215c09e5cb74ef228bcd206": {
			"id": "www.nksgh.com_1155719eac3d2567d2d00602b93994d81401e8c26215c09e5cb74ef228bcd206",
			"relation": "r_cert",
			"source": "www.nksgh.com",
			"target": "1155719eac3d2567d2d00602b93994d81401e8c26215c09e5cb74ef228bcd206"
		},
		"leivein.com_www.leivein.com": {
			"id": "leivein.com_www.leivein.com",
			"relation": "r_subdomain",
			"source": "leivein.com",
			"target": "www.leivein.com"
		},
		"www.leivein.com_1155719eac3d2567d2d00602b93994d81401e8c26215c09e5cb74ef228bcd206": {
			"id": "www.leivein.com_1155719eac3d2567d2d00602b93994d81401e8c26215c09e5cb74ef228bcd206",
			"relation": "r_cert",
			"source": "www.leivein.com",
			"target": "1155719eac3d2567d2d00602b93994d81401e8c26215c09e5cb74ef228bcd206"
		},
		"leivein.com_1155719eac3d2567d2d00602b93994d81401e8c26215c09e5cb74ef228bcd206": {
			"id": "leivein.com_1155719eac3d2567d2d00602b93994d81401e8c26215c09e5cb74ef228bcd206",
			"relation": "r_cert",
			"source": "leivein.com",
			"target": "1155719eac3d2567d2d00602b93994d81401e8c26215c09e5cb74ef228bcd206"
		},
		"haoxiezi123.com_www.haoxiezi123.com": {
			"id": "haoxiezi123.com_www.haoxiezi123.com",
			"relation": "r_subdomain",
			"source": "haoxiezi123.com",
			"target": "www.haoxiezi123.com"
		},
		"www.haoxiezi123.com_2a8cd6062e0ae1cbf435766d6ea0e4c269047ccc074c29a7499aa92790929d2c": {
			"id": "www.haoxiezi123.com_2a8cd6062e0ae1cbf435766d6ea0e4c269047ccc074c29a7499aa92790929d2c",
			"relation": "r_cert",
			"source": "www.haoxiezi123.com",
			"target": "2a8cd6062e0ae1cbf435766d6ea0e4c269047ccc074c29a7499aa92790929d2c"
		},
		"www.jinyuanguolu.com_2a8cd6062e0ae1cbf435766d6ea0e4c269047ccc074c29a7499aa92790929d2c": {
			"id": "www.jinyuanguolu.com_2a8cd6062e0ae1cbf435766d6ea0e4c269047ccc074c29a7499aa92790929d2c",
			"relation": "r_cert",
			"source": "www.jinyuanguolu.com",
			"target": "2a8cd6062e0ae1cbf435766d6ea0e4c269047ccc074c29a7499aa92790929d2c"
		},
		"haoxiezi123.com_2a8cd6062e0ae1cbf435766d6ea0e4c269047ccc074c29a7499aa92790929d2c": {
			"id": "haoxiezi123.com_2a8cd6062e0ae1cbf435766d6ea0e4c269047ccc074c29a7499aa92790929d2c",
			"relation": "r_cert",
			"source": "haoxiezi123.com",
			"target": "2a8cd6062e0ae1cbf435766d6ea0e4c269047ccc074c29a7499aa92790929d2c"
		},
		"cntradeca-lnsy.com_5_180_97_54": {
			"id": "cntradeca-lnsy.com_5_180_97_54",
			"relation": "r_dns_a",
			"source": "cntradeca-lnsy.com",
			"target": "5.180.97.54"
		},
		"sheih-tai.com_2a8cd6062e0ae1cbf435766d6ea0e4c269047ccc074c29a7499aa92790929d2c": {
			"id": "sheih-tai.com_2a8cd6062e0ae1cbf435766d6ea0e4c269047ccc074c29a7499aa92790929d2c",
			"relation": "r_cert",
			"source": "sheih-tai.com",
			"target": "2a8cd6062e0ae1cbf435766d6ea0e4c269047ccc074c29a7499aa92790929d2c"
		},
		"foshanheyi.com_2a8cd6062e0ae1cbf435766d6ea0e4c269047ccc074c29a7499aa92790929d2c": {
			"id": "foshanheyi.com_2a8cd6062e0ae1cbf435766d6ea0e4c269047ccc074c29a7499aa92790929d2c",
			"relation": "r_cert",
			"source": "foshanheyi.com",
			"target": "2a8cd6062e0ae1cbf435766d6ea0e4c269047ccc074c29a7499aa92790929d2c"
		},
		"shwcff.com_2a8cd6062e0ae1cbf435766d6ea0e4c269047ccc074c29a7499aa92790929d2c": {
			"id": "shwcff.com_2a8cd6062e0ae1cbf435766d6ea0e4c269047ccc074c29a7499aa92790929d2c",
			"relation": "r_cert",
			"source": "shwcff.com",
			"target": "2a8cd6062e0ae1cbf435766d6ea0e4c269047ccc074c29a7499aa92790929d2c"
		},
		"www.shwcff.com_2a8cd6062e0ae1cbf435766d6ea0e4c269047ccc074c29a7499aa92790929d2c": {
			"id": "www.shwcff.com_2a8cd6062e0ae1cbf435766d6ea0e4c269047ccc074c29a7499aa92790929d2c",
			"relation": "r_cert",
			"source": "www.shwcff.com",
			"target": "2a8cd6062e0ae1cbf435766d6ea0e4c269047ccc074c29a7499aa92790929d2c"
		},
		"lzxpc.com_2a8cd6062e0ae1cbf435766d6ea0e4c269047ccc074c29a7499aa92790929d2c": {
			"id": "lzxpc.com_2a8cd6062e0ae1cbf435766d6ea0e4c269047ccc074c29a7499aa92790929d2c",
			"relation": "r_cert",
			"source": "lzxpc.com",
			"target": "2a8cd6062e0ae1cbf435766d6ea0e4c269047ccc074c29a7499aa92790929d2c"
		},
		"yonggangjiaju.com_2a8cd6062e0ae1cbf435766d6ea0e4c269047ccc074c29a7499aa92790929d2c": {
			"id": "yonggangjiaju.com_2a8cd6062e0ae1cbf435766d6ea0e4c269047ccc074c29a7499aa92790929d2c",
			"relation": "r_cert",
			"source": "yonggangjiaju.com",
			"target": "2a8cd6062e0ae1cbf435766d6ea0e4c269047ccc074c29a7499aa92790929d2c"
		},
		"yzshdsg.com_2a8cd6062e0ae1cbf435766d6ea0e4c269047ccc074c29a7499aa92790929d2c": {
			"id": "yzshdsg.com_2a8cd6062e0ae1cbf435766d6ea0e4c269047ccc074c29a7499aa92790929d2c",
			"relation": "r_cert",
			"source": "yzshdsg.com",
			"target": "2a8cd6062e0ae1cbf435766d6ea0e4c269047ccc074c29a7499aa92790929d2c"
		},
		"www.lzxpc.com_2a8cd6062e0ae1cbf435766d6ea0e4c269047ccc074c29a7499aa92790929d2c": {
			"id": "www.lzxpc.com_2a8cd6062e0ae1cbf435766d6ea0e4c269047ccc074c29a7499aa92790929d2c",
			"relation": "r_cert",
			"source": "www.lzxpc.com",
			"target": "2a8cd6062e0ae1cbf435766d6ea0e4c269047ccc074c29a7499aa92790929d2c"
		},
		"www.yzshdsg.com_2a8cd6062e0ae1cbf435766d6ea0e4c269047ccc074c29a7499aa92790929d2c": {
			"id": "www.yzshdsg.com_2a8cd6062e0ae1cbf435766d6ea0e4c269047ccc074c29a7499aa92790929d2c",
			"relation": "r_cert",
			"source": "www.yzshdsg.com",
			"target": "2a8cd6062e0ae1cbf435766d6ea0e4c269047ccc074c29a7499aa92790929d2c"
		},
		"www.bolarzonix.com_2a8cd6062e0ae1cbf435766d6ea0e4c269047ccc074c29a7499aa92790929d2c": {
			"id": "www.bolarzonix.com_2a8cd6062e0ae1cbf435766d6ea0e4c269047ccc074c29a7499aa92790929d2c",
			"relation": "r_cert",
			"source": "www.bolarzonix.com",
			"target": "2a8cd6062e0ae1cbf435766d6ea0e4c269047ccc074c29a7499aa92790929d2c"
		},
		"pengkoutea.com_2a8cd6062e0ae1cbf435766d6ea0e4c269047ccc074c29a7499aa92790929d2c": {
			"id": "pengkoutea.com_2a8cd6062e0ae1cbf435766d6ea0e4c269047ccc074c29a7499aa92790929d2c",
			"relation": "r_cert",
			"source": "pengkoutea.com",
			"target": "2a8cd6062e0ae1cbf435766d6ea0e4c269047ccc074c29a7499aa92790929d2c"
		},
		"liveinyq.com_2a8cd6062e0ae1cbf435766d6ea0e4c269047ccc074c29a7499aa92790929d2c": {
			"id": "liveinyq.com_2a8cd6062e0ae1cbf435766d6ea0e4c269047ccc074c29a7499aa92790929d2c",
			"relation": "r_cert",
			"source": "liveinyq.com",
			"target": "2a8cd6062e0ae1cbf435766d6ea0e4c269047ccc074c29a7499aa92790929d2c"
		},
		"www.liveinyq.com_2a8cd6062e0ae1cbf435766d6ea0e4c269047ccc074c29a7499aa92790929d2c": {
			"id": "www.liveinyq.com_2a8cd6062e0ae1cbf435766d6ea0e4c269047ccc074c29a7499aa92790929d2c",
			"relation": "r_cert",
			"source": "www.liveinyq.com",
			"target": "2a8cd6062e0ae1cbf435766d6ea0e4c269047ccc074c29a7499aa92790929d2c"
		},
		"kuyod.com_2a8cd6062e0ae1cbf435766d6ea0e4c269047ccc074c29a7499aa92790929d2c": {
			"id": "kuyod.com_2a8cd6062e0ae1cbf435766d6ea0e4c269047ccc074c29a7499aa92790929d2c",
			"relation": "r_cert",
			"source": "kuyod.com",
			"target": "2a8cd6062e0ae1cbf435766d6ea0e4c269047ccc074c29a7499aa92790929d2c"
		},
		"www.kuyod.com_2a8cd6062e0ae1cbf435766d6ea0e4c269047ccc074c29a7499aa92790929d2c": {
			"id": "www.kuyod.com_2a8cd6062e0ae1cbf435766d6ea0e4c269047ccc074c29a7499aa92790929d2c",
			"relation": "r_cert",
			"source": "www.kuyod.com",
			"target": "2a8cd6062e0ae1cbf435766d6ea0e4c269047ccc074c29a7499aa92790929d2c"
		},
		"whjmdq.com_2a8cd6062e0ae1cbf435766d6ea0e4c269047ccc074c29a7499aa92790929d2c": {
			"id": "whjmdq.com_2a8cd6062e0ae1cbf435766d6ea0e4c269047ccc074c29a7499aa92790929d2c",
			"relation": "r_cert",
			"source": "whjmdq.com",
			"target": "2a8cd6062e0ae1cbf435766d6ea0e4c269047ccc074c29a7499aa92790929d2c"
		},
		"www.renaihk.com_2a8cd6062e0ae1cbf435766d6ea0e4c269047ccc074c29a7499aa92790929d2c": {
			"id": "www.renaihk.com_2a8cd6062e0ae1cbf435766d6ea0e4c269047ccc074c29a7499aa92790929d2c",
			"relation": "r_cert",
			"source": "www.renaihk.com",
			"target": "2a8cd6062e0ae1cbf435766d6ea0e4c269047ccc074c29a7499aa92790929d2c"
		},
		"tchtyx.com_2a8cd6062e0ae1cbf435766d6ea0e4c269047ccc074c29a7499aa92790929d2c": {
			"id": "tchtyx.com_2a8cd6062e0ae1cbf435766d6ea0e4c269047ccc074c29a7499aa92790929d2c",
			"relation": "r_cert",
			"source": "tchtyx.com",
			"target": "2a8cd6062e0ae1cbf435766d6ea0e4c269047ccc074c29a7499aa92790929d2c"
		},
		"www.3-zxmss.com_1155719eac3d2567d2d00602b93994d81401e8c26215c09e5cb74ef228bcd206": {
			"id": "www.3-zxmss.com_1155719eac3d2567d2d00602b93994d81401e8c26215c09e5cb74ef228bcd206",
			"relation": "r_cert",
			"source": "www.3-zxmss.com",
			"target": "1155719eac3d2567d2d00602b93994d81401e8c26215c09e5cb74ef228bcd206"
		},
		"sqswdq.com_1155719eac3d2567d2d00602b93994d81401e8c26215c09e5cb74ef228bcd206": {
			"id": "sqswdq.com_1155719eac3d2567d2d00602b93994d81401e8c26215c09e5cb74ef228bcd206",
			"relation": "r_cert",
			"source": "sqswdq.com",
			"target": "1155719eac3d2567d2d00602b93994d81401e8c26215c09e5cb74ef228bcd206"
		},
		"www.gywuage.com_1155719eac3d2567d2d00602b93994d81401e8c26215c09e5cb74ef228bcd206": {
			"id": "www.gywuage.com_1155719eac3d2567d2d00602b93994d81401e8c26215c09e5cb74ef228bcd206",
			"relation": "r_cert",
			"source": "www.gywuage.com",
			"target": "1155719eac3d2567d2d00602b93994d81401e8c26215c09e5cb74ef228bcd206"
		},
		"gywuage.com_1155719eac3d2567d2d00602b93994d81401e8c26215c09e5cb74ef228bcd206": {
			"id": "gywuage.com_1155719eac3d2567d2d00602b93994d81401e8c26215c09e5cb74ef228bcd206",
			"relation": "r_cert",
			"source": "gywuage.com",
			"target": "1155719eac3d2567d2d00602b93994d81401e8c26215c09e5cb74ef228bcd206"
		},
		"szkuyaju.com_1155719eac3d2567d2d00602b93994d81401e8c26215c09e5cb74ef228bcd206": {
			"id": "szkuyaju.com_1155719eac3d2567d2d00602b93994d81401e8c26215c09e5cb74ef228bcd206",
			"relation": "r_cert",
			"source": "szkuyaju.com",
			"target": "1155719eac3d2567d2d00602b93994d81401e8c26215c09e5cb74ef228bcd206"
		},
		"3-zxmss.com_1155719eac3d2567d2d00602b93994d81401e8c26215c09e5cb74ef228bcd206": {
			"id": "3-zxmss.com_1155719eac3d2567d2d00602b93994d81401e8c26215c09e5cb74ef228bcd206",
			"relation": "r_cert",
			"source": "3-zxmss.com",
			"target": "1155719eac3d2567d2d00602b93994d81401e8c26215c09e5cb74ef228bcd206"
		},
		"www.szkuyaju.com_1155719eac3d2567d2d00602b93994d81401e8c26215c09e5cb74ef228bcd206": {
			"id": "www.szkuyaju.com_1155719eac3d2567d2d00602b93994d81401e8c26215c09e5cb74ef228bcd206",
			"relation": "r_cert",
			"source": "www.szkuyaju.com",
			"target": "1155719eac3d2567d2d00602b93994d81401e8c26215c09e5cb74ef228bcd206"
		},
		"1155719eac3d2567d2d00602b93994d81401e8c26215c09e5cb74ef228bcd206_7fc8c5263f0826b13eed1639957cef03f65964464e5b666b3eb3505696bbc73e": {
			"id": "1155719eac3d2567d2d00602b93994d81401e8c26215c09e5cb74ef228bcd206_7fc8c5263f0826b13eed1639957cef03f65964464e5b666b3eb3505696bbc73e",
			"relation": "r_certchain",
			"source": "1155719eac3d2567d2d00602b93994d81401e8c26215c09e5cb74ef228bcd206",
			"target": "7fc8c5263f0826b13eed1639957cef03f65964464e5b666b3eb3505696bbc73e"
		},
		"gywuage.com_172_255_124_232": {
			"id": "gywuage.com_172_255_124_232",
			"relation": "r_dns_a",
			"source": "gywuage.com",
			"target": "172.255.124.232"
		},
		"3-zxmss.com_154_219_216_176": {
			"id": "3-zxmss.com_154_219_216_176",
			"relation": "r_dns_a",
			"source": "3-zxmss.com",
			"target": "154.219.216.176"
		},
		"sheih-tai.com_www.sheih-tai.com": {
			"id": "sheih-tai.com_www.sheih-tai.com",
			"relation": "r_subdomain",
			"source": "sheih-tai.com",
			"target": "www.sheih-tai.com"
		},
		"foshanheyi.com_www.foshanheyi.com": {
			"id": "foshanheyi.com_www.foshanheyi.com",
			"relation": "r_subdomain",
			"source": "foshanheyi.com",
			"target": "www.foshanheyi.com"
		},
		"shwcff.com_www.shwcff.com": {
			"id": "shwcff.com_www.shwcff.com",
			"relation": "r_subdomain",
			"source": "shwcff.com",
			"target": "www.shwcff.com"
		},
		"lzxpc.com_www.lzxpc.com": {
			"id": "lzxpc.com_www.lzxpc.com",
			"relation": "r_subdomain",
			"source": "lzxpc.com",
			"target": "www.lzxpc.com"
		},
		"yonggangjiaju.com_www.yonggangjiaju.com": {
			"id": "yonggangjiaju.com_www.yonggangjiaju.com",
			"relation": "r_subdomain",
			"source": "yonggangjiaju.com",
			"target": "www.yonggangjiaju.com"
		},
		"yzshdsg.com_www.yzshdsg.com": {
			"id": "yzshdsg.com_www.yzshdsg.com",
			"relation": "r_subdomain",
			"source": "yzshdsg.com",
			"target": "www.yzshdsg.com"
		},
		"bolarzonix.com_www.bolarzonix.com": {
			"id": "bolarzonix.com_www.bolarzonix.com",
			"relation": "r_subdomain",
			"source": "bolarzonix.com",
			"target": "www.bolarzonix.com"
		},
		"pengkoutea.com_www.pengkoutea.com": {
			"id": "pengkoutea.com_www.pengkoutea.com",
			"relation": "r_subdomain",
			"source": "pengkoutea.com",
			"target": "www.pengkoutea.com"
		},
		"liveinyq.com_www.liveinyq.com": {
			"id": "liveinyq.com_www.liveinyq.com",
			"relation": "r_subdomain",
			"source": "liveinyq.com",
			"target": "www.liveinyq.com"
		},
		"kuyod.com_www.kuyod.com": {
			"id": "kuyod.com_www.kuyod.com",
			"relation": "r_subdomain",
			"source": "kuyod.com",
			"target": "www.kuyod.com"
		},
		"whjmdq.com_www.whjmdq.com": {
			"id": "whjmdq.com_www.whjmdq.com",
			"relation": "r_subdomain",
			"source": "whjmdq.com",
			"target": "www.whjmdq.com"
		},
		"renaihk.com_www.renaihk.com": {
			"id": "renaihk.com_www.renaihk.com",
			"relation": "r_subdomain",
			"source": "renaihk.com",
			"target": "www.renaihk.com"
		},
		"tchtyx.com_www.tchtyx.com": {
			"id": "tchtyx.com_www.tchtyx.com",
			"relation": "r_subdomain",
			"source": "tchtyx.com",
			"target": "www.tchtyx.com"
		},
		"3-zxmss.com_www.3-zxmss.com": {
			"id": "3-zxmss.com_www.3-zxmss.com",
			"relation": "r_subdomain",
			"source": "3-zxmss.com",
			"target": "www.3-zxmss.com"
		},
		"sqswdq.com_www.sqswdq.com": {
			"id": "sqswdq.com_www.sqswdq.com",
			"relation": "r_subdomain",
			"source": "sqswdq.com",
			"target": "www.sqswdq.com"
		},
		"foshanheyi.com_5_180_97_54": {
			"id": "foshanheyi.com_5_180_97_54",
			"relation": "r_dns_a",
			"source": "foshanheyi.com",
			"target": "5.180.97.54"
		},
		"gywuage.com_www.gywuage.com": {
			"id": "gywuage.com_www.gywuage.com",
			"relation": "r_subdomain",
			"source": "gywuage.com",
			"target": "www.gywuage.com"
		},
		"szkuyaju.com_www.szkuyaju.com": {
			"id": "szkuyaju.com_www.szkuyaju.com",
			"relation": "r_subdomain",
			"source": "szkuyaju.com",
			"target": "www.szkuyaju.com"
		},
		"www.sheih-tai.com_2a8cd6062e0ae1cbf435766d6ea0e4c269047ccc074c29a7499aa92790929d2c": {
			"id": "www.sheih-tai.com_2a8cd6062e0ae1cbf435766d6ea0e4c269047ccc074c29a7499aa92790929d2c",
			"relation": "r_cert",
			"source": "www.sheih-tai.com",
			"target": "2a8cd6062e0ae1cbf435766d6ea0e4c269047ccc074c29a7499aa92790929d2c"
		},
		"www.foshanheyi.com_2a8cd6062e0ae1cbf435766d6ea0e4c269047ccc074c29a7499aa92790929d2c": {
			"id": "www.foshanheyi.com_2a8cd6062e0ae1cbf435766d6ea0e4c269047ccc074c29a7499aa92790929d2c",
			"relation": "r_cert",
			"source": "www.foshanheyi.com",
			"target": "2a8cd6062e0ae1cbf435766d6ea0e4c269047ccc074c29a7499aa92790929d2c"
		},
		"www.yonggangjiaju.com_2a8cd6062e0ae1cbf435766d6ea0e4c269047ccc074c29a7499aa92790929d2c": {
			"id": "www.yonggangjiaju.com_2a8cd6062e0ae1cbf435766d6ea0e4c269047ccc074c29a7499aa92790929d2c",
			"relation": "r_cert",
			"source": "www.yonggangjiaju.com",
			"target": "2a8cd6062e0ae1cbf435766d6ea0e4c269047ccc074c29a7499aa92790929d2c"
		},
		"bolarzonix.com_2a8cd6062e0ae1cbf435766d6ea0e4c269047ccc074c29a7499aa92790929d2c": {
			"id": "bolarzonix.com_2a8cd6062e0ae1cbf435766d6ea0e4c269047ccc074c29a7499aa92790929d2c",
			"relation": "r_cert",
			"source": "bolarzonix.com",
			"target": "2a8cd6062e0ae1cbf435766d6ea0e4c269047ccc074c29a7499aa92790929d2c"
		},
		"www.pengkoutea.com_2a8cd6062e0ae1cbf435766d6ea0e4c269047ccc074c29a7499aa92790929d2c": {
			"id": "www.pengkoutea.com_2a8cd6062e0ae1cbf435766d6ea0e4c269047ccc074c29a7499aa92790929d2c",
			"relation": "r_cert",
			"source": "www.pengkoutea.com",
			"target": "2a8cd6062e0ae1cbf435766d6ea0e4c269047ccc074c29a7499aa92790929d2c"
		},
		"renaihk.com_2a8cd6062e0ae1cbf435766d6ea0e4c269047ccc074c29a7499aa92790929d2c": {
			"id": "renaihk.com_2a8cd6062e0ae1cbf435766d6ea0e4c269047ccc074c29a7499aa92790929d2c",
			"relation": "r_cert",
			"source": "renaihk.com",
			"target": "2a8cd6062e0ae1cbf435766d6ea0e4c269047ccc074c29a7499aa92790929d2c"
		},
		"www.tchtyx.com_2a8cd6062e0ae1cbf435766d6ea0e4c269047ccc074c29a7499aa92790929d2c": {
			"id": "www.tchtyx.com_2a8cd6062e0ae1cbf435766d6ea0e4c269047ccc074c29a7499aa92790929d2c",
			"relation": "r_cert",
			"source": "www.tchtyx.com",
			"target": "2a8cd6062e0ae1cbf435766d6ea0e4c269047ccc074c29a7499aa92790929d2c"
		},
		"pjxhbaby.com_2a8cd6062e0ae1cbf435766d6ea0e4c269047ccc074c29a7499aa92790929d2c": {
			"id": "pjxhbaby.com_2a8cd6062e0ae1cbf435766d6ea0e4c269047ccc074c29a7499aa92790929d2c",
			"relation": "r_cert",
			"source": "pjxhbaby.com",
			"target": "2a8cd6062e0ae1cbf435766d6ea0e4c269047ccc074c29a7499aa92790929d2c"
		},
		"fanbosong.com_2a8cd6062e0ae1cbf435766d6ea0e4c269047ccc074c29a7499aa92790929d2c": {
			"id": "fanbosong.com_2a8cd6062e0ae1cbf435766d6ea0e4c269047ccc074c29a7499aa92790929d2c",
			"relation": "r_cert",
			"source": "fanbosong.com",
			"target": "2a8cd6062e0ae1cbf435766d6ea0e4c269047ccc074c29a7499aa92790929d2c"
		},
		"www.xweipuxin.com_2a8cd6062e0ae1cbf435766d6ea0e4c269047ccc074c29a7499aa92790929d2c": {
			"id": "www.xweipuxin.com_2a8cd6062e0ae1cbf435766d6ea0e4c269047ccc074c29a7499aa92790929d2c",
			"relation": "r_cert",
			"source": "www.xweipuxin.com",
			"target": "2a8cd6062e0ae1cbf435766d6ea0e4c269047ccc074c29a7499aa92790929d2c"
		},
		"qdaimeier.com_2a8cd6062e0ae1cbf435766d6ea0e4c269047ccc074c29a7499aa92790929d2c": {
			"id": "qdaimeier.com_2a8cd6062e0ae1cbf435766d6ea0e4c269047ccc074c29a7499aa92790929d2c",
			"relation": "r_cert",
			"source": "qdaimeier.com",
			"target": "2a8cd6062e0ae1cbf435766d6ea0e4c269047ccc074c29a7499aa92790929d2c"
		},
		"szsikin.com_2a8cd6062e0ae1cbf435766d6ea0e4c269047ccc074c29a7499aa92790929d2c": {
			"id": "szsikin.com_2a8cd6062e0ae1cbf435766d6ea0e4c269047ccc074c29a7499aa92790929d2c",
			"relation": "r_cert",
			"source": "szsikin.com",
			"target": "2a8cd6062e0ae1cbf435766d6ea0e4c269047ccc074c29a7499aa92790929d2c"
		},
		"rsjcsb.com_2a8cd6062e0ae1cbf435766d6ea0e4c269047ccc074c29a7499aa92790929d2c": {
			"id": "rsjcsb.com_2a8cd6062e0ae1cbf435766d6ea0e4c269047ccc074c29a7499aa92790929d2c",
			"relation": "r_cert",
			"source": "rsjcsb.com",
			"target": "2a8cd6062e0ae1cbf435766d6ea0e4c269047ccc074c29a7499aa92790929d2c"
		},
		"www.rsjcsb.com_2a8cd6062e0ae1cbf435766d6ea0e4c269047ccc074c29a7499aa92790929d2c": {
			"id": "www.rsjcsb.com_2a8cd6062e0ae1cbf435766d6ea0e4c269047ccc074c29a7499aa92790929d2c",
			"relation": "r_cert",
			"source": "www.rsjcsb.com",
			"target": "2a8cd6062e0ae1cbf435766d6ea0e4c269047ccc074c29a7499aa92790929d2c"
		},
		"www.fanbosong.com_2a8cd6062e0ae1cbf435766d6ea0e4c269047ccc074c29a7499aa92790929d2c": {
			"id": "www.fanbosong.com_2a8cd6062e0ae1cbf435766d6ea0e4c269047ccc074c29a7499aa92790929d2c",
			"relation": "r_cert",
			"source": "www.fanbosong.com",
			"target": "2a8cd6062e0ae1cbf435766d6ea0e4c269047ccc074c29a7499aa92790929d2c"
		},
		"www.pjsyssy.com_2a8cd6062e0ae1cbf435766d6ea0e4c269047ccc074c29a7499aa92790929d2c": {
			"id": "www.pjsyssy.com_2a8cd6062e0ae1cbf435766d6ea0e4c269047ccc074c29a7499aa92790929d2c",
			"relation": "r_cert",
			"source": "www.pjsyssy.com",
			"target": "2a8cd6062e0ae1cbf435766d6ea0e4c269047ccc074c29a7499aa92790929d2c"
		},
		"www.gyqhpiano.com_2a8cd6062e0ae1cbf435766d6ea0e4c269047ccc074c29a7499aa92790929d2c": {
			"id": "www.gyqhpiano.com_2a8cd6062e0ae1cbf435766d6ea0e4c269047ccc074c29a7499aa92790929d2c",
			"relation": "r_cert",
			"source": "www.gyqhpiano.com",
			"target": "2a8cd6062e0ae1cbf435766d6ea0e4c269047ccc074c29a7499aa92790929d2c"
		},
		"gyqhpiano.com_2a8cd6062e0ae1cbf435766d6ea0e4c269047ccc074c29a7499aa92790929d2c": {
			"id": "gyqhpiano.com_2a8cd6062e0ae1cbf435766d6ea0e4c269047ccc074c29a7499aa92790929d2c",
			"relation": "r_cert",
			"source": "gyqhpiano.com",
			"target": "2a8cd6062e0ae1cbf435766d6ea0e4c269047ccc074c29a7499aa92790929d2c"
		},
		"ekroten.com_2a8cd6062e0ae1cbf435766d6ea0e4c269047ccc074c29a7499aa92790929d2c": {
			"id": "ekroten.com_2a8cd6062e0ae1cbf435766d6ea0e4c269047ccc074c29a7499aa92790929d2c",
			"relation": "r_cert",
			"source": "ekroten.com",
			"target": "2a8cd6062e0ae1cbf435766d6ea0e4c269047ccc074c29a7499aa92790929d2c"
		},
		"zbapples.com_2a8cd6062e0ae1cbf435766d6ea0e4c269047ccc074c29a7499aa92790929d2c": {
			"id": "zbapples.com_2a8cd6062e0ae1cbf435766d6ea0e4c269047ccc074c29a7499aa92790929d2c",
			"relation": "r_cert",
			"source": "zbapples.com",
			"target": "2a8cd6062e0ae1cbf435766d6ea0e4c269047ccc074c29a7499aa92790929d2c"
		},
		"www.sd58tuan.com_2a8cd6062e0ae1cbf435766d6ea0e4c269047ccc074c29a7499aa92790929d2c": {
			"id": "www.sd58tuan.com_2a8cd6062e0ae1cbf435766d6ea0e4c269047ccc074c29a7499aa92790929d2c",
			"relation": "r_cert",
			"source": "www.sd58tuan.com",
			"target": "2a8cd6062e0ae1cbf435766d6ea0e4c269047ccc074c29a7499aa92790929d2c"
		},
		"sd58tuan.com_2a8cd6062e0ae1cbf435766d6ea0e4c269047ccc074c29a7499aa92790929d2c": {
			"id": "sd58tuan.com_2a8cd6062e0ae1cbf435766d6ea0e4c269047ccc074c29a7499aa92790929d2c",
			"relation": "r_cert",
			"source": "sd58tuan.com",
			"target": "2a8cd6062e0ae1cbf435766d6ea0e4c269047ccc074c29a7499aa92790929d2c"
		},
		"jsgypfb.com_2a8cd6062e0ae1cbf435766d6ea0e4c269047ccc074c29a7499aa92790929d2c": {
			"id": "jsgypfb.com_2a8cd6062e0ae1cbf435766d6ea0e4c269047ccc074c29a7499aa92790929d2c",
			"relation": "r_cert",
			"source": "jsgypfb.com",
			"target": "2a8cd6062e0ae1cbf435766d6ea0e4c269047ccc074c29a7499aa92790929d2c"
		},
		"www.jsgypfb.com_2a8cd6062e0ae1cbf435766d6ea0e4c269047ccc074c29a7499aa92790929d2c": {
			"id": "www.jsgypfb.com_2a8cd6062e0ae1cbf435766d6ea0e4c269047ccc074c29a7499aa92790929d2c",
			"relation": "r_cert",
			"source": "www.jsgypfb.com",
			"target": "2a8cd6062e0ae1cbf435766d6ea0e4c269047ccc074c29a7499aa92790929d2c"
		},
		"hongdabeef.com_2a8cd6062e0ae1cbf435766d6ea0e4c269047ccc074c29a7499aa92790929d2c": {
			"id": "hongdabeef.com_2a8cd6062e0ae1cbf435766d6ea0e4c269047ccc074c29a7499aa92790929d2c",
			"relation": "r_cert",
			"source": "hongdabeef.com",
			"target": "2a8cd6062e0ae1cbf435766d6ea0e4c269047ccc074c29a7499aa92790929d2c"
		},
		"www.hongdabeef.com_2a8cd6062e0ae1cbf435766d6ea0e4c269047ccc074c29a7499aa92790929d2c": {
			"id": "www.hongdabeef.com_2a8cd6062e0ae1cbf435766d6ea0e4c269047ccc074c29a7499aa92790929d2c",
			"relation": "r_cert",
			"source": "www.hongdabeef.com",
			"target": "2a8cd6062e0ae1cbf435766d6ea0e4c269047ccc074c29a7499aa92790929d2c"
		},
		"www.fuwutea.com_2a8cd6062e0ae1cbf435766d6ea0e4c269047ccc074c29a7499aa92790929d2c": {
			"id": "www.fuwutea.com_2a8cd6062e0ae1cbf435766d6ea0e4c269047ccc074c29a7499aa92790929d2c",
			"relation": "r_cert",
			"source": "www.fuwutea.com",
			"target": "2a8cd6062e0ae1cbf435766d6ea0e4c269047ccc074c29a7499aa92790929d2c"
		},
		"fanbosong.com_5_180_97_54": {
			"id": "fanbosong.com_5_180_97_54",
			"relation": "r_dns_a",
			"source": "fanbosong.com",
			"target": "5.180.97.54"
		},
		"pjxhbaby.com_www.pjxhbaby.com": {
			"id": "pjxhbaby.com_www.pjxhbaby.com",
			"relation": "r_subdomain",
			"source": "pjxhbaby.com",
			"target": "www.pjxhbaby.com"
		},
		"fanbosong.com_www.fanbosong.com": {
			"id": "fanbosong.com_www.fanbosong.com",
			"relation": "r_subdomain",
			"source": "fanbosong.com",
			"target": "www.fanbosong.com"
		},
		"xweipuxin.com_www.xweipuxin.com": {
			"id": "xweipuxin.com_www.xweipuxin.com",
			"relation": "r_subdomain",
			"source": "xweipuxin.com",
			"target": "www.xweipuxin.com"
		},
		"qdaimeier.com_www.qdaimeier.com": {
			"id": "qdaimeier.com_www.qdaimeier.com",
			"relation": "r_subdomain",
			"source": "qdaimeier.com",
			"target": "www.qdaimeier.com"
		},
		"szsikin.com_www.szsikin.com": {
			"id": "szsikin.com_www.szsikin.com",
			"relation": "r_subdomain",
			"source": "szsikin.com",
			"target": "www.szsikin.com"
		},
		"rsjcsb.com_www.rsjcsb.com": {
			"id": "rsjcsb.com_www.rsjcsb.com",
			"relation": "r_subdomain",
			"source": "rsjcsb.com",
			"target": "www.rsjcsb.com"
		},
		"pjsyssy.com_www.pjsyssy.com": {
			"id": "pjsyssy.com_www.pjsyssy.com",
			"relation": "r_subdomain",
			"source": "pjsyssy.com",
			"target": "www.pjsyssy.com"
		},
		"gyqhpiano.com_www.gyqhpiano.com": {
			"id": "gyqhpiano.com_www.gyqhpiano.com",
			"relation": "r_subdomain",
			"source": "gyqhpiano.com",
			"target": "www.gyqhpiano.com"
		},
		"ekroten.com_www.ekroten.com": {
			"id": "ekroten.com_www.ekroten.com",
			"relation": "r_subdomain",
			"source": "ekroten.com",
			"target": "www.ekroten.com"
		},
		"zbapples.com_www.zbapples.com": {
			"id": "zbapples.com_www.zbapples.com",
			"relation": "r_subdomain",
			"source": "zbapples.com",
			"target": "www.zbapples.com"
		},
		"sd58tuan.com_www.sd58tuan.com": {
			"id": "sd58tuan.com_www.sd58tuan.com",
			"relation": "r_subdomain",
			"source": "sd58tuan.com",
			"target": "www.sd58tuan.com"
		},
		"jsgypfb.com_www.jsgypfb.com": {
			"id": "jsgypfb.com_www.jsgypfb.com",
			"relation": "r_subdomain",
			"source": "jsgypfb.com",
			"target": "www.jsgypfb.com"
		},
		"hongdabeef.com_www.hongdabeef.com": {
			"id": "hongdabeef.com_www.hongdabeef.com",
			"relation": "r_subdomain",
			"source": "hongdabeef.com",
			"target": "www.hongdabeef.com"
		},
		"fuwutea.com_www.fuwutea.com": {
			"id": "fuwutea.com_www.fuwutea.com",
			"relation": "r_subdomain",
			"source": "fuwutea.com",
			"target": "www.fuwutea.com"
		},
		"www.pjxhbaby.com_2a8cd6062e0ae1cbf435766d6ea0e4c269047ccc074c29a7499aa92790929d2c": {
			"id": "www.pjxhbaby.com_2a8cd6062e0ae1cbf435766d6ea0e4c269047ccc074c29a7499aa92790929d2c",
			"relation": "r_cert",
			"source": "www.pjxhbaby.com",
			"target": "2a8cd6062e0ae1cbf435766d6ea0e4c269047ccc074c29a7499aa92790929d2c"
		},
		"www.qdaimeier.com_2a8cd6062e0ae1cbf435766d6ea0e4c269047ccc074c29a7499aa92790929d2c": {
			"id": "www.qdaimeier.com_2a8cd6062e0ae1cbf435766d6ea0e4c269047ccc074c29a7499aa92790929d2c",
			"relation": "r_cert",
			"source": "www.qdaimeier.com",
			"target": "2a8cd6062e0ae1cbf435766d6ea0e4c269047ccc074c29a7499aa92790929d2c"
		},
		"www.szsikin.com_2a8cd6062e0ae1cbf435766d6ea0e4c269047ccc074c29a7499aa92790929d2c": {
			"id": "www.szsikin.com_2a8cd6062e0ae1cbf435766d6ea0e4c269047ccc074c29a7499aa92790929d2c",
			"relation": "r_cert",
			"source": "www.szsikin.com",
			"target": "2a8cd6062e0ae1cbf435766d6ea0e4c269047ccc074c29a7499aa92790929d2c"
		},
		"pjsyssy.com_2a8cd6062e0ae1cbf435766d6ea0e4c269047ccc074c29a7499aa92790929d2c": {
			"id": "pjsyssy.com_2a8cd6062e0ae1cbf435766d6ea0e4c269047ccc074c29a7499aa92790929d2c",
			"relation": "r_cert",
			"source": "pjsyssy.com",
			"target": "2a8cd6062e0ae1cbf435766d6ea0e4c269047ccc074c29a7499aa92790929d2c"
		},
		"www.ekroten.com_2a8cd6062e0ae1cbf435766d6ea0e4c269047ccc074c29a7499aa92790929d2c": {
			"id": "www.ekroten.com_2a8cd6062e0ae1cbf435766d6ea0e4c269047ccc074c29a7499aa92790929d2c",
			"relation": "r_cert",
			"source": "www.ekroten.com",
			"target": "2a8cd6062e0ae1cbf435766d6ea0e4c269047ccc074c29a7499aa92790929d2c"
		},
		"www.zbapples.com_2a8cd6062e0ae1cbf435766d6ea0e4c269047ccc074c29a7499aa92790929d2c": {
			"id": "www.zbapples.com_2a8cd6062e0ae1cbf435766d6ea0e4c269047ccc074c29a7499aa92790929d2c",
			"relation": "r_cert",
			"source": "www.zbapples.com",
			"target": "2a8cd6062e0ae1cbf435766d6ea0e4c269047ccc074c29a7499aa92790929d2c"
		},
		"fuwutea.com_2a8cd6062e0ae1cbf435766d6ea0e4c269047ccc074c29a7499aa92790929d2c": {
			"id": "fuwutea.com_2a8cd6062e0ae1cbf435766d6ea0e4c269047ccc074c29a7499aa92790929d2c",
			"relation": "r_cert",
			"source": "fuwutea.com",
			"target": "2a8cd6062e0ae1cbf435766d6ea0e4c269047ccc074c29a7499aa92790929d2c"
		},
		"ekroten.com_5_180_97_54": {
			"id": "ekroten.com_5_180_97_54",
			"relation": "r_dns_a",
			"source": "ekroten.com",
			"target": "5.180.97.54"
		},
		"sddhjssy.com_2a8cd6062e0ae1cbf435766d6ea0e4c269047ccc074c29a7499aa92790929d2c": {
			"id": "sddhjssy.com_2a8cd6062e0ae1cbf435766d6ea0e4c269047ccc074c29a7499aa92790929d2c",
			"relation": "r_cert",
			"source": "sddhjssy.com",
			"target": "2a8cd6062e0ae1cbf435766d6ea0e4c269047ccc074c29a7499aa92790929d2c"
		},
		"lpaxc.com_2a8cd6062e0ae1cbf435766d6ea0e4c269047ccc074c29a7499aa92790929d2c": {
			"id": "lpaxc.com_2a8cd6062e0ae1cbf435766d6ea0e4c269047ccc074c29a7499aa92790929d2c",
			"relation": "r_cert",
			"source": "lpaxc.com",
			"target": "2a8cd6062e0ae1cbf435766d6ea0e4c269047ccc074c29a7499aa92790929d2c"
		},
		"www.lpaxc.com_2a8cd6062e0ae1cbf435766d6ea0e4c269047ccc074c29a7499aa92790929d2c": {
			"id": "www.lpaxc.com_2a8cd6062e0ae1cbf435766d6ea0e4c269047ccc074c29a7499aa92790929d2c",
			"relation": "r_cert",
			"source": "www.lpaxc.com",
			"target": "2a8cd6062e0ae1cbf435766d6ea0e4c269047ccc074c29a7499aa92790929d2c"
		},
		"www.sxldtex.com_2a8cd6062e0ae1cbf435766d6ea0e4c269047ccc074c29a7499aa92790929d2c": {
			"id": "www.sxldtex.com_2a8cd6062e0ae1cbf435766d6ea0e4c269047ccc074c29a7499aa92790929d2c",
			"relation": "r_cert",
			"source": "www.sxldtex.com",
			"target": "2a8cd6062e0ae1cbf435766d6ea0e4c269047ccc074c29a7499aa92790929d2c"
		},
		"honglibearing.com_2a8cd6062e0ae1cbf435766d6ea0e4c269047ccc074c29a7499aa92790929d2c": {
			"id": "honglibearing.com_2a8cd6062e0ae1cbf435766d6ea0e4c269047ccc074c29a7499aa92790929d2c",
			"relation": "r_cert",
			"source": "honglibearing.com",
			"target": "2a8cd6062e0ae1cbf435766d6ea0e4c269047ccc074c29a7499aa92790929d2c"
		},
		"www.honglibearing.com_2a8cd6062e0ae1cbf435766d6ea0e4c269047ccc074c29a7499aa92790929d2c": {
			"id": "www.honglibearing.com_2a8cd6062e0ae1cbf435766d6ea0e4c269047ccc074c29a7499aa92790929d2c",
			"relation": "r_cert",
			"source": "www.honglibearing.com",
			"target": "2a8cd6062e0ae1cbf435766d6ea0e4c269047ccc074c29a7499aa92790929d2c"
		},
		"www.yyjml.com_2a8cd6062e0ae1cbf435766d6ea0e4c269047ccc074c29a7499aa92790929d2c": {
			"id": "www.yyjml.com_2a8cd6062e0ae1cbf435766d6ea0e4c269047ccc074c29a7499aa92790929d2c",
			"relation": "r_cert",
			"source": "www.yyjml.com",
			"target": "2a8cd6062e0ae1cbf435766d6ea0e4c269047ccc074c29a7499aa92790929d2c"
		},
		"yyjml.com_2a8cd6062e0ae1cbf435766d6ea0e4c269047ccc074c29a7499aa92790929d2c": {
			"id": "yyjml.com_2a8cd6062e0ae1cbf435766d6ea0e4c269047ccc074c29a7499aa92790929d2c",
			"relation": "r_cert",
			"source": "yyjml.com",
			"target": "2a8cd6062e0ae1cbf435766d6ea0e4c269047ccc074c29a7499aa92790929d2c"
		},
		"mainzszrhy.com_2a8cd6062e0ae1cbf435766d6ea0e4c269047ccc074c29a7499aa92790929d2c": {
			"id": "mainzszrhy.com_2a8cd6062e0ae1cbf435766d6ea0e4c269047ccc074c29a7499aa92790929d2c",
			"relation": "r_cert",
			"source": "mainzszrhy.com",
			"target": "2a8cd6062e0ae1cbf435766d6ea0e4c269047ccc074c29a7499aa92790929d2c"
		},
		"hooopad.com_2a8cd6062e0ae1cbf435766d6ea0e4c269047ccc074c29a7499aa92790929d2c": {
			"id": "hooopad.com_2a8cd6062e0ae1cbf435766d6ea0e4c269047ccc074c29a7499aa92790929d2c",
			"relation": "r_cert",
			"source": "hooopad.com",
			"target": "2a8cd6062e0ae1cbf435766d6ea0e4c269047ccc074c29a7499aa92790929d2c"
		},
		"lanxin08.com_2a8cd6062e0ae1cbf435766d6ea0e4c269047ccc074c29a7499aa92790929d2c": {
			"id": "lanxin08.com_2a8cd6062e0ae1cbf435766d6ea0e4c269047ccc074c29a7499aa92790929d2c",
			"relation": "r_cert",
			"source": "lanxin08.com",
			"target": "2a8cd6062e0ae1cbf435766d6ea0e4c269047ccc074c29a7499aa92790929d2c"
		},
		"www.hooopad.com_2a8cd6062e0ae1cbf435766d6ea0e4c269047ccc074c29a7499aa92790929d2c": {
			"id": "www.hooopad.com_2a8cd6062e0ae1cbf435766d6ea0e4c269047ccc074c29a7499aa92790929d2c",
			"relation": "r_cert",
			"source": "www.hooopad.com",
			"target": "2a8cd6062e0ae1cbf435766d6ea0e4c269047ccc074c29a7499aa92790929d2c"
		},
		"honglibearing.com_5_180_97_54": {
			"id": "honglibearing.com_5_180_97_54",
			"relation": "r_dns_a",
			"source": "honglibearing.com",
			"target": "5.180.97.54"
		},
		"sddhjssy.com_www.sddhjssy.com": {
			"id": "sddhjssy.com_www.sddhjssy.com",
			"relation": "r_subdomain",
			"source": "sddhjssy.com",
			"target": "www.sddhjssy.com"
		},
		"lpaxc.com_www.lpaxc.com": {
			"id": "lpaxc.com_www.lpaxc.com",
			"relation": "r_subdomain",
			"source": "lpaxc.com",
			"target": "www.lpaxc.com"
		},
		"sxldtex.com_www.sxldtex.com": {
			"id": "sxldtex.com_www.sxldtex.com",
			"relation": "r_subdomain",
			"source": "sxldtex.com",
			"target": "www.sxldtex.com"
		},
		"honglibearing.com_www.honglibearing.com": {
			"id": "honglibearing.com_www.honglibearing.com",
			"relation": "r_subdomain",
			"source": "honglibearing.com",
			"target": "www.honglibearing.com"
		},
		"yyjml.com_www.yyjml.com": {
			"id": "yyjml.com_www.yyjml.com",
			"relation": "r_subdomain",
			"source": "yyjml.com",
			"target": "www.yyjml.com"
		},
		"hooopad.com_www.hooopad.com": {
			"id": "hooopad.com_www.hooopad.com",
			"relation": "r_subdomain",
			"source": "hooopad.com",
			"target": "www.hooopad.com"
		},
		"lanxin08.com_www.lanxin08.com": {
			"id": "lanxin08.com_www.lanxin08.com",
			"relation": "r_subdomain",
			"source": "lanxin08.com",
			"target": "www.lanxin08.com"
		},
		"www.sddhjssy.com_2a8cd6062e0ae1cbf435766d6ea0e4c269047ccc074c29a7499aa92790929d2c": {
			"id": "www.sddhjssy.com_2a8cd6062e0ae1cbf435766d6ea0e4c269047ccc074c29a7499aa92790929d2c",
			"relation": "r_cert",
			"source": "www.sddhjssy.com",
			"target": "2a8cd6062e0ae1cbf435766d6ea0e4c269047ccc074c29a7499aa92790929d2c"
		},
		"sxldtex.com_2a8cd6062e0ae1cbf435766d6ea0e4c269047ccc074c29a7499aa92790929d2c": {
			"id": "sxldtex.com_2a8cd6062e0ae1cbf435766d6ea0e4c269047ccc074c29a7499aa92790929d2c",
			"relation": "r_cert",
			"source": "sxldtex.com",
			"target": "2a8cd6062e0ae1cbf435766d6ea0e4c269047ccc074c29a7499aa92790929d2c"
		},
		"www.lanxin08.com_2a8cd6062e0ae1cbf435766d6ea0e4c269047ccc074c29a7499aa92790929d2c": {
			"id": "www.lanxin08.com_2a8cd6062e0ae1cbf435766d6ea0e4c269047ccc074c29a7499aa92790929d2c",
			"relation": "r_cert",
			"source": "www.lanxin08.com",
			"target": "2a8cd6062e0ae1cbf435766d6ea0e4c269047ccc074c29a7499aa92790929d2c"
		},
		"whanjiahe.com_2a8cd6062e0ae1cbf435766d6ea0e4c269047ccc074c29a7499aa92790929d2c": {
			"id": "whanjiahe.com_2a8cd6062e0ae1cbf435766d6ea0e4c269047ccc074c29a7499aa92790929d2c",
			"relation": "r_cert",
			"source": "whanjiahe.com",
			"target": "2a8cd6062e0ae1cbf435766d6ea0e4c269047ccc074c29a7499aa92790929d2c"
		},
		"www.whanjiahe.com_2a8cd6062e0ae1cbf435766d6ea0e4c269047ccc074c29a7499aa92790929d2c": {
			"id": "www.whanjiahe.com_2a8cd6062e0ae1cbf435766d6ea0e4c269047ccc074c29a7499aa92790929d2c",
			"relation": "r_cert",
			"source": "www.whanjiahe.com",
			"target": "2a8cd6062e0ae1cbf435766d6ea0e4c269047ccc074c29a7499aa92790929d2c"
		},
		"cnyhsd.com_2a8cd6062e0ae1cbf435766d6ea0e4c269047ccc074c29a7499aa92790929d2c": {
			"id": "cnyhsd.com_2a8cd6062e0ae1cbf435766d6ea0e4c269047ccc074c29a7499aa92790929d2c",
			"relation": "r_cert",
			"source": "cnyhsd.com",
			"target": "2a8cd6062e0ae1cbf435766d6ea0e4c269047ccc074c29a7499aa92790929d2c"
		},
		"nfcultrue.com_2a8cd6062e0ae1cbf435766d6ea0e4c269047ccc074c29a7499aa92790929d2c": {
			"id": "nfcultrue.com_2a8cd6062e0ae1cbf435766d6ea0e4c269047ccc074c29a7499aa92790929d2c",
			"relation": "r_cert",
			"source": "nfcultrue.com",
			"target": "2a8cd6062e0ae1cbf435766d6ea0e4c269047ccc074c29a7499aa92790929d2c"
		},
		"apruitai.com_2a8cd6062e0ae1cbf435766d6ea0e4c269047ccc074c29a7499aa92790929d2c": {
			"id": "apruitai.com_2a8cd6062e0ae1cbf435766d6ea0e4c269047ccc074c29a7499aa92790929d2c",
			"relation": "r_cert",
			"source": "apruitai.com",
			"target": "2a8cd6062e0ae1cbf435766d6ea0e4c269047ccc074c29a7499aa92790929d2c"
		},
		"www.nfcultrue.com_2a8cd6062e0ae1cbf435766d6ea0e4c269047ccc074c29a7499aa92790929d2c": {
			"id": "www.nfcultrue.com_2a8cd6062e0ae1cbf435766d6ea0e4c269047ccc074c29a7499aa92790929d2c",
			"relation": "r_cert",
			"source": "www.nfcultrue.com",
			"target": "2a8cd6062e0ae1cbf435766d6ea0e4c269047ccc074c29a7499aa92790929d2c"
		},
		"xlsddgg.com_2a8cd6062e0ae1cbf435766d6ea0e4c269047ccc074c29a7499aa92790929d2c": {
			"id": "xlsddgg.com_2a8cd6062e0ae1cbf435766d6ea0e4c269047ccc074c29a7499aa92790929d2c",
			"relation": "r_cert",
			"source": "xlsddgg.com",
			"target": "2a8cd6062e0ae1cbf435766d6ea0e4c269047ccc074c29a7499aa92790929d2c"
		},
		"www.xlsddgg.com_2a8cd6062e0ae1cbf435766d6ea0e4c269047ccc074c29a7499aa92790929d2c": {
			"id": "www.xlsddgg.com_2a8cd6062e0ae1cbf435766d6ea0e4c269047ccc074c29a7499aa92790929d2c",
			"relation": "r_cert",
			"source": "www.xlsddgg.com",
			"target": "2a8cd6062e0ae1cbf435766d6ea0e4c269047ccc074c29a7499aa92790929d2c"
		},
		"www.szhs001.com_2a8cd6062e0ae1cbf435766d6ea0e4c269047ccc074c29a7499aa92790929d2c": {
			"id": "www.szhs001.com_2a8cd6062e0ae1cbf435766d6ea0e4c269047ccc074c29a7499aa92790929d2c",
			"relation": "r_cert",
			"source": "www.szhs001.com",
			"target": "2a8cd6062e0ae1cbf435766d6ea0e4c269047ccc074c29a7499aa92790929d2c"
		},
		"szhs001.com_2a8cd6062e0ae1cbf435766d6ea0e4c269047ccc074c29a7499aa92790929d2c": {
			"id": "szhs001.com_2a8cd6062e0ae1cbf435766d6ea0e4c269047ccc074c29a7499aa92790929d2c",
			"relation": "r_cert",
			"source": "szhs001.com",
			"target": "2a8cd6062e0ae1cbf435766d6ea0e4c269047ccc074c29a7499aa92790929d2c"
		},
		"www.cnyhsd.com_2a8cd6062e0ae1cbf435766d6ea0e4c269047ccc074c29a7499aa92790929d2c": {
			"id": "www.cnyhsd.com_2a8cd6062e0ae1cbf435766d6ea0e4c269047ccc074c29a7499aa92790929d2c",
			"relation": "r_cert",
			"source": "www.cnyhsd.com",
			"target": "2a8cd6062e0ae1cbf435766d6ea0e4c269047ccc074c29a7499aa92790929d2c"
		},
		"cnyhsd.com_5_180_97_54": {
			"id": "cnyhsd.com_5_180_97_54",
			"relation": "r_dns_a",
			"source": "cnyhsd.com",
			"target": "5.180.97.54"
		},
		"whanjiahe.com_www.whanjiahe.com": {
			"id": "whanjiahe.com_www.whanjiahe.com",
			"relation": "r_subdomain",
			"source": "whanjiahe.com",
			"target": "www.whanjiahe.com"
		},
		"cnyhsd.com_www.cnyhsd.com": {
			"id": "cnyhsd.com_www.cnyhsd.com",
			"relation": "r_subdomain",
			"source": "cnyhsd.com",
			"target": "www.cnyhsd.com"
		},
		"nfcultrue.com_www.nfcultrue.com": {
			"id": "nfcultrue.com_www.nfcultrue.com",
			"relation": "r_subdomain",
			"source": "nfcultrue.com",
			"target": "www.nfcultrue.com"
		},
		"apruitai.com_www.apruitai.com": {
			"id": "apruitai.com_www.apruitai.com",
			"relation": "r_subdomain",
			"source": "apruitai.com",
			"target": "www.apruitai.com"
		},
		"xlsddgg.com_www.xlsddgg.com": {
			"id": "xlsddgg.com_www.xlsddgg.com",
			"relation": "r_subdomain",
			"source": "xlsddgg.com",
			"target": "www.xlsddgg.com"
		},
		"szhs001.com_www.szhs001.com": {
			"id": "szhs001.com_www.szhs001.com",
			"relation": "r_subdomain",
			"source": "szhs001.com",
			"target": "www.szhs001.com"
		},
		"www.apruitai.com_2a8cd6062e0ae1cbf435766d6ea0e4c269047ccc074c29a7499aa92790929d2c": {
			"id": "www.apruitai.com_2a8cd6062e0ae1cbf435766d6ea0e4c269047ccc074c29a7499aa92790929d2c",
			"relation": "r_cert",
			"source": "www.apruitai.com",
			"target": "2a8cd6062e0ae1cbf435766d6ea0e4c269047ccc074c29a7499aa92790929d2c"
		},
		"apruitai.com_5_180_97_54": {
			"id": "apruitai.com_5_180_97_54",
			"relation": "r_dns_a",
			"source": "apruitai.com",
			"target": "5.180.97.54"
		},
		"www.mainzszrhy.com_2a8cd6062e0ae1cbf435766d6ea0e4c269047ccc074c29a7499aa92790929d2c": {
			"id": "www.mainzszrhy.com_2a8cd6062e0ae1cbf435766d6ea0e4c269047ccc074c29a7499aa92790929d2c",
			"relation": "r_cert",
			"source": "www.mainzszrhy.com",
			"target": "2a8cd6062e0ae1cbf435766d6ea0e4c269047ccc074c29a7499aa92790929d2c"
		},
		"2a8cd6062e0ae1cbf435766d6ea0e4c269047ccc074c29a7499aa92790929d2c_7fc8c5263f0826b13eed1639957cef03f65964464e5b666b3eb3505696bbc73e": {
			"id": "2a8cd6062e0ae1cbf435766d6ea0e4c269047ccc074c29a7499aa92790929d2c_7fc8c5263f0826b13eed1639957cef03f65964464e5b666b3eb3505696bbc73e",
			"relation": "r_certchain",
			"source": "2a8cd6062e0ae1cbf435766d6ea0e4c269047ccc074c29a7499aa92790929d2c",
			"target": "7fc8c5263f0826b13eed1639957cef03f65964464e5b666b3eb3505696bbc73e"
		}
	},
	"extend_path": [{
		"type": "Domain"
	}, {
		"type": "IP"
	}, {
		"type": "Domain"
	}, {
		"type": "IP"
	}, {
		"type": "Cert_SHA256"
	}, {
		"type": "Domain"
	}, {
		"type": "Domain"
	}, {
		"type": "IP"
	}, {
		"type": "node",
		"nodeInfo": [{
			"name": "2a8cd6062e0ae1cbf435766d6ea0e4c269047ccc074c29a7499aa92790929d2c",
			"type": "Cert_SHA256",
			"page": 1
		}]
	}, {
		"type": "Domain"
	}, {
		"type": "Domain"
	}, {
		"type": "node",
		"nodeInfo": [
			[{
				"name": "2a8cd6062e0ae1cbf435766d6ea0e4c269047ccc074c29a7499aa92790929d2c",
				"type": "Cert_SHA256",
				"page": 2
			}]
		]
	}, {
		"type": "Domain"
	}, {
		"type": "Domain"
	}, {
		"type": "node",
		"nodeInfo": [
			[{
				"name": "2a8cd6062e0ae1cbf435766d6ea0e4c269047ccc074c29a7499aa92790929d2c",
				"type": "Cert_SHA256",
				"page": 3
			}]
		]
	}, {
		"type": "Domain"
	}, {
		"type": "Domain"
	}, {
		"type": "node",
		"nodeInfo": [
			[{
				"name": "5.180.97.0/24",
				"type": "IP_CIDR",
				"page": 0
			}]
		]
	}, {
		"type": "node",
		"nodeInfo": [
			[{
				"name": "2a8cd6062e0ae1cbf435766d6ea0e4c269047ccc074c29a7499aa92790929d2c",
				"type": "Cert_SHA256",
				"page": 4
			}]
		]
	}, {
		"type": "Domain"
	}]
}
